sensor_id,hour,reading_c
S-04,9,31.789
S-01,15,31.331
S-03,9,18.624
S-02,4,31.292
S-01,6,31.006
S-04,9,14.764
S-02,13,17.209
S-04,8,17.223
S-02,3,18.218
S-03,22,33.835
S-02,13,34.654
S-03,22,17.006
S-04,8,22.904
S-02,1,21.260
S-04,8,30.769
S-02,5,15.139
S-04,12,32.212
S-01,6,19.165
S-03,12,0.000
S-02,9,29.571
S-02,8,22.055
S-03,3,17.016
S-04,4,30.943
S-02,10,32.603
S-01,17,31.115
S-03,15,17.251
S-03,20,0.000
S-01,2,20.006
S-03,13,0.000
S-01,10,17.702
S-01,13,15.276
S-03,9,29.942
S-01,2,19.424
S-04,17,34.348
S-01,6,28.095
S-02,19,18.567
S-02,13,36.691
S-01,16,20.359
S-03,16,36.001
S-02,21,20.335
S-04,0,18.986
S-03,18,0.000
S-01,8,21.082
S-02,17,19.760
S-02,12,12.831
S-04,16,30.013
S-02,21,31.427
S-02,15,19.983
S-03,22,31.961
S-01,22,33.090
S-01,22,33.153
S-03,8,17.328
S-02,13,21.194
S-02,8,15.652
S-04,18,17.277
S-01,18,19.098
S-02,10,15.087
S-02,18,36.653
S-01,4,28.161
S-04,4,28.001
S-04,19,33.892
S-02,13,16.710
S-02,19,32.340
S-02,10,29.431
S-01,5,33.708
S-04,14,33.033
S-04,2,33.230
S-02,12,14.780
S-02,20,30.008
S-02,4,17.614
S-01,20,17.315
S-01,20,14.467
S-01,0,19.490
S-01,12,13.140
S-01,8,15.573
S-03,8,30.061
S-03,11,19.467
S-04,10,17.315
S-03,14,0.000
S-03,9,15.927
S-03,17,14.379
S-04,2,20.415
S-01,11,18.403
S-04,16,20.737
S-01,17,31.659
S-03,14,18.188
S-02,2,32.094
S-01,23,13.979
S-04,21,28.885
S-02,10,21.391
S-02,21,30.897
S-01,17,34.303
S-01,15,19.224
S-03,1,35.168
S-04,1,33.283
S-01,15,29.368
S-02,17,18.544
S-01,17,21.266
S-04,8,33.046
S-03,6,17.794
S-02,11,22.161
S-02,18,30.990
S-02,4,33.004
S-01,10,15.048
S-01,3,19.512
S-04,11,20.655
S-02,21,22.672
S-02,22,19.903
S-01,6,33.376
S-02,19,17.536
S-04,4,32.386
S-03,5,17.362
S-03,9,15.502
S-03,12,35.363
S-03,5,0.000
S-04,12,13.926
S-02,23,15.912
S-03,22,36.037
S-02,23,30.229
S-04,18,18.816
S-04,5,17.497
S-03,15,29.049
S-01,13,32.247
S-03,19,17.025
S-04,13,33.878
S-03,4,24.309
S-02,15,19.219
S-01,7,29.081
S-03,13,0.000
S-01,2,32.371
S-02,10,18.621
S-04,4,18.147
S-03,16,28.352
S-03,21,30.141
S-03,7,29.870
S-01,10,19.166
S-02,15,17.928
S-01,3,21.433
S-03,0,30.032
S-03,20,18.888
S-03,21,17.197
S-03,15,31.008
S-02,23,15.311
S-03,17,20.965
S-03,21,29.796
S-02,8,21.606
S-04,8,20.014
S-01,11,14.891
S-03,20,0.000
S-03,14,17.364
S-01,14,30.516
S-04,4,29.489
S-02,13,13.240
S-03,20,32.024
S-04,21,30.676
S-01,20,16.077
S-04,18,19.571
S-03,19,18.565
S-01,0,37.201
S-01,10,36.815
S-01,9,20.915
S-01,10,20.075
S-02,14,31.134
S-01,16,20.011
S-01,22,14.888
S-02,15,20.133
S-02,21,16.296
S-03,4,34.791
S-02,19,18.541
S-03,4,32.694
S-01,14,36.175
S-02,13,20.009
S-01,9,15.910
S-02,3,19.184
S-03,8,31.842
S-03,19,32.450
S-04,14,18.803
S-02,1,26.716
S-03,23,34.514
S-02,11,33.741
S-01,5,31.831
S-02,23,20.704
S-02,12,20.962
S-04,9,18.048
S-04,12,18.351
S-03,14,18.060
S-04,6,32.019
S-03,3,17.042
S-04,6,29.866
S-03,17,25.867
S-01,9,19.718
S-01,17,32.112
S-03,9,0.000
S-04,11,17.844
S-02,14,19.197
S-03,8,22.354
S-02,2,21.012
S-01,23,16.482
S-03,13,0.000
S-01,2,30.789
S-02,4,30.792
S-03,20,22.543
S-02,16,15.413
S-01,1,30.454
S-04,6,19.984
S-02,11,21.047
S-03,5,0.000
S-02,16,16.781
S-03,23,29.704
S-03,21,29.276
S-03,19,22.373
S-03,16,15.676
S-04,0,18.862
S-02,6,30.223
S-03,0,18.982
S-04,18,17.904
S-01,6,21.002
S-03,13,15.065
S-04,0,31.875
S-01,16,18.977
S-02,12,22.171
S-03,14,18.493
S-02,13,33.175
S-01,12,31.134
S-04,4,20.643
S-03,2,0.000
S-04,12,20.436
S-01,20,19.264
S-02,8,21.636
S-04,13,31.836
S-02,13,19.045
S-01,13,30.069
S-01,3,14.575
S-02,7,32.770
S-02,15,17.785
S-04,1,19.364
S-02,5,17.807
S-01,5,30.124
S-01,15,16.470
S-02,6,29.617
S-02,11,19.833
S-03,7,32.146
S-01,2,16.733
S-01,8,34.069
S-02,8,19.874
S-04,16,30.352
S-02,18,37.517
S-03,7,32.575
S-02,1,18.234
S-04,12,27.118
S-04,9,17.839
S-01,2,14.915
S-01,15,16.600
S-04,14,17.052
S-02,17,18.160
S-03,16,32.763
S-01,15,32.437
S-03,4,14.301
S-03,1,15.896
S-04,13,32.994
S-01,22,25.105
S-02,15,31.695
S-02,21,31.198
S-02,3,15.564
S-03,9,27.297
S-02,1,19.133
S-01,7,32.912
S-03,14,0.000
S-03,16,31.025
S-03,17,29.307
S-02,6,17.894
S-03,9,15.821
S-03,9,29.725
S-04,19,15.255
S-01,4,29.789
S-04,20,15.031
S-03,9,15.410
S-01,2,34.898
S-04,1,28.992
S-04,6,18.367
S-01,11,28.457
S-02,18,28.892
S-04,12,16.461
S-04,12,19.135
S-02,12,20.787
S-02,7,26.932
S-03,20,27.746
S-03,8,21.807
S-02,14,37.080
S-02,10,16.840
S-03,16,19.793
S-01,0,33.796
S-04,19,28.439
S-03,20,29.638
S-04,16,35.154
S-01,14,20.404
S-04,22,17.239
S-02,0,17.475
S-02,12,25.952
S-01,23,20.862
S-03,14,20.509
S-03,23,20.468
S-04,17,33.215
S-04,17,17.326
S-02,17,15.623
S-04,16,17.274
S-01,13,20.180
S-04,7,19.975
S-02,7,26.443
S-03,21,20.964
S-02,23,16.792
S-01,21,29.416
S-03,14,15.464
S-03,20,18.701
S-04,1,29.165
S-03,13,36.268
S-04,0,31.096
S-04,7,29.981
S-02,12,28.864
S-02,9,30.251
S-04,21,33.322
S-01,19,27.768
S-01,11,33.145
S-04,21,20.018
S-02,6,18.853
S-02,1,30.924
S-02,6,30.582
S-04,21,19.567
S-03,6,16.826
S-04,2,22.404
S-01,23,18.253
S-03,12,0.000
S-02,0,32.887
S-01,9,31.944
S-02,21,34.748
S-04,5,34.949
S-02,12,32.109
S-03,13,0.000
S-02,13,19.755
S-02,9,30.169
S-04,22,21.527
S-01,3,32.527
S-03,18,31.975
S-03,22,18.461
S-01,12,14.309
S-01,12,15.897
S-03,13,0.000
S-01,14,22.660
S-04,22,35.087
S-03,7,32.258
S-03,16,36.383
S-04,6,37.392
S-01,1,28.536
S-03,13,19.618
S-04,1,17.275
S-03,16,31.679
S-03,4,19.439
S-02,3,24.014
S-02,6,19.773
S-03,15,28.345
S-02,23,18.453
S-02,19,20.066
S-02,20,32.581
S-02,15,19.472
S-03,1,31.270
S-02,21,23.020
S-02,15,19.530
S-03,9,18.472
S-02,0,32.867
S-03,0,17.685
S-02,2,33.445
S-02,6,17.211
S-04,22,22.541
S-04,16,32.420
S-03,6,0.000
S-02,19,20.271
S-01,9,24.668
S-03,5,20.822
S-01,0,29.976
S-01,22,29.439
S-01,0,20.016
S-03,22,32.246
S-03,20,33.159
S-03,8,18.162
S-03,16,17.938
S-02,22,35.205
S-03,2,17.411
S-02,22,32.290
S-03,12,21.689
S-02,19,31.367
S-04,8,19.097
S-04,9,17.212
S-03,3,19.255
S-02,12,18.285
S-04,3,16.098
S-03,3,31.765
S-02,20,33.284
S-04,21,17.076
S-04,7,20.298
S-03,11,17.051
S-02,20,32.016
S-04,0,22.367
S-01,19,17.577
S-01,20,16.001
S-02,22,28.237
S-02,12,32.317
S-03,18,14.009
S-02,10,31.608
S-03,3,32.690
S-03,19,17.165
S-01,4,28.390
S-03,1,19.371
S-01,2,17.935
S-03,5,31.431
S-01,18,28.575
S-01,20,16.658
S-04,1,32.687
S-01,19,34.707
S-01,15,20.872
S-04,22,14.635
S-01,2,16.762
S-03,2,18.986
S-01,18,20.596
S-02,18,20.556
S-02,14,29.759
S-01,22,37.358
S-03,3,33.500
S-03,22,32.253
S-02,11,32.683
S-03,13,17.055
S-04,13,22.066
S-03,22,15.102
S-02,8,32.214
S-01,3,27.092
S-03,10,31.554
S-04,6,33.899
S-02,20,28.618
S-02,12,32.261
S-03,11,32.225
S-02,20,34.238
S-03,3,14.744
S-03,19,0.000
S-02,12,32.196
S-01,23,18.922
S-02,0,30.638
S-04,13,31.135
S-03,17,15.971
S-04,12,33.308
S-04,22,15.223
S-04,5,17.483
S-04,14,29.582
S-01,1,27.109
S-01,5,29.439
S-01,2,29.538
S-01,18,31.627
S-02,21,17.950
S-04,3,33.698
S-01,2,33.135
S-04,22,36.402
S-02,8,14.905
S-02,16,29.298
S-03,14,32.435
S-02,21,16.038
S-04,6,34.823
S-04,16,21.003
S-02,6,20.553
S-03,16,27.793
S-01,13,22.727
S-03,2,17.248
S-03,4,21.036
S-02,8,30.969
S-04,19,28.958
S-01,22,18.090
S-04,15,29.664
S-03,7,22.663
S-03,17,0.000
S-02,19,31.659
S-03,18,32.725
S-03,3,28.868
S-03,5,31.963
S-01,18,32.598
S-03,6,32.744
S-03,15,0.000
S-03,17,33.879
S-02,21,28.687
S-04,17,30.680
S-02,9,30.702
S-04,23,35.703
S-03,20,0.000
S-02,4,15.291
S-03,21,30.757
S-03,1,35.707
S-02,14,30.547
S-02,5,30.901
S-02,21,19.455
S-02,3,31.184
S-04,17,19.361
S-04,12,35.564
S-04,20,32.585
S-04,22,19.232
S-03,17,0.000
S-01,17,32.635
S-02,13,33.525
S-04,0,29.621
S-04,0,35.210
S-03,20,32.744
S-01,18,17.725
S-01,1,30.640
S-02,14,30.797
S-04,19,31.316
S-04,21,35.399
S-04,12,32.464
S-01,0,18.157
S-03,15,31.330
S-01,10,32.809
S-02,9,20.223
S-01,12,24.316
S-04,22,32.952
S-01,14,19.564
S-04,15,18.923
S-03,19,15.537
S-01,15,35.492
S-03,22,16.175
S-03,6,30.637
S-03,22,20.307
S-02,10,18.691
S-04,4,34.199
S-03,20,21.565
S-02,6,31.790
S-03,6,33.162
S-01,18,36.555
S-02,13,20.254
S-02,2,31.011
S-02,22,20.081
S-04,4,30.215
S-04,15,18.434
S-02,3,15.769
S-02,17,21.561
S-04,8,30.919
S-04,18,22.116
S-04,19,33.273
S-01,3,30.285
S-03,9,21.318
S-02,5,32.317
S-02,19,33.583
S-04,10,31.809
S-02,2,34.423
S-03,22,19.990
S-02,22,19.074
S-02,10,17.920
S-02,4,36.766
S-04,11,31.786
S-02,3,33.622
S-01,2,33.166
S-04,2,36.055
S-02,1,32.523
S-03,8,30.162
S-04,18,28.582
S-04,22,29.678
S-04,13,14.935
S-04,19,20.224
S-02,23,31.608
S-03,7,16.531
S-01,9,33.413
S-03,0,28.348
S-03,5,18.311
S-03,6,31.360
S-03,10,28.944
S-02,15,29.623
S-04,21,30.646
S-01,23,19.271
S-03,5,0.000
S-03,15,16.627
S-04,3,32.961
S-04,3,35.744
S-03,1,19.563
S-01,21,15.189
S-03,12,18.452
S-04,4,16.235
S-01,11,31.544
S-01,8,20.664
S-01,7,28.958
S-02,10,31.433
S-03,1,25.022
S-02,7,18.636
S-01,2,31.279
S-01,16,31.822
S-02,14,34.548
S-03,22,17.875
S-01,4,34.112
S-04,15,16.760
S-01,15,16.968
S-04,4,29.135
S-02,14,21.095
S-01,21,21.654
S-04,1,20.310
S-02,2,22.177
S-02,7,16.681
S-03,16,18.353
S-03,5,17.545
S-01,11,16.611
S-04,17,14.601
S-01,7,18.824
S-03,12,18.531
S-02,4,36.807
S-01,21,33.188
S-01,19,32.335
S-04,21,31.916
S-04,23,30.557
S-01,8,19.212
S-04,10,32.839
S-02,10,17.052
S-04,21,16.586
S-01,12,20.723
S-03,10,16.410
S-02,8,17.354
S-04,21,23.351
S-01,8,31.603
S-04,7,35.456
S-04,21,21.973
S-02,0,15.752
S-01,14,20.135
S-01,14,16.967
S-04,4,17.571
S-01,12,31.687
S-01,5,15.576
S-02,1,30.022
S-04,20,30.240
S-02,3,29.472
S-02,9,19.317
S-01,0,29.667
S-04,12,29.659
S-04,16,20.593
S-01,7,19.901
S-03,20,29.145
S-02,9,31.122
S-04,3,28.481
S-04,4,16.045
S-01,8,30.496
S-02,17,30.982
S-02,22,17.782
S-04,16,27.669
S-04,16,22.000
S-01,20,33.355
S-01,23,30.455
S-03,7,32.160
S-02,2,31.038
S-02,4,15.406
S-04,4,29.313
S-04,9,21.957
S-02,15,34.371
S-01,2,28.478
S-01,3,18.449
S-02,12,29.064
S-04,16,34.102
S-01,10,37.543
S-02,10,38.024
S-04,9,18.330
S-01,4,33.338
S-02,19,28.288
S-03,2,28.272
S-03,6,21.417
S-01,23,29.028
S-01,13,15.629
S-02,2,30.662
S-01,1,19.061
S-01,5,22.452
S-01,17,15.188
S-02,8,29.576
S-03,1,31.211
S-04,12,31.778
S-02,20,20.492
S-02,8,37.219
S-01,12,32.055
S-03,7,18.799
S-04,15,31.314
S-04,21,36.221
S-03,7,19.422
S-01,3,16.492
S-02,4,19.948
S-01,10,30.953
S-01,16,17.703
S-04,1,17.253
S-03,22,18.232
S-02,10,30.525
S-03,12,34.382
S-01,22,14.720
S-01,10,31.754
S-04,10,19.293
S-02,21,32.493
S-03,12,28.984
S-04,5,30.409
S-03,18,21.213
S-04,5,29.974
S-02,9,31.577
S-01,1,33.818
S-04,8,31.071
S-04,14,19.394
S-04,17,34.741
S-03,6,30.977
S-02,1,35.617
S-03,12,18.507
S-04,20,32.318
S-04,8,29.734
S-04,14,28.511
S-01,15,31.219
S-03,16,18.043
S-03,20,34.515
S-04,3,22.057
S-02,6,29.364
S-01,0,21.700
S-03,10,34.150
S-04,17,29.177
S-03,16,21.174
S-01,13,28.201
S-01,17,32.706
S-01,22,34.919
S-02,21,16.503
S-04,22,30.827
S-02,9,30.773
S-03,14,30.351
S-03,9,28.711
S-02,0,18.924
S-02,5,18.932
S-03,19,22.222
S-01,3,31.998
S-01,10,20.675
S-01,18,19.172
S-01,20,17.723
S-03,8,32.850
S-03,19,0.000
S-03,21,30.917
S-02,8,32.302
S-03,15,31.841
S-03,22,31.218
S-03,1,16.711
S-04,3,20.974
S-02,22,17.186
S-03,13,30.976
S-03,17,15.312
S-04,15,28.240
S-02,16,32.646
S-01,3,14.735
S-03,10,18.716
S-03,4,30.367
S-02,17,29.599
S-04,21,15.525
S-02,9,18.967
S-02,20,18.779
S-04,23,33.449
S-01,2,30.086
S-01,9,18.700
S-01,3,34.491
S-02,21,29.395
S-04,21,17.277
S-04,6,16.960
S-04,3,30.584
S-04,11,16.749
S-03,8,17.897
S-03,0,0.000
S-03,8,28.426
S-02,5,23.339
S-04,5,20.517
S-04,2,19.044
S-04,13,20.380
S-01,11,31.826
S-02,4,21.060
S-02,4,18.180
S-01,18,19.529
S-03,2,19.517
S-03,17,29.099
S-03,2,18.999
S-01,14,24.156
S-03,4,30.351
S-04,23,15.864
S-02,17,35.829
S-01,5,33.431
S-02,18,31.180
S-04,2,20.534
S-01,19,33.493
S-04,4,14.571
S-03,20,17.156
S-04,20,32.645
S-03,17,10.812
S-01,2,30.009
S-03,11,32.099
S-04,0,17.560
S-01,6,28.214
S-03,11,18.249
S-04,1,19.351
S-02,8,31.800
S-01,8,32.401
S-04,4,20.562
S-03,13,0.000
S-02,13,29.117
S-03,5,0.000
S-02,1,21.359
S-02,5,15.452
S-03,14,33.030
S-04,23,33.386
S-04,22,30.271
S-04,0,23.417
S-02,8,34.440
S-01,17,16.341
S-02,21,33.398
S-02,7,14.363
S-01,20,22.583
S-02,10,28.936
S-03,18,35.208
S-04,11,22.819
S-03,15,17.502
S-01,21,16.544
S-03,11,22.179
S-03,12,35.337
S-04,9,19.201
S-04,23,29.713
S-01,14,21.740
S-02,4,17.969
S-04,19,15.211
S-01,17,32.674
S-03,3,30.957
S-01,17,22.188
S-02,4,16.193
S-04,14,18.319
S-01,14,29.442
S-03,11,31.338
S-04,14,33.789
S-04,4,30.538
S-03,16,20.237
S-02,10,17.936
S-01,14,29.049
S-03,5,20.989
S-03,13,23.242
S-01,5,32.793
S-02,15,27.884
S-04,20,34.850
S-01,0,18.756
S-02,2,16.473
S-01,9,21.438
S-03,0,19.429
S-03,15,30.426
S-01,22,21.178
S-03,10,20.051
S-03,21,0.000
S-03,1,32.904
S-04,13,19.387
S-03,10,0.000
S-03,21,20.578
S-03,23,20.031
S-03,1,0.000
S-02,5,16.463
S-02,16,17.006
S-03,23,20.785
S-03,22,0.000
S-02,1,21.526
S-03,11,31.922
S-04,9,30.284
S-04,8,28.571
S-01,12,20.768
S-03,2,17.426
S-02,9,31.835
S-01,5,35.110
S-01,1,14.961
S-04,8,17.623
S-01,22,19.154
S-04,10,14.608
S-01,13,17.224
S-03,1,29.567
S-04,0,18.298
S-03,0,0.000
S-04,21,18.900
S-03,23,30.282
S-04,17,19.821
S-02,23,22.886
S-02,6,38.496
S-04,20,27.118
S-01,19,18.953
S-04,0,19.596
S-01,9,26.808
S-02,15,29.553
S-04,0,18.134
S-02,18,18.494
S-04,7,31.559
S-02,17,33.792
S-02,9,32.978
S-02,1,19.403
S-04,15,18.063
S-01,23,29.647
S-04,3,31.432
S-02,8,22.646
S-04,1,19.747
S-04,9,16.756
S-01,15,16.526
S-04,4,28.715
S-03,17,30.539
S-01,13,16.951
S-03,18,30.564
S-01,13,20.634
S-04,12,32.240
S-04,2,30.586
S-04,10,30.397
S-04,9,29.018
S-03,13,0.000
S-01,20,30.059
S-01,18,17.932
S-04,23,34.524
S-03,5,17.844
S-04,9,33.383
S-03,19,19.659
S-03,16,14.519
S-03,0,33.532
S-04,12,28.726
S-02,11,16.610
S-04,17,23.284
S-02,9,32.219
S-02,2,35.220
S-04,6,29.909
S-02,14,32.810
S-02,19,19.048
S-02,23,20.777
S-04,12,32.854
S-03,4,18.178
S-03,2,17.393
S-02,16,20.431
S-01,20,20.607
S-01,10,17.856
S-01,14,17.630
S-01,23,19.652
S-01,7,27.391
S-01,5,17.943
S-02,1,17.129
S-04,9,17.082
S-03,3,0.000
S-02,1,30.903
S-01,12,32.915
S-04,15,32.403
S-02,17,28.217
S-03,20,0.000
S-01,17,18.374
S-01,21,29.427
S-04,17,30.866
S-01,16,33.957
S-01,7,19.111
S-02,23,19.084
S-02,23,19.378
S-02,16,26.330
S-04,19,30.654
S-02,4,16.903
S-04,9,36.608
S-04,7,29.263
S-03,13,16.219
S-02,4,30.840
S-02,17,16.368
S-01,4,16.559
S-02,0,20.262
S-01,10,19.637
S-03,13,19.196
S-02,14,21.359
S-03,15,34.852
S-03,0,35.902
S-01,18,30.307
S-02,3,34.637
S-03,5,34.055
S-01,4,19.455
S-04,8,29.304
S-04,15,22.198
S-04,5,35.672
S-04,5,19.815
S-03,0,18.772
S-02,7,20.127
S-01,18,21.089
S-03,16,34.113
S-01,16,32.938
S-03,1,0.000
S-04,15,30.403
S-01,9,33.115
S-03,13,21.716
S-02,6,34.257
S-02,6,30.310
S-01,15,31.552
S-02,20,34.286
S-02,2,27.188
S-04,13,27.452
S-01,12,27.040
S-04,7,16.611
S-04,9,29.129
S-03,5,18.189
S-01,0,17.412
S-04,23,19.226
S-02,23,28.208
S-01,5,32.840
S-03,22,16.541
S-02,2,19.365
S-02,12,14.264
S-02,15,35.651
S-01,11,30.261
S-04,10,19.515
S-02,14,31.764
S-01,2,31.646
S-01,6,17.622
S-03,6,16.776
S-03,4,19.364
S-04,16,13.784
S-04,5,31.829
S-01,19,20.530
S-03,22,28.206
S-02,18,29.211
S-01,3,31.933
S-04,21,18.049
S-04,15,15.427
S-02,17,32.592
S-03,8,15.768
S-01,6,19.621
S-02,15,29.404
S-01,10,35.446
S-03,19,0.000
S-01,22,17.570
S-02,3,20.811
S-01,6,28.764
S-03,4,0.000
S-04,20,31.536
S-03,22,19.074
S-01,7,34.137
S-04,3,31.889
S-04,3,20.799
S-02,22,20.529
S-04,14,17.031
S-01,16,16.574
S-01,5,27.495
S-04,14,32.187
S-01,17,20.881
S-02,22,14.444
S-04,8,34.851
S-01,22,18.416
S-03,2,33.217
S-02,1,28.707
S-03,9,31.182
S-03,7,0.000
S-04,12,31.463
S-03,19,17.453
S-01,19,17.016
S-03,1,30.125
S-03,3,33.311
S-03,2,14.534
S-04,14,19.128
S-04,0,20.544
S-04,1,15.851
S-03,22,27.328
S-01,8,16.070
S-04,2,31.994
S-04,16,19.517
S-02,19,19.185
S-01,4,20.982
S-03,13,0.000
S-04,0,18.172
S-01,2,30.957
S-01,9,30.783
S-04,16,13.180
S-03,18,18.202
S-03,4,18.118
S-02,10,31.452
S-03,4,14.549
S-04,7,18.766
S-02,20,19.843
S-03,22,19.860
S-03,15,16.285
S-04,15,30.953
S-01,7,33.209
S-04,14,16.040
S-01,19,37.038
S-03,18,17.147
S-04,20,29.453
S-02,23,31.237
S-03,14,29.236
S-02,2,18.229
S-04,16,30.843
S-04,10,16.969
S-01,18,31.360
S-04,18,30.309
S-03,3,31.559
S-03,13,14.617
S-02,6,31.357
S-04,13,17.917
S-01,16,36.010
S-02,12,18.048
S-04,21,37.189
S-02,14,16.593
S-04,5,24.512
S-04,5,18.270
S-03,20,18.125
S-03,15,27.154
S-01,7,30.493
S-02,8,17.859
S-04,0,18.040
S-04,20,13.832
S-04,9,27.805
S-04,17,19.743
S-03,6,22.332
S-01,0,30.239
S-03,5,0.000
S-02,6,32.254
S-03,16,20.296
S-01,22,35.036
S-02,9,18.486
S-02,6,29.287
S-03,4,0.000
S-01,16,20.338
S-04,10,29.467
S-02,9,19.718
S-03,2,17.601
S-01,21,15.933
S-04,7,20.161
S-01,18,32.020
S-01,21,21.904
S-01,8,32.298
S-04,4,16.444
S-02,21,31.972
S-03,3,16.464
S-03,23,33.846
S-02,18,34.334
S-02,19,16.345
S-01,19,33.855
S-02,19,18.880
S-04,22,21.043
S-01,20,33.825
S-02,18,17.682
S-01,16,17.334
S-04,1,17.050
S-02,8,19.727
S-02,5,18.814
S-04,21,33.251
S-04,3,31.110
S-04,6,33.832
S-03,16,16.989
S-04,18,18.850
S-03,13,0.000
S-01,15,32.326
S-01,3,29.209
S-03,0,0.000
S-03,5,18.141
S-03,4,15.798
S-04,9,14.703
S-02,13,33.399
S-02,13,28.827
S-03,5,31.788
S-03,13,0.000
S-01,0,25.808
S-03,13,0.000
S-02,2,17.033
S-04,15,20.040
S-01,19,18.400
S-01,22,32.807
S-01,10,29.297
S-04,14,31.275
S-02,14,33.157
S-03,8,32.381
S-02,17,31.168
S-03,7,34.594
S-02,0,16.682
S-03,8,31.737
S-02,1,17.698
S-02,20,31.100
S-01,0,33.123
S-01,5,21.244
S-02,15,18.997
S-02,3,17.926
S-01,13,22.109
S-02,23,31.999
S-01,20,16.429
S-04,11,32.638
S-03,6,18.542
S-02,7,15.797
S-02,10,16.478
S-03,0,0.000
S-02,12,22.650
S-03,17,20.433
S-03,11,15.991
S-01,5,18.489
S-02,19,19.967
S-02,13,29.139
S-01,10,36.027
S-01,21,17.900
S-04,17,19.624
S-02,14,33.597
S-02,4,15.023
S-02,18,20.601
S-01,5,30.172
S-03,16,35.644
S-02,17,35.286
S-01,9,33.473
S-03,13,12.827
S-02,11,21.722
S-01,23,29.134
S-04,13,29.941
S-02,3,19.623
S-03,10,20.008
S-02,9,22.546
S-04,8,19.923
S-01,19,31.797
S-04,17,18.644
S-03,3,19.386
S-04,3,31.203
S-03,4,37.432
S-02,20,32.000
S-03,13,0.000
S-02,20,17.870
S-03,11,0.000
S-02,16,18.014
S-01,13,29.841
S-01,4,31.192
S-03,4,30.012
S-04,17,32.534
S-01,0,28.817
S-03,1,0.000
S-03,17,0.000
S-04,20,19.778
S-03,23,22.023
S-01,22,31.039
S-03,0,17.890
S-04,3,30.298
S-04,2,15.878
S-03,10,33.542
S-02,2,31.241
S-02,3,28.138
S-04,11,17.157
S-04,23,19.622
S-04,23,27.725
S-03,2,34.250
S-04,0,17.033
S-01,17,35.326
S-01,2,20.201
S-01,22,15.528
S-03,20,19.605
S-03,9,0.000
S-03,11,17.382
S-03,23,0.000
S-01,14,17.853
S-04,17,34.412
S-01,13,30.713
S-01,7,16.307
S-01,10,18.528
S-02,23,28.096
S-03,1,33.639
S-02,21,31.109
S-02,19,17.177
S-03,10,28.929
S-04,9,19.182
S-04,9,32.262
S-03,11,16.123
S-01,16,17.538
S-03,16,17.455
S-02,8,27.274
S-02,0,18.834
S-01,1,23.271
S-02,1,36.064
S-01,1,19.390
S-01,14,32.397
S-01,16,36.789
S-03,8,34.315
S-02,12,31.430
S-04,4,18.851
S-04,0,21.007
S-01,5,15.999
S-01,11,13.856
S-01,23,17.312
S-02,20,19.447
S-03,18,20.723
S-01,19,19.653
S-04,5,29.478
S-03,5,0.000
S-04,6,30.115
S-03,5,18.025
S-02,13,32.414
S-04,3,20.579
S-02,21,19.394
S-04,5,14.888
S-01,1,22.345
S-01,1,31.125
S-02,21,21.479
S-04,5,16.416
S-02,1,19.717
S-03,2,18.505
S-04,1,17.282
S-04,5,19.292
S-03,0,19.454
S-01,6,37.845
S-01,13,35.623
S-01,13,18.738
S-04,21,17.802
S-04,23,28.247
S-03,11,34.867
S-03,20,30.033
S-02,23,34.280
S-04,21,34.021
S-03,17,29.645
S-02,23,33.545
S-04,8,29.260
S-02,16,20.403
S-02,18,15.357
S-02,20,34.220
S-01,3,27.463
S-01,7,22.162
S-04,7,32.957
S-02,11,16.896
S-02,4,18.996
S-03,7,21.028
S-02,14,22.439
S-02,3,31.046
S-02,16,15.791
S-04,11,18.988
S-02,16,20.167
S-03,2,19.669
S-01,16,36.251
S-04,21,15.884
S-04,0,29.886
S-01,9,17.083
S-01,4,19.187
S-03,7,21.179
S-01,12,17.776
S-01,15,31.686
S-02,9,32.275
S-03,14,33.027
S-02,23,32.538
S-03,4,0.000
S-04,16,30.601
S-02,14,33.848
S-01,12,16.144
S-02,22,20.882
S-03,12,23.367
S-03,23,32.540
S-04,19,19.796
S-01,7,32.118
S-01,1,19.138
S-01,14,33.492
S-03,5,30.102
S-02,8,17.518
S-04,13,34.016
S-01,22,31.487
S-04,15,19.721
S-04,13,17.751
S-04,9,22.604
S-02,17,17.782
S-02,18,19.375
S-02,7,34.277
S-03,4,16.439
S-04,8,19.751
S-01,22,25.077
S-04,16,37.809
S-03,22,0.000
S-03,8,30.501
S-03,14,31.509
S-02,13,20.869
S-03,9,14.016
S-03,17,21.985
S-01,23,18.166
S-01,23,31.134
S-03,12,32.641
S-04,14,19.681
S-04,18,32.331
S-01,16,15.440
S-02,8,17.356
S-02,10,31.975
S-03,8,0.000
S-02,7,17.982
S-01,15,29.870
S-04,8,31.861
S-03,19,0.000
S-03,18,18.347
S-04,9,19.624
S-04,23,32.037
S-03,13,18.420
S-03,14,33.428
S-04,13,32.658
S-01,5,30.897
S-03,16,17.491
S-04,0,27.979
S-03,8,35.314
S-04,23,37.990
S-01,9,30.261
S-01,10,17.846
S-01,11,17.726
S-04,0,21.109
S-01,10,18.280
S-04,13,32.239
S-03,21,33.514
S-01,22,20.543
S-04,21,31.155
S-04,10,15.755
S-04,2,17.185
S-01,8,29.981
S-02,17,19.778
S-01,8,28.617
S-02,0,22.108
S-03,22,18.300
S-01,7,18.773
S-04,15,22.532
S-02,21,34.846
S-02,22,13.371
S-02,18,28.870
S-02,9,18.585
S-02,9,21.935
S-01,22,17.316
S-04,21,32.378
S-01,11,17.924
S-01,14,18.604
S-02,10,19.286
S-04,8,27.214
S-01,4,27.033
S-01,5,18.357
S-04,18,16.925
S-04,23,34.250
S-03,6,0.000
S-04,11,31.988
S-02,22,33.561
S-04,13,29.878
S-01,2,17.752
S-03,9,32.681
S-03,2,32.319
S-02,10,20.114
S-04,9,17.882
S-01,6,34.194
S-03,19,16.227
S-04,18,30.249
S-03,18,14.544
S-04,13,30.006
S-03,22,0.000
S-02,3,26.931
S-02,1,34.250
S-04,21,18.647
S-01,16,30.158
S-01,1,15.324
S-02,0,19.780
S-04,18,30.481
S-04,10,29.314
S-02,19,18.218
S-03,19,0.000
S-02,7,31.517
S-03,4,20.018
S-04,4,33.750
S-03,4,29.685
S-04,13,19.350
S-01,11,20.176
S-02,1,24.796
S-01,1,21.877
S-04,11,30.666
S-03,7,21.791
S-02,15,33.820
S-04,17,32.364
S-04,15,19.280
S-02,19,35.056
S-04,16,29.308
S-04,5,15.969
S-02,0,19.134
S-04,7,22.594
S-03,10,32.252
S-01,0,31.833
S-01,7,17.264
S-04,6,30.760
S-01,13,22.152
S-04,21,33.867
S-02,14,30.083
S-01,21,33.692
S-04,19,30.947
S-03,0,32.911
S-01,3,32.274
S-01,12,17.703
S-03,12,18.615
S-03,21,29.981
S-04,3,20.689
S-04,12,21.074
S-01,10,29.390
S-03,13,32.816
S-01,8,16.003
S-04,23,31.508
S-04,19,29.266
S-03,11,32.822
S-01,11,18.589
S-02,2,32.924
S-04,11,29.421
S-02,9,33.459
S-04,12,19.930
S-01,14,34.119
S-04,12,37.162
S-01,5,32.422
S-01,8,33.955
S-01,6,18.863
S-04,0,19.440
S-01,5,16.022
S-01,1,20.357
S-02,21,29.826
S-04,22,34.810
S-02,11,33.684
S-03,8,29.017
S-04,22,35.857
S-03,0,29.361
S-02,17,33.469
S-03,2,14.876
S-04,1,13.826
S-02,13,27.159
S-01,13,33.033
S-04,21,30.651
S-01,7,32.204
S-02,1,31.499
S-02,12,29.325
S-01,10,31.984
S-01,20,32.658
S-02,19,16.138
S-03,4,31.040
S-01,7,17.739
S-01,1,26.967
S-01,23,29.754
S-01,11,31.642
S-03,14,34.998
S-01,16,28.636
S-02,3,32.298
S-04,13,32.629
S-01,12,21.668
S-03,8,19.864
S-04,1,31.371
S-02,4,19.556
S-01,2,19.138
S-04,18,34.883
S-01,14,31.022
S-01,15,32.087
S-03,5,31.114
S-04,6,20.745
S-04,0,29.758
S-03,21,17.940
S-02,15,26.699
S-02,8,18.041
S-04,3,31.860
S-03,4,31.473
S-03,8,30.633
S-01,10,30.414
S-04,11,36.280
S-04,8,34.278
S-03,18,32.333
S-02,16,16.570
S-03,22,0.000
S-04,23,15.353
S-03,15,15.697
S-03,23,0.000
S-01,2,34.987
S-03,4,32.148
S-03,3,31.300
S-04,20,36.131
S-04,13,36.371
S-03,18,21.121
S-02,15,29.638
S-02,18,19.787
S-01,19,17.371
S-04,12,23.223
S-03,19,20.168
S-03,13,34.514
S-03,19,0.000
S-03,13,15.630
S-04,20,18.595
S-02,7,32.003
S-03,10,29.861
S-03,15,30.701
S-01,12,23.263
S-04,23,27.707
S-04,11,16.898
S-03,11,31.098
S-04,13,31.045
S-04,20,20.946
S-01,21,18.915
S-02,9,30.762
S-01,15,31.830
S-02,15,30.501
S-03,21,33.247
S-03,16,17.257
S-01,15,29.022
S-04,12,32.984
S-01,5,17.296
S-04,23,35.057
S-03,2,0.000
S-02,3,35.339
S-03,16,0.000
S-01,18,17.734
S-02,12,35.952
S-03,20,19.447
S-01,17,18.252
S-03,0,27.502
S-03,21,34.888
S-01,19,31.520
S-03,22,0.000
S-01,5,19.555
S-03,15,17.661
S-02,18,15.904
S-03,3,0.000
S-01,7,28.281
S-03,17,30.623
S-02,23,30.100
S-03,16,20.764
S-01,23,30.136
S-03,5,15.115
S-04,0,19.196
S-02,18,17.476
S-04,7,19.979
S-01,18,33.026
S-04,1,18.427
S-04,6,17.846
S-04,12,16.147
S-03,16,18.693
S-01,20,33.481
S-01,16,32.184
S-02,0,32.040
S-04,18,20.242
S-03,7,29.995
S-01,4,21.840
S-02,6,27.574
S-03,1,31.791
S-03,19,30.742
S-01,2,31.705
S-02,3,21.694
S-02,2,17.179
S-04,20,14.081
S-04,3,20.614
S-03,17,37.300
S-02,9,31.650
S-01,18,32.097
S-01,0,18.084
S-04,15,29.045
S-01,10,34.613
S-03,9,17.045
S-04,11,29.676
S-01,21,19.778
S-02,19,16.991
S-01,14,18.518
S-01,1,35.265
S-04,22,30.033
S-01,11,30.984
S-02,22,16.233
S-03,17,37.411
S-01,12,29.874
S-03,7,30.949
S-02,5,18.374
S-04,1,23.405
S-04,17,35.636
S-04,23,18.334
S-02,19,18.033
S-04,1,33.764
S-03,0,19.029
S-02,16,26.885
S-01,14,30.694
S-03,3,22.016
S-04,11,28.506
S-02,22,20.965
S-02,14,27.264
S-04,23,16.715
S-03,1,35.530
S-03,10,19.886
S-02,6,15.201
S-04,18,32.887
S-03,0,30.000
S-02,1,25.819
S-02,3,17.697
S-02,13,15.743
S-04,22,30.222
S-03,17,30.522
S-03,12,27.672
S-03,9,30.806
S-04,9,21.731
S-02,9,22.422
S-04,23,21.578
S-01,12,20.252
S-01,11,20.373
S-01,17,20.281
S-01,5,18.862
S-03,6,0.000
S-03,11,29.921
S-04,1,17.851
S-04,8,20.588
S-01,21,33.647
S-03,13,30.952
S-02,0,32.981
S-03,6,33.991
S-04,11,28.820
S-04,23,16.956
S-01,2,32.108
S-03,17,0.000
S-01,15,33.482
S-01,5,30.102
S-02,9,31.319
S-03,10,18.248
S-01,5,30.304
S-03,9,26.893
S-03,11,0.000
S-04,4,19.910
S-01,22,34.611
S-01,15,26.162
S-01,7,33.819
S-02,1,30.291
S-02,20,18.386
S-03,15,29.015
S-03,18,31.563
S-04,10,35.789
S-01,10,14.897
S-02,11,21.337
S-01,23,17.267
S-01,6,21.271
S-04,7,31.874
S-02,15,34.122
S-01,9,18.491
S-04,23,30.044
S-03,21,29.615
S-01,10,32.200
S-01,21,15.298
S-03,22,30.236
S-02,5,16.240
S-03,18,0.000
S-01,7,27.504
S-03,14,31.303
S-04,17,20.058
S-01,15,19.062
S-02,17,32.782
S-03,10,22.120
S-01,16,24.038
S-01,19,30.930
S-03,7,0.000
S-02,3,34.602
S-02,3,36.369
S-01,15,30.533
S-01,11,30.588
S-03,14,0.000
S-03,6,0.000
S-01,6,34.866
S-03,11,21.144
S-03,14,30.354
S-01,20,17.152
S-01,21,35.377
S-03,15,28.540
S-01,11,28.228
S-04,12,21.675
S-01,3,30.630
S-03,19,32.954
S-02,20,31.583
S-03,6,0.000
S-01,19,20.123
S-03,14,36.318
S-01,12,15.546
S-02,22,16.806
S-01,7,14.639
S-03,19,0.000
S-02,1,28.640
S-03,11,20.544
S-02,16,18.917
S-02,5,34.293
S-03,20,30.281
S-04,3,28.335
S-04,9,20.851
S-03,2,20.101
S-01,14,20.135
S-02,11,31.942
S-02,19,30.793
S-03,3,19.466
S-01,23,19.543
S-01,15,14.612
S-03,22,32.644
S-02,0,36.498
S-02,12,23.485
S-03,18,17.105
S-03,20,19.824
S-03,11,0.000
S-02,22,28.725
S-01,1,19.078
S-04,21,31.266
S-02,5,30.984
S-01,5,18.017
S-04,7,14.899
S-03,23,30.865
S-04,14,21.874
S-04,4,21.535
S-04,2,16.238
S-02,6,33.269
S-01,1,16.005
S-02,20,15.509
S-01,1,20.280
S-02,12,17.912
S-04,15,18.787
S-02,23,17.285
S-04,22,32.076
S-01,22,27.881
S-01,9,32.263
S-02,7,30.076
S-03,6,32.007
S-03,1,32.153
S-03,23,29.775
S-03,7,16.697
S-04,23,33.838
S-01,9,25.446
S-03,5,31.955
S-01,23,17.083
S-01,22,16.851
S-04,11,31.270
S-04,11,15.419
S-03,16,30.998
S-01,19,16.221
S-01,0,29.727
S-03,15,22.639
S-04,13,15.325
S-04,15,17.963
S-01,14,18.011
S-01,19,25.852
S-03,19,15.926
S-01,7,38.175
S-02,19,29.534
S-03,13,18.829
S-01,2,31.799
S-03,11,32.567
S-02,3,19.720
S-01,3,15.464
S-02,5,27.961
S-01,1,30.844
S-01,17,30.518
S-02,16,35.329
S-01,6,27.170
S-02,12,30.676
S-04,13,33.255
S-03,19,22.362
S-02,19,22.768
S-04,18,16.991
S-04,10,16.595
S-04,23,19.667
S-03,9,0.000
S-01,13,20.927
S-03,18,18.124
S-01,6,33.159
S-02,18,32.008
S-04,20,20.822
S-03,13,33.408
S-03,12,30.953
S-01,8,33.118
S-02,18,16.312
S-04,11,26.803
S-03,18,29.310
S-01,23,16.339
S-04,21,21.136
S-02,6,31.774
S-04,18,29.559
S-02,0,18.085
S-04,0,17.314
S-01,7,35.746
S-03,17,17.845
S-03,21,19.839
S-03,7,14.490
S-02,22,33.617
S-04,22,17.016
S-03,12,0.000
S-02,1,21.253
S-02,18,20.148
S-01,6,17.930
S-01,14,32.732
S-04,15,35.422
S-02,3,18.142
S-02,0,29.307
S-04,10,29.365
S-03,3,31.928
S-04,2,30.661
S-02,2,23.229
S-04,9,20.364
S-04,21,31.180
S-01,18,33.927
S-02,6,30.079
S-03,0,19.422
S-02,20,28.339
S-02,10,20.490
S-04,22,22.721
S-04,0,33.113
S-03,0,17.235
S-04,0,19.695
S-02,21,16.661
S-02,0,16.657
S-04,7,19.490
S-03,21,22.016
S-04,1,19.933
S-04,13,15.651
S-02,13,18.177
S-03,19,31.864
S-04,13,16.144
S-01,4,20.044
S-03,0,20.285
S-01,4,32.356
S-04,19,31.678
S-03,16,18.192
S-02,6,30.730
S-03,21,17.042
S-02,23,33.110
S-01,4,33.838
S-04,2,32.057
S-03,16,0.000
S-01,18,28.379
S-01,22,16.580
S-03,2,0.000
S-01,7,17.680
S-01,12,15.727
S-01,15,32.220
S-04,13,15.137
S-01,14,34.643
S-03,8,0.000
S-04,16,30.672
S-03,5,29.701
S-04,18,17.198
S-02,13,17.439
S-04,8,16.622
S-04,2,30.582
S-04,1,33.056
S-01,21,35.855
S-01,14,20.790
S-01,12,20.280
S-01,17,21.172
S-03,17,21.164
S-02,19,29.854
S-02,3,16.474
S-03,0,0.000
S-01,4,32.846
S-03,11,13.466
S-03,4,38.196
S-04,10,19.504
S-03,1,18.929
S-02,10,19.770
S-02,16,15.223
S-04,2,14.068
S-03,3,30.349
S-02,10,15.698
S-02,0,29.299
S-02,3,32.001
S-02,16,21.949
S-03,5,32.949
S-04,23,19.313
S-04,21,27.047
S-01,9,29.479
S-01,17,32.394
S-02,1,30.004
S-02,19,34.479
S-01,20,20.940
S-02,2,16.791
S-02,8,30.021
S-03,12,17.248
S-04,6,20.094
S-01,11,18.758
S-03,18,17.253
S-04,11,19.512
S-01,9,37.370
S-04,23,19.402
S-02,15,31.127
S-01,4,17.894
S-02,1,13.736
S-02,21,30.142
S-03,22,20.122
S-02,2,34.482
S-01,21,20.917
S-04,17,36.458
S-03,11,16.647
S-03,14,16.394
S-01,5,33.550
S-04,0,21.862
S-02,5,20.315
S-01,7,34.132
S-03,23,22.528
S-01,7,27.415
S-03,16,33.518
S-01,8,27.626
S-03,1,32.987
S-04,9,19.957
S-02,21,18.796
S-02,22,20.881
S-02,22,18.560
S-01,0,16.963
S-02,8,31.976
S-02,1,35.771
S-03,12,18.190
S-02,17,29.815
S-02,5,14.719
S-01,18,34.671
S-01,12,16.506
S-04,0,17.883
S-03,17,16.994
S-01,7,26.306
S-03,15,16.959
S-04,17,31.161
S-03,20,17.966
S-02,4,21.823
S-02,8,20.959
S-04,16,17.741
S-02,0,33.218
S-02,14,31.570
S-03,23,16.157
S-03,2,22.840
S-02,9,19.169
S-01,11,29.307
S-03,11,27.933
S-01,12,28.916
S-01,12,31.596
S-02,7,29.939
S-01,17,19.752
S-04,20,38.070
S-01,23,18.171
S-01,11,32.242
S-01,20,33.121
S-02,0,17.394
S-01,15,28.279
S-04,15,21.606
S-01,8,17.956
S-04,8,17.271
S-02,3,27.001
S-04,4,15.328
S-03,0,39.298
S-03,3,19.028
S-01,19,30.788
S-04,0,30.636
S-01,5,18.140
S-04,13,29.096
S-04,10,30.451
S-02,4,31.400
S-02,2,33.812
S-04,15,34.402
S-02,17,18.920
S-01,3,19.528
S-03,17,29.276
S-01,19,32.675
S-02,23,29.405
S-04,19,32.178
S-01,18,20.622
S-04,7,27.076
S-02,5,17.429
S-02,14,33.022
S-03,22,18.249
S-01,3,37.656
S-02,0,30.855
S-02,11,18.922
S-04,11,31.357
S-02,15,19.240
S-02,2,18.548
S-04,4,29.501
S-04,1,33.163
S-01,1,29.106
S-03,20,25.164
S-03,12,13.721
S-03,21,0.000
S-02,12,16.389
S-02,5,31.582
S-02,11,20.926
S-01,3,14.350
S-03,11,0.000
S-01,13,33.150
S-04,20,18.767
S-04,11,32.568
S-04,13,32.679
S-03,15,18.119
S-04,11,22.113
S-04,0,33.274
S-01,3,18.889
S-04,22,33.942
S-03,11,33.102
S-03,18,18.739
S-02,19,20.504
S-02,8,33.913
S-03,19,32.996
S-04,16,33.095
S-03,13,19.957
S-02,6,36.865
S-02,21,16.115
S-03,14,0.000
S-04,21,16.086
S-02,2,16.231
S-04,1,35.333
S-04,17,17.974
S-02,5,32.081
S-02,15,19.468
S-04,5,20.148
S-02,5,32.490
S-03,10,19.323
S-04,11,32.174
S-04,14,30.109
S-01,13,34.739
S-01,2,23.703
S-03,22,32.356
S-03,9,30.165
S-04,6,21.898
S-01,14,18.935
S-04,14,14.982
S-01,11,29.787
S-01,23,17.902
S-01,9,16.377
S-04,17,31.002
S-01,12,30.224
S-02,1,20.504
S-01,16,32.517
S-01,5,28.393
S-03,5,18.808
S-01,13,32.053
S-01,7,30.373
S-03,6,15.993
S-03,13,27.664
S-03,11,18.529
S-04,11,32.185
S-03,9,0.000
S-04,11,19.858
S-02,23,30.443
S-03,20,33.433
S-04,22,38.503
S-01,7,20.956
S-02,18,37.265
S-02,22,17.063
S-01,12,15.494
S-01,16,16.832
S-03,8,0.000
S-04,3,33.839
S-02,11,20.399
S-02,16,29.116
S-02,7,18.079
S-02,5,30.085
S-04,1,31.481
S-04,0,32.345
S-01,18,35.035
S-03,23,31.371
S-04,1,34.128
S-03,2,22.987
S-03,6,27.815
S-04,9,19.754
S-03,23,17.279
S-01,6,30.958
S-02,4,19.258
S-04,16,17.666
S-03,9,19.280
S-04,20,16.043
S-03,14,19.132
S-03,18,0.000
S-03,1,0.000
S-02,22,29.994
S-02,9,18.979
S-04,14,34.369
S-03,12,23.142
S-03,11,0.000
S-02,22,32.492
S-02,14,21.138
S-01,12,18.104
S-02,7,21.094
S-01,0,15.672
S-02,13,35.085
S-02,9,30.951
S-02,20,18.806
S-02,1,31.729
S-01,3,18.366
S-01,13,31.174
S-03,17,28.587
S-04,4,17.000
S-04,14,33.705
S-01,23,31.728
S-04,17,18.229
S-04,6,32.548
S-02,10,30.902
S-03,21,30.603
S-03,8,25.186
S-04,18,32.273
S-01,9,26.815
S-02,11,19.918
S-02,18,19.647
S-01,1,32.037
S-01,22,30.343
S-04,10,15.065
S-04,13,18.613
S-04,20,32.168
S-04,16,31.035
S-02,23,18.565
S-04,12,30.458
S-02,7,19.914
S-01,21,26.336
S-01,7,34.021
S-04,22,15.697
S-04,21,31.441
S-04,22,30.344
S-03,12,19.465
S-04,22,16.667
S-02,8,26.671
S-04,23,27.898
S-03,12,32.058
S-02,23,18.729
S-01,13,29.116
S-03,22,31.228
S-02,11,34.193
S-01,4,18.000
S-02,17,28.611
S-02,7,20.790
S-02,6,21.342
S-02,5,17.404
S-04,17,18.949
S-04,13,16.550
S-02,18,27.202
S-04,20,20.116
S-01,20,35.565
S-02,17,18.367
S-02,19,14.472
S-01,9,33.945
S-04,18,15.447
S-01,19,18.576
S-01,20,33.352
S-02,0,16.502
S-04,10,33.044
S-02,13,18.298
S-04,18,18.975
S-02,8,18.160
S-02,13,32.602
S-03,4,18.374
S-01,7,19.485
S-02,10,33.288
S-03,8,20.505
S-04,11,18.143
S-01,21,31.888
S-02,18,28.584
S-02,9,22.398
S-04,0,15.775
S-01,14,21.036
S-01,14,18.509
S-02,17,12.075
S-04,22,34.421
S-04,6,15.152
S-01,9,30.668
S-04,0,17.169
S-03,19,31.369
S-01,13,20.559
S-01,3,34.524
S-04,19,30.311
S-02,3,30.767
S-02,11,33.700
S-01,18,34.522
S-04,6,28.399
S-03,21,16.392
S-03,11,0.000
S-03,20,26.903
S-03,0,33.247
S-02,14,19.037
S-04,11,30.445
S-03,15,27.535
S-02,17,15.317
S-01,12,30.858
S-04,0,17.724
S-01,8,38.604
S-02,15,17.519
S-04,23,15.820
S-02,23,31.159
S-02,0,31.444
S-02,6,27.096
S-03,14,21.108
S-01,7,18.811
S-01,15,18.525
S-02,15,29.319
S-03,22,34.208
S-02,3,18.934
S-02,20,31.652
S-04,15,23.259
S-04,18,32.840
S-01,11,17.829
S-02,15,31.695
S-01,18,16.973
S-01,12,32.506
S-03,5,18.823
S-02,16,28.793
S-04,19,16.716
S-02,23,30.645
S-04,9,21.781
S-04,20,29.910
S-01,5,18.670
S-03,3,30.555
S-02,6,17.567
S-03,19,29.937
S-02,20,19.328
S-04,3,21.012
S-03,3,19.042
S-02,4,36.985
S-04,7,29.491
S-04,14,20.608
S-04,16,15.454
S-03,23,0.000
S-01,7,17.851
S-03,1,20.781
S-02,15,16.963
S-03,22,0.000
S-02,1,16.966
S-04,14,29.327
S-04,21,19.411
S-02,22,32.299
S-03,13,18.858
S-04,22,34.676
S-04,16,13.384
S-04,10,33.515
S-01,18,19.673
S-01,5,17.268
S-04,10,18.990
S-02,2,20.652
S-03,5,29.883
S-03,10,34.537
S-03,21,16.701
S-03,20,31.841
S-03,2,28.835
S-01,9,34.285
S-04,19,32.582
S-02,9,21.352
S-01,4,36.840
S-04,22,18.504
S-01,15,30.481
S-04,12,31.004
S-04,1,31.923
S-03,8,29.611
S-03,18,21.340
S-04,22,17.761
S-03,4,15.419
S-03,16,34.760
S-04,18,30.424
S-02,4,27.005
S-01,19,29.192
S-03,7,0.000
S-02,20,31.182
S-01,12,31.671
S-02,15,26.256
S-02,22,23.921
S-01,16,18.410
S-03,19,33.199
S-03,10,30.430
S-02,0,33.038
S-02,7,17.584
S-03,20,0.000
S-03,15,18.409
S-02,3,19.384
S-04,12,31.202
S-02,8,29.757
S-03,3,18.615
S-01,18,31.050
S-04,5,19.090
S-03,4,31.833
S-01,20,20.105
S-02,13,31.307
S-03,2,31.271
S-04,2,15.217
S-03,2,15.683
S-01,14,29.594
S-04,20,21.298
S-01,2,21.837
S-03,18,17.769
S-01,16,26.062
S-01,17,30.508
S-03,15,0.000
S-02,7,21.081
S-03,12,0.000
S-01,3,17.720
S-03,6,18.233
S-04,13,21.072
S-03,23,0.000
S-02,13,17.501
S-03,2,0.000
S-03,7,16.793
S-04,12,15.555
S-04,18,30.285
S-04,21,12.808
S-01,20,31.768
S-01,4,19.431
S-01,12,17.369
S-03,5,29.706
S-04,10,30.483
S-02,11,31.658
S-04,5,33.273
S-04,5,30.793
S-04,2,19.545
S-02,2,31.452
S-04,21,17.837
S-04,14,22.384
S-04,20,16.972
S-03,17,23.303
S-04,7,19.603
S-03,2,34.806
S-01,23,35.269
S-02,18,34.943
S-04,8,32.357
S-03,16,17.724
S-03,8,16.882
S-04,21,30.154
S-04,19,33.120
S-04,8,17.593
S-01,18,14.535
S-02,13,18.634
S-03,15,19.947
S-03,23,15.679
S-03,16,0.000
S-03,15,20.637
S-03,1,0.000
S-02,21,31.009
S-02,16,17.719
S-02,13,27.353
S-04,5,34.840
S-04,3,17.089
S-01,6,33.197
S-03,23,18.046
S-01,17,34.284
S-02,19,19.867
S-02,5,33.375
S-04,6,28.609
S-02,14,23.796
S-03,15,34.015
S-03,23,35.069
S-02,22,31.094
S-03,7,36.225
S-04,9,28.314
S-01,5,21.593
S-01,13,31.734
S-01,23,33.063
S-02,6,18.105
S-02,23,22.773
S-02,16,15.900
S-03,2,0.000
S-01,9,17.132
S-03,20,0.000
S-03,9,18.485
S-03,0,18.392
S-03,3,34.562
S-03,22,30.235
S-01,1,34.283
S-01,22,22.578
S-03,11,18.038
S-01,5,20.028
S-01,2,14.630
S-01,18,18.783
S-01,17,16.924
S-04,23,15.400
S-03,5,0.000
S-02,1,19.253
S-02,1,32.854
S-02,23,34.180
S-03,9,0.000
S-02,1,16.995
S-02,3,36.700
S-02,9,30.296
S-04,12,31.082
S-02,17,19.380
S-02,1,30.580
S-04,23,20.656
S-04,19,19.377
S-04,4,18.138
S-01,4,31.019
S-01,1,21.451
S-04,21,34.924
S-02,23,16.892
S-02,20,19.617
S-01,7,18.847
S-03,1,32.984
S-04,11,32.230
S-02,11,17.055
S-03,20,35.427
S-01,9,18.812
S-02,5,19.719
S-03,23,21.458
S-01,12,19.544
S-02,10,30.762
S-01,9,14.350
S-04,7,35.216
S-04,1,32.277
S-01,23,32.338
S-04,17,18.474
S-01,13,19.330
S-01,4,31.220
S-04,9,21.554
S-03,17,19.765
S-02,14,31.433
S-04,7,18.735
S-04,1,21.372
S-03,2,17.129
S-01,16,18.596
S-02,10,30.000
S-03,16,16.658
S-01,8,22.371
S-01,20,16.692
S-02,8,22.909
S-04,3,17.607
S-02,15,33.213
S-01,7,31.539
S-01,21,17.689
S-03,15,29.640
S-02,20,20.298
S-03,23,20.068
S-03,17,20.218
S-03,1,20.176
S-03,19,34.336
S-04,14,34.457
S-04,7,32.602
S-01,15,31.476
S-02,12,20.096
S-03,6,20.104
S-01,13,33.858
S-03,7,19.801
S-04,3,16.519
S-01,19,21.126
S-01,19,21.427
S-01,1,32.818
S-01,11,35.153
S-02,11,32.998
S-04,12,30.504
S-04,21,16.764
S-03,14,17.643
S-02,2,16.053
S-02,15,35.760
S-02,3,30.463
S-03,22,14.133
S-04,14,31.030
S-02,10,20.794
S-03,3,29.958
S-03,9,32.778
S-03,20,13.263
S-03,21,32.183
S-04,20,22.306
S-01,10,19.851
S-01,8,16.526
S-02,23,30.167
S-04,15,34.600
S-02,18,18.270
S-01,17,22.172
S-03,19,21.319
S-02,15,19.397
S-03,8,34.753
S-04,9,21.744
S-01,5,30.017
S-02,11,30.751
S-01,13,34.254
S-04,11,19.210
S-02,13,19.272
S-03,1,30.317
S-01,9,17.924
S-02,8,30.091
S-01,11,31.577
S-03,19,28.557
S-03,6,18.946
S-03,4,20.111
S-04,18,37.916
S-01,23,31.985
S-01,2,33.020
S-02,5,31.061
S-04,21,20.669
S-03,11,0.000
S-02,0,18.896
S-03,12,20.423
S-01,14,17.154
S-04,1,30.757
S-01,12,17.106
S-04,20,29.486
S-01,15,33.600
S-03,19,15.557
S-02,16,31.584
S-02,1,16.465
S-03,18,29.139
S-01,14,33.632
S-04,10,33.450
S-04,13,34.721
S-03,3,0.000
S-03,12,21.494
S-02,22,30.153
S-02,0,32.078
S-03,23,32.292
S-04,14,29.139
S-02,19,15.146
S-01,15,19.229
S-03,7,28.123
S-02,22,18.530
S-02,6,32.382
S-04,20,17.461
S-03,13,0.000
S-03,23,17.105
S-04,6,34.087
S-04,2,21.093
S-01,12,18.517
S-01,21,29.449
S-02,14,14.592
S-01,16,31.221
S-04,10,16.498
S-04,16,17.785
S-04,23,20.406
S-01,16,30.362
S-03,21,29.315
S-02,18,28.940
S-02,11,33.376
S-01,10,32.228
S-03,17,29.063
S-04,23,18.187
S-01,14,21.324
S-02,7,20.132
S-04,1,26.539
S-02,14,22.706
S-02,0,31.698
S-02,15,20.873
S-03,10,31.896
S-04,14,31.481
S-01,3,18.611
S-04,3,34.982
S-03,3,16.715
S-04,17,30.403
S-01,10,16.011
S-04,19,30.993
S-02,5,30.595
S-04,6,34.973
S-01,3,33.321
S-02,22,31.800
S-01,2,34.301
S-04,21,19.813
S-02,12,14.912
S-03,20,33.152
S-04,18,28.169
S-01,10,32.916
S-03,12,16.634
S-04,22,19.755
S-04,13,16.215
S-03,5,19.077
S-01,0,23.850
S-04,6,18.498
S-03,9,28.085
S-03,9,19.753
S-02,19,31.222
S-02,15,30.955
S-03,19,18.262
S-03,20,34.765
S-02,7,15.843
S-03,7,34.508
S-02,22,31.148
S-02,8,36.690
S-01,0,18.512
S-01,9,19.711
S-04,23,32.711
S-02,1,33.075
S-01,5,20.748
S-03,6,19.806
S-03,9,29.680
S-02,0,30.500
S-04,22,20.974
S-04,7,30.785
S-02,11,29.885
S-03,7,19.535
S-01,9,31.108
S-02,2,29.997
S-03,17,31.251
S-04,15,18.931
S-01,3,17.569
S-04,17,17.619
S-03,10,19.328
S-03,9,32.670
S-01,22,20.113
S-01,5,20.713
S-02,20,18.509
S-02,11,28.187
S-01,6,30.334
S-02,8,21.085
S-01,6,36.423
S-02,20,20.938
S-01,11,31.399
S-03,22,31.561
S-02,12,17.608
S-03,11,0.000
S-02,4,32.871
S-02,14,17.382
S-04,21,15.383
S-04,8,29.559
S-03,2,25.545
S-02,17,17.252
S-04,16,29.041
S-01,18,17.914
S-02,1,28.826
S-01,17,19.160
S-01,5,31.442
S-03,21,34.056
S-02,15,25.331
S-04,21,34.200
S-04,18,29.086
S-01,9,30.040
S-03,19,19.554
S-03,5,16.099
S-04,6,17.622
S-04,20,31.513
S-04,7,20.175
S-03,8,0.000
S-04,17,19.131
S-03,15,17.038
S-04,17,19.807
S-04,6,27.951
S-04,16,35.081
S-01,21,17.271
S-03,22,19.819
S-03,5,36.331
S-03,3,20.227
S-04,21,12.178
S-04,15,18.108
S-02,20,29.475
S-02,11,31.022
S-04,4,17.248
S-02,13,19.453
S-03,9,29.346
S-04,2,31.099
S-04,5,19.655
S-02,15,17.875
S-01,14,33.307
S-03,6,29.492
S-04,20,16.199
S-02,13,21.347
S-01,0,32.561
S-04,12,33.737
S-01,0,18.446
S-04,15,17.138
S-01,1,22.358
S-01,16,29.303
S-03,13,30.580
S-01,20,29.416
S-03,17,35.367
S-02,1,15.025
S-01,0,19.436
S-02,12,30.817
S-01,9,29.450
S-04,21,30.822
S-01,3,31.570
S-01,21,33.066
S-03,21,35.523
S-01,15,34.181
S-01,23,20.139
S-04,20,33.939
S-03,12,0.000
S-02,7,12.402
S-02,4,20.788
S-01,21,19.507
S-01,20,22.170
S-03,22,32.074
S-04,0,30.197
S-03,7,14.892
S-01,1,22.248
S-03,5,34.371
S-02,8,29.977
S-04,7,16.998
S-04,23,16.539
S-03,10,31.046
S-04,11,28.672
S-04,21,16.719
S-03,6,29.071
S-01,1,21.431
S-04,7,18.330
S-01,15,16.021
S-03,22,34.944
S-01,5,17.730
S-02,15,19.783
S-02,15,15.811
S-04,18,34.592
S-01,17,29.812
S-01,13,33.873
S-03,9,0.000
S-02,13,30.899
S-01,14,19.625
S-02,12,20.406
S-04,17,18.036
S-02,23,28.900
S-03,2,19.500
S-02,0,32.436
S-02,21,19.572
S-01,6,32.599
S-04,10,33.648
S-01,11,17.431
S-01,19,32.251
S-04,0,23.634
S-02,10,21.186
S-02,18,19.153
S-03,8,30.340
S-04,16,16.174
S-01,11,18.215
S-01,11,18.191
S-01,11,19.968
S-02,5,14.769
S-01,12,15.758
S-02,22,16.396
S-03,14,19.369
S-02,13,14.685
S-03,7,17.912
S-01,6,19.072
S-04,12,26.119
S-02,12,29.772
S-01,9,33.093
S-03,23,32.160
S-03,19,32.839
S-03,21,0.000
S-04,5,21.063
S-02,13,28.146
S-04,20,32.186
S-03,12,19.781
S-02,16,32.659
S-01,7,20.854
S-02,11,19.087
S-03,5,18.111
S-01,13,32.174
S-04,12,21.124
S-02,17,18.626
S-02,15,30.256
S-04,19,17.866
S-02,23,26.867
S-04,6,30.429
S-01,3,35.453
S-04,19,31.244
S-01,16,21.368
S-04,10,33.719
S-02,11,29.168
S-03,10,16.145
S-04,4,19.561
S-01,3,31.406
S-02,2,19.860
S-04,14,16.765
S-04,12,18.631
S-01,12,20.490
S-01,17,18.294
S-02,0,29.855
S-01,15,32.281
S-04,6,32.342
S-01,10,18.468
S-03,16,19.761
S-01,9,15.225
S-04,7,28.151
S-02,6,27.686
S-02,22,17.742
S-02,14,21.941
S-03,15,0.000
S-03,23,32.533
S-04,3,18.865
S-04,19,33.432
S-02,16,28.216
S-03,13,19.380
S-04,0,32.885
S-03,9,17.898
S-03,5,35.525
S-02,1,19.497
S-02,13,31.688
S-01,23,29.978
S-01,5,31.747
S-04,13,32.027
S-04,19,17.433
S-04,4,33.672
S-03,19,21.021
S-03,6,19.577
S-03,2,0.000
S-01,0,18.382
S-04,23,16.556
S-02,15,21.095
S-01,23,19.733
S-01,7,30.705
S-02,8,14.646
S-04,21,32.189
S-03,22,29.040
S-03,8,0.000
S-03,6,19.022
S-02,3,18.182
S-04,10,17.341
S-01,21,32.702
S-02,7,30.779
S-04,12,31.411
S-03,8,19.364
S-01,1,18.808
S-03,8,15.685
S-02,4,16.777
S-02,3,19.235
S-03,21,33.069
S-04,15,31.330
S-04,1,18.179
S-03,9,30.388
S-02,0,30.032
S-04,12,32.665
S-03,11,30.008
S-02,13,18.325
S-03,10,18.439
S-04,12,32.319
S-04,17,22.831
S-02,9,30.524
S-03,20,30.330
S-04,14,27.382
S-03,20,19.186
S-03,20,0.000
S-01,10,29.909
S-02,9,33.803
S-03,22,0.000
S-03,13,33.333
S-01,12,31.320
S-01,9,12.708
S-03,5,20.957
S-01,20,29.599
S-01,6,16.935
S-01,11,28.657
S-04,2,22.552
S-02,14,33.415
S-03,10,17.624
S-02,12,18.351
S-01,8,16.598
S-02,16,30.635
S-02,17,14.803
S-04,14,19.597
S-02,20,32.288
S-02,10,30.295
S-04,8,35.577
S-03,15,33.354
S-03,6,0.000
S-02,0,13.544
S-04,6,20.315
S-02,11,19.036
S-03,7,31.920
S-04,14,18.981
S-03,22,0.000
S-02,3,33.313
S-02,9,30.435
S-04,23,31.236
S-04,0,17.675
S-02,16,30.982
S-04,20,28.432
S-04,20,20.795
S-03,0,0.000
S-04,16,20.741
S-01,20,29.051
S-03,1,30.881
S-04,12,33.760
S-01,6,29.619
S-03,17,20.141
S-03,14,30.059
S-01,12,29.084
S-02,15,32.676
S-02,17,27.532
S-03,9,0.000
S-04,16,17.123
S-02,13,29.091
S-04,8,14.811
S-03,19,14.752
S-03,20,17.818
S-01,16,28.082
S-01,15,17.624
S-03,14,0.000
S-03,13,18.106
S-04,3,28.015
S-04,8,33.086
S-03,20,0.000
S-02,14,16.143
S-02,16,28.875
S-03,11,18.861
S-03,1,35.994
S-02,9,32.601
S-02,7,32.932
S-02,13,28.876
S-02,18,17.468
S-03,22,35.540
S-04,15,30.613
S-04,8,30.412
S-01,0,18.358
S-02,21,26.899
S-01,2,16.753
S-04,18,31.037
S-02,17,17.288
S-02,23,27.701
S-03,20,0.000
S-03,13,33.606
S-02,15,30.916
S-01,0,19.352
S-04,4,20.726
S-04,11,17.611
S-03,17,15.716
S-01,2,18.489
S-03,1,20.316
S-01,12,15.523
S-01,3,34.870
S-04,4,18.585
S-02,4,18.796
S-03,4,30.684
S-03,21,35.655
S-02,9,30.166
S-02,3,19.813
S-03,1,0.000
S-02,22,33.452
S-01,15,30.866
S-03,22,0.000
S-01,23,33.729
S-01,10,31.145
S-03,19,29.447
S-01,19,17.525
S-01,15,15.960
S-01,10,18.690
S-04,13,30.662
S-02,20,22.891
S-04,13,16.834
S-02,16,27.765
S-01,16,30.109
S-04,9,31.988
S-02,6,33.713
S-03,21,32.048
S-02,11,32.797
S-01,5,18.700
S-03,21,29.289
S-04,2,31.368
S-04,2,32.164
S-04,17,31.641
S-01,2,34.755
S-03,4,14.355
S-04,19,33.963
S-03,5,28.403
S-02,2,21.360
S-02,3,17.145
S-04,6,31.172
S-04,1,15.532
S-02,6,22.455
S-01,4,28.116
S-01,1,16.723
S-03,23,35.607
S-02,16,18.945
S-03,2,30.696
S-02,20,17.026
S-03,10,15.608
S-02,21,31.987
S-04,14,34.546
S-04,2,14.057
S-04,0,31.704
S-04,17,28.511
S-02,10,33.550
S-03,6,20.448
S-04,5,18.494
S-03,8,30.475
S-04,22,17.074
S-01,1,29.235
S-03,6,31.847
S-03,22,36.882
S-03,1,19.352
S-03,2,14.025
S-03,3,16.996
S-02,12,15.578
S-04,9,13.892
S-02,23,16.183
S-03,17,0.000
S-02,2,16.565
S-04,12,29.446
S-01,8,17.467
S-04,7,20.033
S-03,15,26.497
S-03,6,0.000
S-03,16,0.000
S-04,15,16.759
S-02,16,20.846
S-01,10,34.523
S-04,16,16.353
S-01,4,31.031
S-02,4,34.314
S-03,20,29.962
S-01,2,28.228
S-04,0,32.434
S-02,17,19.811
S-03,8,17.094
S-01,11,28.950
S-01,23,30.973
S-04,2,29.329
S-02,9,33.319
S-03,19,33.178
S-02,17,20.307
S-02,2,17.324
S-04,0,17.282
S-02,5,17.821
S-04,3,28.242
S-04,13,27.424
S-04,12,35.063
S-03,5,18.561
S-01,4,30.132
S-01,13,13.206
S-04,0,28.615
S-01,21,29.238
S-04,23,36.816
S-04,7,18.984
S-01,11,20.056
S-04,7,32.354
S-02,23,17.042
S-01,0,21.688
S-03,4,16.063
S-01,2,31.011
S-03,15,17.476
S-02,11,23.428
S-03,18,0.000
S-03,9,19.646
S-01,3,33.368
S-02,16,15.995
S-02,22,18.008
S-03,17,36.385
S-02,4,17.121
S-02,11,32.339
S-04,12,16.758
S-02,21,18.431
S-01,11,28.856
S-02,22,31.735
S-02,22,32.367
S-04,21,33.579
S-03,17,18.142
S-03,14,27.646
S-03,7,29.955
S-03,5,16.612
S-04,19,25.298
S-02,13,29.417
S-03,0,32.403
S-01,3,28.978
S-01,0,17.852
S-02,17,28.396
S-03,8,0.000
S-01,5,29.115
S-01,19,21.847
S-02,15,37.292
S-03,17,32.253
S-02,9,31.173
S-02,8,32.593
S-01,1,17.746
S-04,13,28.754
S-01,21,32.737
S-03,4,29.994
S-01,23,20.733
S-03,17,0.000
S-01,13,18.581
S-01,18,33.863
S-01,10,15.792
S-01,10,15.610
S-01,10,19.401
S-01,3,30.373
S-02,17,18.725
S-02,1,19.540
S-03,13,20.776
S-01,11,20.538
S-03,6,28.768
S-03,8,20.948
S-03,1,32.370
S-01,18,17.268
S-01,2,32.019
S-01,13,28.679
S-04,5,32.586
S-02,12,18.674
S-03,20,0.000
S-01,3,31.117
S-02,12,29.749
S-01,13,17.127
S-02,10,35.499
S-03,16,21.436
S-02,22,36.439
S-03,5,35.786
S-03,12,15.306
S-02,6,33.495
S-02,14,20.427
S-01,4,29.419
S-04,6,30.683
S-01,9,31.475
S-02,8,24.272
S-02,20,17.630
S-02,20,17.647
S-01,6,27.764
S-03,0,22.299
S-03,18,29.840
S-04,22,21.100
S-02,17,17.887
S-03,15,0.000
S-03,22,28.257
S-02,21,17.991
S-03,13,18.787
S-02,21,28.434
S-03,13,31.556
S-03,6,19.824
S-03,21,31.323
S-04,10,32.955
S-03,13,37.147
S-03,16,20.851
S-03,19,29.004
S-03,14,31.779
S-04,5,27.906
S-02,3,33.714
S-01,18,23.633
S-03,21,0.000
S-01,16,29.538
S-04,23,33.666
S-04,7,15.547
S-04,3,32.908
S-03,10,31.862
S-02,13,29.984
S-02,0,35.739
S-01,13,31.218
S-04,14,30.086
S-02,15,34.354
S-01,12,34.205
S-03,1,17.774
S-03,18,0.000
S-02,14,19.419
S-03,18,0.000
S-03,10,30.316
S-01,5,34.585
S-03,5,32.232
S-02,17,16.998
S-03,16,0.000
S-02,10,28.827
S-03,6,35.169
S-03,3,35.250
S-04,5,19.946
S-02,14,30.217
S-02,0,19.614
S-02,11,19.720
S-03,18,34.720
S-03,15,35.876
S-03,13,14.763
S-04,11,21.468
S-04,3,32.373
S-04,17,30.216
S-03,16,11.226
S-03,22,19.833
S-03,9,19.270
S-01,20,23.930
S-03,3,31.183
S-04,15,19.399
S-01,12,19.341
S-04,1,29.147
S-04,8,32.795
S-04,22,20.719
S-02,3,31.577
S-03,0,31.047
S-02,9,32.642
S-03,21,17.567
S-02,11,35.163
S-02,11,19.554
S-03,16,0.000
S-01,12,19.710
S-03,20,30.683
S-04,14,19.536
S-02,20,28.966
S-01,11,29.552
S-03,10,17.053
S-02,23,19.741
S-03,5,29.547
S-04,5,30.077
S-03,20,20.080
S-03,7,34.265
S-01,18,16.396
S-01,1,18.681
S-02,9,37.175
S-01,3,32.530
S-04,17,30.181
S-01,22,34.000
S-01,7,31.648
S-03,4,20.035
S-02,18,35.342
S-04,18,17.558
S-03,0,27.086
S-01,17,17.222
S-02,12,33.417
S-01,22,30.082
S-01,22,29.959
S-04,19,18.293
S-02,22,34.760
S-02,2,31.737
S-01,7,32.755
S-04,7,17.831
S-02,22,30.146
S-02,23,20.081
S-01,17,34.591
S-04,16,32.437
S-03,12,0.000
S-04,9,30.374
S-01,7,26.966
S-01,3,29.809
S-01,8,26.490
S-04,17,17.461
S-03,2,17.392
S-03,1,21.313
S-01,6,32.205
S-02,2,16.751
S-04,1,29.546
S-02,14,17.877
S-02,22,31.774
S-02,4,20.836
S-02,1,26.964
S-04,20,34.840
S-01,11,30.601
S-04,16,36.260
S-04,13,29.905
S-04,1,27.585
S-04,18,19.045
S-03,16,33.654
S-01,23,14.581
S-03,5,32.404
S-03,14,0.000
S-02,0,20.266
S-03,3,16.210
S-02,0,15.170
S-01,14,35.816
S-04,9,16.762
S-02,22,20.702
S-02,9,27.058
S-04,12,34.830
S-04,11,18.469
S-01,23,30.344
S-03,7,29.379
S-01,8,18.537
S-03,14,20.205
S-01,13,35.297
S-04,12,18.351
S-02,19,35.100
S-01,14,32.178
S-02,14,20.076
S-01,18,16.932
S-01,1,34.758
S-03,8,0.000
S-01,5,33.190
S-04,4,19.299
S-01,11,27.768
S-02,15,30.517
S-02,8,21.587
S-02,17,28.998
S-03,4,32.379
S-01,16,16.923
S-02,19,21.600
S-03,2,20.926
S-02,4,16.490
S-01,12,31.804
S-04,13,15.716
S-02,19,31.325
S-01,3,17.391
S-02,4,16.187
S-01,12,31.194
S-04,9,18.627
S-03,18,13.929
S-04,17,28.919
S-01,19,21.516
S-02,2,29.163
S-02,14,30.245
S-03,12,18.199
S-02,17,19.591
S-02,11,19.505
S-03,18,30.300
S-02,5,13.431
S-01,20,18.221
S-01,12,17.701
S-03,11,18.755
S-03,5,36.361
S-03,16,30.229
S-03,3,28.594
S-01,13,33.910
S-02,18,20.385
S-03,19,20.970
S-02,20,29.403
S-02,2,27.824
S-01,4,19.816
S-02,13,19.467
S-04,8,19.657
S-01,0,29.974
S-01,16,19.346
S-01,1,19.763
S-02,22,28.101
S-03,23,29.499
S-01,2,20.026
S-01,4,30.339
S-01,21,18.680
S-01,16,34.657
S-04,23,17.401
S-04,9,21.245
S-04,20,17.420
S-03,0,33.130
S-01,4,17.343
S-04,16,18.252
S-03,1,21.163
S-03,7,35.153
S-02,15,28.842
S-04,11,28.007
S-03,14,21.529
S-02,6,36.215
S-02,4,17.344
S-03,2,19.479
S-04,16,34.545
S-04,18,29.873
S-03,17,14.844
S-04,18,18.249
S-04,17,33.705
S-03,1,26.894
S-02,5,19.236
S-04,7,32.801
S-03,4,17.691
S-02,13,32.626
S-01,19,18.022
S-04,6,34.256
S-01,23,32.084
S-04,10,28.331
S-04,12,32.456
S-02,8,29.495
S-03,5,0.000
S-04,1,13.392
S-01,15,33.294
S-02,19,17.462
S-03,22,18.216
S-04,19,21.446
S-03,17,31.885
S-03,12,17.779
S-03,16,30.919
S-01,3,30.071
S-02,22,36.021
S-01,19,33.358
S-02,11,23.010
S-03,15,17.130
S-02,11,15.487
S-03,12,16.244
S-01,21,18.788
S-01,4,18.180
S-01,8,32.512
S-04,5,33.579
S-02,13,15.266
S-04,16,29.728
S-01,15,19.770
S-04,1,22.954
S-04,22,18.078
S-03,1,18.193
S-02,11,17.195
S-04,14,21.741
S-01,2,17.930
S-04,12,19.820
S-02,8,22.636
S-01,6,20.084
S-03,14,22.763
S-02,13,19.191
S-04,22,31.237
S-01,3,33.602
S-04,21,30.301
S-02,17,17.160
S-01,5,30.715
S-01,23,33.067
S-02,2,22.787
S-04,14,20.806
S-03,7,19.895
S-04,20,17.278
S-02,20,19.045
S-04,13,17.974
S-03,13,17.195
S-03,18,33.348
S-01,1,32.972
S-02,15,34.278
S-01,18,17.430
S-02,14,30.548
S-04,3,33.895
S-04,18,22.019
S-04,2,18.475
S-01,11,32.845
S-02,21,20.307
S-02,20,36.176
S-03,2,31.962
S-03,4,20.740
S-04,22,35.653
S-01,5,27.064
S-04,15,16.986
S-04,8,35.348
S-02,3,19.430
S-02,16,22.706
S-01,18,15.630
S-03,6,0.000
S-02,16,32.466
S-01,2,30.912
S-04,19,33.648
S-02,11,16.492
S-03,6,16.983
S-02,3,29.905
S-01,12,18.319
S-03,1,17.266
S-04,20,18.902
S-01,22,20.728
S-04,15,29.536
S-03,22,28.303
S-02,22,17.749
S-02,16,31.385
S-01,1,20.674
S-03,20,34.977
S-04,1,17.572
S-03,4,18.432
S-04,18,20.809
S-01,20,18.233
S-01,19,17.499
S-04,14,17.237
S-01,9,34.963
S-03,12,29.968
S-02,22,13.457
S-02,8,32.974
S-04,18,16.375
S-01,7,33.921
S-02,4,17.975
S-04,17,30.901
S-02,3,12.663
S-04,2,29.017
S-01,12,33.201
S-04,15,21.456
S-03,20,19.805
S-02,10,33.187
S-02,19,17.725
S-03,20,27.521
S-04,1,29.928
S-02,17,17.981
S-03,2,0.000
S-04,18,19.426
S-04,2,19.144
S-02,23,17.149
S-04,3,16.140
S-03,21,0.000
S-02,12,28.070
S-04,23,18.666
S-01,6,18.528
S-04,23,16.944
S-01,12,18.266
S-01,22,22.795
S-01,1,32.788
S-04,4,18.299
S-01,19,15.702
S-01,9,21.115
S-04,1,32.275
S-02,1,18.684
S-02,6,31.223
S-03,23,0.000
S-03,18,0.000
S-04,4,13.500
S-01,7,17.589
S-04,22,32.165
S-03,14,30.011
S-04,2,31.405
S-02,22,31.303
S-02,3,19.115
S-01,23,16.682
S-04,2,28.478
S-01,17,16.453
S-03,23,20.696
S-04,6,32.455
S-03,18,28.120
S-02,1,35.734
S-02,9,13.481
S-03,16,17.363
S-01,20,16.725
S-04,7,30.155
S-04,1,18.713
S-04,3,17.612
S-01,3,20.547
S-02,18,20.880
S-01,10,31.021
S-03,23,17.814
S-01,9,29.689
S-03,1,19.886
S-01,20,32.686
S-02,20,28.777
S-01,2,18.941
S-01,23,18.827
S-04,9,19.574
S-02,3,32.928
S-03,18,33.596
S-04,6,35.480
S-03,17,18.817
S-01,7,18.043
S-01,15,33.278
S-03,6,0.000
S-02,5,35.755
S-02,0,27.240
S-03,21,20.715
S-04,13,17.525
S-03,1,0.000
S-03,7,0.000
S-01,1,32.147
S-01,15,32.573
S-04,4,17.813
S-04,8,34.690
S-04,20,17.237
S-01,4,31.595
S-04,12,30.898
S-04,8,13.162
S-02,11,29.935
S-04,17,31.335
S-04,18,32.824
S-03,23,18.606
S-04,7,32.699
S-02,9,18.225
S-02,0,28.071
S-02,6,18.584
S-02,4,17.301
S-02,7,15.721
S-04,19,30.034
S-03,22,30.255
S-02,23,18.862
S-03,12,30.472
S-02,6,29.288
S-04,8,16.506
S-03,0,0.000
S-02,12,18.121
S-01,16,17.246
S-03,4,0.000
S-01,2,20.712
S-03,17,30.116
S-02,8,32.958
S-01,2,31.129
S-01,18,15.825
S-03,6,20.585
S-01,11,28.053
S-03,23,16.606
S-04,0,19.491
S-01,11,18.349
S-04,21,19.239
S-02,19,22.433
S-01,17,16.440
S-01,2,30.477
S-04,6,22.019
S-01,17,30.203
S-02,10,30.801
S-01,1,19.575
S-02,20,29.017
S-04,3,18.493
S-02,7,30.207
S-02,23,32.868
S-02,23,16.536
S-04,2,17.406
S-03,2,0.000
S-01,4,15.315
S-01,13,30.717
S-04,8,20.820
S-02,10,35.806
S-02,22,15.112
S-04,15,18.137
S-03,6,28.877
S-04,2,13.050
S-02,21,31.363
S-04,7,25.032
S-04,12,15.049
S-04,2,16.098
S-02,22,21.652
S-03,11,16.998
S-03,11,0.000
S-03,8,36.497
S-01,6,14.264
S-01,4,36.610
S-03,21,32.014
S-03,7,16.660
S-04,16,16.851
S-01,4,29.627
S-04,0,27.447
S-04,7,20.765
S-01,8,17.666
S-01,17,30.196
S-04,6,30.691
S-03,1,30.872
S-04,2,30.104
S-02,2,26.030
S-02,19,31.885
S-04,0,32.617
S-03,11,0.000
S-01,10,29.201
S-01,11,15.659
S-01,22,30.944
S-02,9,29.735
S-04,6,22.182
S-01,1,32.713
S-04,15,32.834
S-03,23,28.940
S-02,4,14.766
S-04,3,20.229
S-04,13,31.147
S-02,23,14.642
S-02,8,37.061
S-01,20,33.843
S-01,4,16.146
S-02,15,21.430
S-04,6,32.387
S-03,7,20.985
S-03,8,30.945
S-02,11,29.016
S-03,13,33.395
S-02,6,32.629
S-01,14,17.136
S-02,23,29.844
S-02,14,16.606
S-03,0,0.000
S-04,0,31.387
S-01,4,29.305
S-02,0,31.869
S-01,22,17.636
S-01,14,15.385
S-04,8,32.520
S-04,15,17.548
S-01,11,17.472
S-03,1,17.628
S-03,7,31.865
S-01,4,15.341
S-04,5,19.383
S-02,12,19.715
S-04,8,16.340
S-02,8,18.073
S-04,23,33.266
S-03,17,33.464
S-03,14,26.001
S-01,7,35.189
S-04,11,30.204
S-01,11,33.096
S-01,8,16.711
S-03,23,15.521
S-04,22,14.552
S-04,16,17.140
S-02,1,35.293
S-03,17,32.842
S-01,0,29.449
S-04,9,16.992
S-02,3,32.679
S-04,21,18.619
S-02,13,19.455
S-01,22,18.512
S-03,21,20.259
S-02,2,18.780
S-02,11,28.357
S-03,14,31.143
S-02,12,23.561
S-02,7,30.919
S-02,7,32.075
S-03,8,16.314
S-01,23,15.337
S-02,3,17.666
S-04,11,17.557
S-04,23,27.651
S-04,3,15.226
S-02,1,19.893
S-04,1,26.922
S-03,21,0.000
S-04,22,20.941
S-03,7,30.557
S-02,17,17.460
S-03,20,14.739
S-01,4,34.593
S-02,16,18.299
S-04,17,20.049
S-02,18,29.067
S-04,19,16.240
S-04,5,28.701
S-03,9,21.138
S-03,14,18.197
S-03,22,17.918
S-01,5,19.219
S-01,7,31.079
S-03,7,20.392
S-02,13,29.487
S-02,8,18.989
S-03,13,31.806
S-04,0,29.225
S-01,21,34.505
S-04,3,35.107
S-04,10,21.074
S-01,20,30.896
S-03,18,28.294
S-03,2,29.008
S-03,15,0.000
S-03,15,31.531
S-01,22,31.410
S-04,11,15.731
S-04,8,28.631
S-01,17,30.231
S-01,12,19.603
S-02,23,19.363
S-01,3,21.331
S-01,4,31.333
S-02,15,15.796
S-03,7,16.851
S-04,2,19.924
S-01,22,19.353
S-02,9,32.418
S-01,22,31.860
S-02,6,20.214
S-03,2,28.710
S-03,14,32.098
S-02,2,32.838
S-04,21,21.744
S-03,5,32.403
S-01,7,17.352
S-02,16,32.603
S-03,1,15.114
S-02,19,18.476
S-02,18,34.854
S-03,3,16.410
S-01,12,32.030
S-02,8,17.194
S-02,0,29.815
S-04,20,31.696
S-02,3,35.035
S-03,7,17.991
S-04,22,28.161
S-02,20,31.295
S-03,18,0.000
S-02,7,35.274
S-03,15,18.518
S-03,23,28.831
S-02,17,17.713
S-04,18,15.107
S-04,0,20.119
S-04,14,17.230
S-04,7,19.172
S-04,9,30.114
S-02,8,19.978
S-04,19,19.110
S-02,14,29.407
S-02,14,33.776
S-02,18,20.193
S-01,16,12.518
S-02,23,22.267
S-02,7,30.153
S-03,19,16.043
S-03,9,34.544
S-04,15,25.440
S-02,17,19.479
S-02,2,30.830
S-02,10,19.363
S-01,16,14.894
S-04,20,31.063
S-01,15,18.581
S-02,12,16.295
S-01,18,28.835
S-03,18,19.755
S-04,15,20.753
S-01,9,30.835
S-02,0,31.455
S-03,19,0.000
S-04,8,18.912
S-02,3,26.771
S-01,2,16.263
S-02,19,36.286
S-03,17,30.608
S-02,3,29.405
S-02,15,35.234
S-03,13,19.241
S-02,0,32.026
S-01,6,32.539
S-01,1,30.960
S-04,11,16.245
S-04,1,33.385
S-04,0,33.546
S-03,22,17.535
S-01,23,17.665
S-02,13,31.090
S-02,8,19.342
S-01,10,16.376
S-01,0,29.643
S-02,8,28.902
S-03,3,0.000
S-02,11,21.491
S-03,0,0.000
S-03,3,20.535
S-04,12,30.331
S-03,13,18.927
S-03,2,33.584
S-02,5,16.498
S-01,8,20.127
S-02,9,33.234
S-01,8,32.786
S-03,8,0.000
S-03,6,19.034
S-04,20,34.141
S-02,6,20.364
S-03,20,30.279
S-04,17,26.977
S-01,4,19.094
S-02,6,37.011
S-04,3,31.359
S-02,10,15.892
S-04,20,18.013
S-01,8,32.211
S-04,16,20.514
S-04,8,33.483
S-03,11,0.000
S-02,16,20.032
S-03,4,27.907
S-01,19,33.227
S-02,12,18.508
S-04,19,17.120
S-04,9,16.423
S-02,11,15.370
S-01,17,32.449
S-01,13,20.693
S-04,9,17.748
S-03,7,30.162
S-02,12,20.642
S-01,5,31.928
S-01,20,31.574
S-04,8,31.691
S-03,13,15.560
S-01,14,31.340
S-04,7,14.472
S-01,7,32.474
S-03,7,17.314
S-02,18,29.604
S-01,18,32.873
S-04,7,31.919
S-03,1,29.959
S-01,15,18.386
S-02,3,19.089
S-03,13,28.449
S-04,6,30.913
S-03,4,17.798
S-04,9,15.991
S-04,7,30.412
S-04,12,19.826
S-02,12,14.023
S-03,9,30.978
S-01,8,31.252
S-04,15,32.663
S-01,12,32.701
S-04,13,31.819
S-03,9,27.002
S-02,3,30.478
S-04,12,15.799
S-04,19,28.453
S-04,9,34.412
S-03,4,34.828
S-04,4,14.138
S-04,21,16.381
S-02,8,22.632
S-01,3,38.982
S-04,10,31.046
S-03,3,19.240
S-01,17,33.654
S-02,23,20.550
S-02,2,33.354
S-03,21,0.000
S-01,3,32.519
S-04,19,18.364
S-02,17,17.187
S-03,22,18.812
S-01,21,30.539
S-02,3,18.572
S-03,9,31.922
S-01,0,21.062
S-01,5,15.127
S-03,18,17.450
S-03,13,17.504
S-01,0,34.269
S-04,14,32.012
S-01,9,17.989
S-03,3,21.197
S-04,3,16.069
S-02,17,33.975
S-01,10,15.333
S-01,13,30.514
S-03,23,31.842
S-01,18,27.763
S-01,20,16.676
S-02,5,15.072
S-01,4,16.369
S-01,19,33.189
S-02,3,18.997
S-03,15,29.852
S-01,7,15.489
S-02,15,21.240
S-04,10,33.535
S-02,16,32.279
S-02,7,36.632
S-04,0,17.770
S-02,3,17.585
S-01,13,28.034
S-01,2,32.683
S-04,21,28.383
S-04,18,22.003
S-04,6,16.224
S-04,3,32.217
S-02,18,32.255
S-04,14,27.545
S-01,10,18.755
S-03,2,28.291
S-02,1,16.766
S-03,23,0.000
S-04,1,32.810
S-02,12,17.215
S-01,12,16.638
S-03,19,34.102
S-04,13,16.540
S-03,0,34.937
S-01,16,19.189
S-03,9,19.045
S-04,5,16.289
S-03,17,33.673
S-03,19,19.767
S-03,23,27.626
S-01,23,17.274
S-01,18,22.509
S-03,3,0.000
S-04,7,27.646
S-01,0,17.042
S-02,17,33.534
S-03,9,0.000
S-03,5,22.641
S-04,11,21.469
S-03,7,32.768
S-04,10,19.828
S-02,19,30.004
S-04,5,19.523
S-04,22,34.300
S-03,3,15.291
S-04,2,18.560
S-03,22,21.712
S-02,10,16.965
S-04,20,29.462
S-03,14,17.307
S-04,20,32.722
S-02,20,28.901
S-03,15,15.869
S-02,14,33.909
S-03,20,0.000
S-03,19,33.896
S-02,11,33.022
S-04,9,16.709
S-03,0,31.825
S-01,19,28.553
S-02,11,28.026
S-03,13,0.000
S-03,3,29.240
S-01,17,29.568
S-03,10,18.944
S-02,22,28.463
S-01,1,16.307
S-02,2,33.260
S-04,6,17.387
S-04,6,36.704
S-02,15,32.396
S-02,22,29.778
S-02,1,35.227
S-02,14,14.983
S-01,1,17.167
S-01,15,20.642
S-03,16,0.000
S-04,9,26.725
S-03,8,19.686
S-04,4,27.697
S-01,18,16.054
S-03,14,15.925
S-01,7,11.662
S-03,10,15.832
S-02,22,30.899
S-02,0,17.917
S-01,15,15.304
S-02,14,22.838
S-02,4,28.421
S-01,6,16.109
S-02,7,15.908
S-04,0,29.814
S-02,18,33.004
S-04,3,31.844
S-03,9,14.722
S-04,1,30.514
S-03,20,34.369
S-02,0,17.240
S-02,8,19.645
S-04,13,16.419
S-03,18,33.005
S-03,2,17.850
S-02,3,34.586
S-02,12,32.284
S-03,6,0.000
S-01,12,33.970
S-02,17,31.943
S-04,5,21.833
S-03,10,32.160
S-03,12,28.736
S-04,22,18.035
S-04,6,30.324
S-01,0,35.409
S-01,16,16.502
S-02,4,19.349
S-02,23,31.758
S-03,22,0.000
S-04,15,27.142
S-03,22,31.433
S-02,20,21.726
S-03,15,32.408
S-01,8,30.877
S-02,7,18.537
S-02,19,28.833
S-04,17,28.430
S-03,22,31.485
S-01,12,35.405
S-01,12,17.616
S-03,2,0.000
S-01,7,31.898
S-01,16,19.180
S-02,8,30.801
S-04,16,18.421
S-01,10,30.242
S-04,3,26.844
S-03,15,29.054
S-03,22,32.486
S-04,6,17.879
S-04,8,32.112
S-04,2,16.981
S-02,7,18.087
S-01,12,29.477
S-04,0,20.926
S-03,15,15.002
S-03,19,30.883
S-03,16,19.143
S-01,3,17.653
S-02,11,18.133
S-03,5,29.572
S-02,2,17.419
S-04,10,34.812
S-02,23,23.676
S-04,8,20.088
S-01,3,32.215
S-03,18,15.854
S-04,18,17.028
S-04,2,15.624
S-02,6,29.615
S-02,20,32.773
S-04,21,34.873
S-03,1,20.626
S-01,22,23.032
S-03,18,15.044
S-04,7,30.938
S-03,19,31.141
S-03,19,14.509
S-03,23,30.812
S-02,6,28.727
S-01,13,33.652
S-03,12,17.825
S-03,8,22.982
S-02,10,22.121
S-02,10,29.354
S-04,6,30.107
S-02,19,19.089
S-04,13,21.496
S-02,14,29.357
S-04,1,18.740
S-01,11,30.104
S-01,19,35.942
S-04,9,32.376
S-01,14,19.090
S-04,10,29.487
S-01,21,31.157
S-01,1,28.615
S-02,5,17.424
S-03,8,18.990
S-04,16,18.697
S-01,2,33.644
S-04,1,33.461
S-04,12,18.297
S-01,16,21.379
S-01,7,31.702
S-01,9,14.185
S-02,11,33.045
S-04,19,33.582
S-04,3,28.785
S-02,7,19.931
S-04,23,26.979
S-01,5,16.411
S-01,5,35.548
S-04,8,18.651
S-03,23,16.225
S-02,13,16.414
S-02,9,19.362
S-01,15,18.733
S-01,6,29.022
S-03,10,0.000
S-04,15,20.891
S-03,23,31.834
S-04,13,18.459
S-03,17,16.145
S-02,16,20.639
S-01,19,17.415
S-04,13,35.274
S-04,10,31.658
S-01,11,31.262
S-01,16,21.056
S-01,15,18.657
S-02,4,18.080
S-01,17,12.431
S-01,14,19.091
S-04,18,13.974
S-01,23,33.882
S-01,18,30.802
S-04,5,20.512
S-04,11,30.154
S-04,7,18.706
S-02,13,18.772
S-03,17,33.217
S-04,21,18.606
S-03,10,32.893
S-04,2,16.987
S-02,10,31.858
S-03,2,31.006
S-02,11,19.248
S-02,8,31.259
S-02,14,29.333
S-01,3,18.671
S-03,8,22.891
S-04,8,29.395
S-02,18,19.480
S-04,7,31.481
S-02,20,28.040
S-01,8,18.158
S-03,4,32.052
S-02,7,29.604
S-04,10,35.687
S-04,21,15.539
S-03,14,33.150
S-03,4,19.623
S-03,17,31.717
S-03,21,0.000
S-01,20,32.546
S-03,11,16.557
S-04,4,16.611
S-03,6,17.954
S-02,2,16.936
S-01,5,19.185
S-03,18,18.845
S-04,7,30.273
S-01,5,19.963
S-01,16,30.456
S-02,7,18.378
S-02,21,15.939
S-04,20,17.539
S-03,8,0.000
S-03,22,0.000
S-02,7,33.201
S-01,5,35.734
S-03,1,0.000
S-02,16,18.254
S-02,2,19.949
S-03,10,28.192
S-02,17,18.223
S-04,7,33.063
S-02,3,27.761
S-02,5,31.577
S-01,15,17.995
S-04,5,20.156
S-02,17,16.257
S-02,17,15.833
S-01,21,29.158
S-02,9,36.842
S-01,20,19.736
S-01,23,16.080
S-02,22,20.308
S-04,16,27.933
S-02,21,15.269
S-01,23,35.740
S-04,16,32.707
S-01,14,31.928
S-01,19,31.267
S-02,1,28.399
S-04,22,28.549
S-02,20,16.547
S-01,3,24.912
S-01,11,19.940
S-04,21,32.399
S-04,17,19.685
S-03,15,16.946
S-04,21,22.947
S-04,10,20.529
S-01,20,19.509
S-04,1,28.899
S-03,20,19.814
S-03,9,0.000
S-02,2,19.174
S-01,16,29.456
S-03,4,29.494
S-01,22,31.811
S-03,0,21.442
S-03,20,0.000
S-02,14,19.574
S-04,17,21.255
S-02,1,34.413
S-04,16,31.544
S-02,21,25.813
S-01,10,16.966
S-01,14,28.932
S-04,0,29.053
S-04,0,32.226
S-01,3,29.478
S-03,15,34.602
S-03,3,18.776
S-02,8,17.716
S-02,22,30.137
S-02,13,17.697
S-04,6,18.585
S-02,9,20.455
S-04,15,12.132
S-04,8,33.653
S-04,8,31.831
S-03,18,31.423
S-01,14,31.615
S-03,3,29.276
S-04,15,15.734
S-01,5,27.403
S-04,21,15.581
S-04,6,19.956
S-01,11,20.235
S-02,5,16.160
S-03,14,33.153
S-02,3,20.997
S-01,11,32.900
S-02,16,29.407
S-02,2,15.649
S-03,17,30.905
S-02,11,16.189
S-01,0,34.139
S-04,15,20.940
S-02,4,31.388
S-01,10,36.162
S-02,2,14.254
S-01,16,14.630
S-01,12,18.593
S-01,0,31.421
S-01,6,18.802
S-04,6,30.430
S-04,3,31.611
S-03,11,30.022
S-04,17,29.761
S-04,12,29.155
S-01,16,20.406
S-03,17,20.492
S-01,19,30.791
S-03,12,18.449
S-03,21,18.081
S-02,11,29.886
S-03,13,21.518
S-04,19,20.557
S-02,4,15.004
S-04,0,31.194
S-03,19,16.807
S-04,23,17.428
S-01,9,17.459
S-03,4,18.192
S-02,1,32.448
S-03,19,32.942
S-02,12,30.945
S-02,15,31.026
S-03,9,0.000
S-02,5,33.805
S-02,5,30.007
S-03,0,0.000
S-03,11,26.765
S-04,2,31.370
S-03,12,17.994
S-03,1,0.000
S-04,15,20.517
S-04,18,21.221
S-02,9,17.011
S-01,13,22.611
S-04,12,31.518
S-04,20,18.362
S-01,14,17.693
S-03,22,32.169
S-01,20,16.874
S-01,13,16.598
S-03,6,0.000
S-01,20,19.577
S-04,10,20.103
S-01,17,31.791
S-02,7,20.074
S-03,13,16.848
S-03,15,30.160
S-02,18,19.032
S-02,10,19.960
S-02,17,29.181
S-04,3,31.816
S-02,0,20.244
S-04,22,28.506
S-02,8,20.089
S-02,0,17.815
S-04,13,31.451
S-04,11,33.007
S-02,19,35.657
S-02,4,17.806
S-04,6,21.136
S-03,20,0.000
S-02,15,32.276
S-01,22,19.684
S-03,16,29.449
S-01,14,15.227
S-04,12,17.839
S-03,16,31.410
S-01,14,21.109
S-02,20,18.634
S-01,0,33.851
S-01,17,31.093
S-01,14,19.363
S-04,17,19.063
S-04,11,29.645
S-02,9,17.719
S-03,9,16.788
S-03,17,16.533
S-04,1,30.313
S-01,0,31.317
S-03,0,17.015
S-03,4,32.754
S-04,1,31.504
S-01,8,20.021
S-04,10,13.726
S-03,6,31.468
S-02,21,38.216
S-03,15,0.000
S-04,16,26.328
S-01,11,31.393
S-01,4,30.757
S-01,6,34.577
S-02,11,15.263
S-03,7,16.513
S-02,14,20.453
S-02,21,30.953
S-02,1,14.779
S-03,7,19.308
S-03,15,32.503
S-03,13,21.519
S-01,11,17.051
S-01,1,19.686
S-04,22,31.953
S-04,0,20.305
S-01,6,17.241
S-03,19,19.896
S-03,3,18.461
S-01,2,31.611
S-01,4,20.759
S-04,11,32.440
S-02,10,18.550
S-01,22,29.473
S-03,10,17.462
S-02,16,18.995
S-03,7,32.587
S-04,2,15.665
S-03,15,34.144
S-04,2,31.615
S-04,4,31.403
S-04,10,20.415
S-02,22,19.262
S-01,8,29.495
S-02,20,34.683
S-01,6,16.893
S-03,0,19.737
S-01,21,32.059
S-02,12,18.346
S-02,16,22.497
S-01,7,19.650
S-04,15,17.822
S-02,13,17.397
S-02,14,32.667
S-04,10,31.064
S-02,12,31.253
S-01,6,32.151
S-02,13,18.776
S-02,4,13.662
S-03,22,30.303
S-01,4,18.405
S-01,11,13.691
S-01,10,18.608
S-03,3,17.508
S-02,7,16.875
S-01,7,14.985
S-04,22,31.261
S-03,23,32.612
S-04,13,21.972
S-02,19,35.043
S-03,14,29.238
S-03,6,20.374
S-01,22,17.384
S-01,19,32.917
S-02,0,34.743
S-01,22,14.049
S-04,22,27.685
S-01,22,15.741
S-02,19,30.162
S-04,4,33.806
S-03,9,22.347
S-02,5,33.728
S-04,19,32.281
S-01,1,31.955
S-01,8,35.280
S-04,17,18.462
S-01,20,17.693
S-02,11,29.297
S-01,10,29.176
S-01,17,30.730
S-04,23,28.655
S-01,15,32.722
S-02,21,29.829
S-04,0,29.760
S-04,8,12.629
S-02,2,36.824
S-01,9,18.248
S-03,9,20.275
S-04,18,20.861
S-01,14,35.380
S-04,7,28.800
S-02,19,16.518
S-03,0,32.770
S-01,6,18.387
S-04,9,28.000
S-03,0,22.046
S-04,20,20.573
S-02,12,15.883
S-01,15,32.256
S-01,10,36.749
S-03,5,0.000
S-03,11,30.921
S-02,17,15.941
S-04,17,18.082
S-02,16,33.825
S-01,19,35.101
S-03,10,17.878
S-03,11,0.000
S-02,22,23.169
S-02,5,31.730
S-04,11,35.802
S-02,0,33.708
S-04,16,21.168
S-02,3,28.455
S-01,11,29.769
S-01,22,13.551
S-03,7,33.267
S-02,4,18.306
S-01,22,20.796
S-01,13,19.167
S-02,8,32.152
S-02,0,19.702
S-01,19,19.566
S-04,20,33.756
S-04,4,14.955
S-04,0,31.857
S-04,6,22.325
S-03,1,15.860
S-03,23,14.816
S-02,14,16.355
S-03,3,31.639
S-04,14,19.308
S-02,4,28.265
S-04,14,24.701
S-03,14,20.118
S-01,11,25.756
S-04,16,22.804
S-01,21,24.755
S-04,5,15.974
S-01,13,34.298
S-02,7,18.414
S-04,22,18.153
S-04,9,34.173
S-04,17,21.890
S-02,12,30.903
S-04,3,31.666
S-01,6,35.228
S-03,11,0.000
S-04,7,21.153
S-01,18,23.258
S-04,16,30.261
S-01,16,32.094
S-04,20,20.329
S-03,5,21.703
S-04,18,21.410
S-04,22,31.756
S-03,22,29.918
S-02,12,20.467
S-01,8,32.078
S-01,21,19.886
S-01,8,35.415
S-04,18,33.030
S-04,16,32.651
S-01,6,33.777
S-03,16,35.524
S-01,18,14.230
S-04,21,29.454
S-03,2,18.207
S-03,3,19.398
S-04,22,28.827
S-03,23,16.570
S-02,4,34.995
S-02,16,14.334
S-01,0,21.934
S-02,20,31.153
S-04,2,17.338
S-04,15,21.107
S-02,7,18.744
S-02,9,31.628
S-02,15,31.190
S-01,17,17.648
S-03,7,33.744
S-03,12,17.444
S-03,8,0.000
S-04,2,19.379
S-01,7,33.882
S-02,7,14.377
S-02,11,14.996
S-04,17,31.066
S-04,10,28.026
S-04,11,34.262
S-01,22,17.351
S-01,22,18.684
S-03,10,29.868
S-03,9,0.000
S-02,0,30.298
S-02,23,18.773
S-01,4,19.895
S-02,8,28.971
S-04,3,32.706
S-03,16,30.325
S-02,7,19.324
S-02,21,28.133
S-02,17,29.365
S-02,5,22.078
S-02,10,32.651
S-02,5,14.396
S-02,17,19.420
S-04,1,17.178
S-03,18,29.247
S-01,17,28.855
S-04,6,18.022
S-01,0,19.623
S-04,20,29.287
S-04,15,17.764
S-02,10,27.464
S-04,5,31.278
S-01,13,20.561
S-02,0,20.168
S-04,19,18.291
S-02,10,34.672
S-03,8,28.954
S-01,1,31.221
S-03,21,0.000
S-04,19,19.730
S-04,11,27.960
S-04,4,34.398
S-01,8,33.225
S-03,19,17.302
S-01,6,17.474
S-01,12,34.010
S-02,6,30.362
S-01,19,17.132
S-03,1,35.288
S-02,2,34.909
S-01,20,26.250
S-01,5,29.490
S-03,22,16.082
S-03,13,0.000
S-04,5,20.732
S-01,16,33.064
S-04,10,17.910
S-03,16,0.000
S-04,17,30.867
S-04,3,16.889
S-02,0,17.489
S-01,23,29.470
S-02,21,29.653
S-04,11,22.743
S-01,8,35.118
S-04,15,28.624
S-03,21,30.269
S-04,22,15.013
S-02,6,30.241
S-04,7,29.771
S-01,5,30.535
S-03,21,29.790
S-02,7,17.698
S-03,7,14.758
S-04,15,31.104
S-01,0,20.358
S-02,22,28.770
S-01,18,20.092
S-01,19,34.566
S-03,16,31.804
S-02,22,16.444
S-03,5,35.934
S-03,19,20.505
S-03,12,16.655
S-03,14,30.727
S-02,14,16.842
S-01,10,20.609
S-01,15,14.258
S-02,20,20.461
S-03,18,19.794
S-04,16,34.535
S-03,17,36.675
S-01,4,33.152
S-01,20,22.255
S-03,6,34.218
S-03,12,33.191
S-01,14,20.251
S-02,17,16.913
S-02,21,28.246
S-01,6,29.469
S-02,13,19.511
S-01,9,33.958
S-01,3,33.596
S-03,2,25.609
S-02,5,32.754
S-03,0,27.900
S-02,18,20.024
S-03,6,29.813
S-03,23,17.163
S-01,16,18.579
S-02,2,21.770
S-01,10,24.072
S-04,8,33.745
S-03,13,19.090
S-02,1,34.849
S-01,6,18.513
S-03,23,0.000
S-01,2,31.168
S-02,21,16.036
S-01,15,31.140
S-04,5,17.149
S-02,2,14.116
S-02,11,29.574
S-01,8,33.910
S-04,0,31.708
S-03,11,19.718
S-02,0,23.745
S-04,12,17.085
S-03,3,33.757
S-02,15,20.956
S-04,22,30.719
S-01,6,38.252
S-02,2,33.079
S-01,18,16.718
S-02,2,30.674
S-01,16,18.267
S-01,22,21.713
S-04,5,16.932
S-02,10,20.640
S-01,21,18.412
S-01,4,28.629
S-03,16,17.645
S-01,14,34.094
S-04,8,13.507
S-03,16,32.118
S-04,23,13.945
S-01,23,31.639
S-03,15,29.330
S-03,1,19.299
S-04,15,19.982
S-02,12,20.239
S-01,5,27.440
S-04,14,34.334
S-01,20,30.969
S-01,2,17.086
S-02,22,33.135
S-01,0,33.488
S-02,23,20.120
S-01,1,32.974
S-02,8,33.694
S-03,5,37.370
S-04,14,30.366
S-04,16,34.500
S-02,1,30.091
S-04,13,31.995
S-03,14,20.532
S-04,8,29.398
S-02,23,30.239
S-01,19,29.584
S-03,23,15.098
S-01,2,15.863
S-03,20,20.180
S-04,9,33.660
S-04,19,32.104
S-01,18,29.679
S-03,17,15.884
S-03,13,15.947
S-03,15,18.025
S-04,15,17.561
S-01,2,34.199
S-01,18,19.711
S-04,23,27.509
S-03,23,26.176
S-01,22,16.339
S-02,23,18.673
S-01,19,14.476
S-03,22,0.000
S-01,18,17.343
S-04,4,17.790
S-01,23,20.806
S-04,9,17.043
S-02,18,32.251
S-02,23,33.880
S-02,4,30.466
S-01,19,28.852
S-01,0,29.750
S-03,1,18.429
S-01,7,16.685
S-03,5,15.054
S-01,1,16.016
S-02,8,30.849
S-01,4,27.888
S-04,23,29.720
S-04,19,32.304
S-01,3,29.567
S-02,19,16.429
S-03,9,27.124
S-01,18,18.004
S-04,0,20.324
S-02,6,30.052
S-03,1,0.000
S-02,21,17.698
S-01,22,31.665
S-01,12,33.110
S-01,20,17.035
S-01,15,18.726
S-02,2,30.554
S-03,6,18.931
S-01,3,14.837
S-01,22,20.385
S-03,18,18.514
S-03,13,37.918
S-04,23,31.542
S-01,18,16.759
S-02,17,30.628
S-02,14,18.879
S-01,22,18.765
S-04,23,18.630
S-04,0,26.652
S-01,6,19.608
S-04,7,20.765
S-02,13,16.279
S-02,5,16.372
S-01,9,12.624
S-04,4,33.010
S-04,4,18.426
S-03,17,0.000
S-04,20,19.051
S-03,0,28.126
S-04,17,15.515
S-04,18,29.217
S-01,9,31.473
S-04,4,19.035
S-04,19,32.895
S-01,0,32.126
S-01,3,16.404
S-03,12,31.845
S-02,14,30.355
S-02,16,34.801
S-03,6,0.000
S-04,21,19.335
S-04,2,28.747
S-01,19,32.734
S-04,9,34.052
S-01,23,33.633
S-01,22,17.189
S-02,4,17.622
S-01,12,32.480
S-02,10,17.574
S-03,16,29.292
S-04,16,26.266
S-04,7,12.676
S-03,15,36.312
S-03,5,30.859
S-01,13,33.603
S-02,16,18.699
S-04,19,19.834
S-03,3,0.000
S-04,5,24.778
S-02,5,29.235
S-01,10,35.510
S-03,17,16.626
S-01,10,28.214
S-01,3,33.959
S-02,19,21.379
S-04,9,17.553
S-02,1,32.138
S-02,16,20.515
S-03,13,17.181
S-01,0,29.959
S-04,1,32.688
S-02,19,20.049
S-02,7,33.411
S-04,12,34.190
S-02,12,17.832
S-01,20,31.444
S-04,9,18.970
S-04,14,31.029
S-02,6,32.527
S-01,20,30.036
S-02,21,28.129
S-03,16,21.580
S-04,22,34.246
S-04,9,18.032
S-01,6,18.003
S-03,15,30.593
S-03,22,16.777
S-02,16,17.631
S-02,5,32.709
S-03,8,0.000
S-02,22,17.438
S-02,18,19.545
S-03,6,0.000
S-01,2,34.121
S-02,3,28.543
S-01,0,33.258
S-01,1,20.136
S-04,16,35.810
S-01,16,19.138
S-04,15,17.386
S-04,1,20.650
S-04,5,16.106
S-02,0,30.804
S-03,4,18.283
S-03,20,26.422
S-01,20,33.170
S-01,17,18.780
S-04,13,31.976
S-01,18,20.330
S-01,21,30.594
S-02,3,21.061
S-04,20,30.044
S-03,8,34.803
S-02,3,33.626
S-03,19,21.070
S-02,19,36.791
S-03,20,31.529
S-03,16,0.000
S-03,11,0.000
S-01,1,18.557
S-02,19,30.523
S-03,14,0.000
S-01,10,31.067
S-03,3,0.000
S-02,20,20.031
S-04,22,18.288
S-03,23,18.309
S-01,4,18.382
S-04,12,15.316
S-04,19,32.787
S-02,7,18.492
S-02,10,31.143
S-04,2,29.831
S-04,14,17.660
S-03,5,20.721
S-02,13,13.423
S-02,23,30.196
S-01,6,16.236
S-01,22,31.105
S-03,19,18.576
S-03,4,0.000
S-04,14,18.918
S-01,17,31.827
S-03,3,17.628
S-04,4,26.985
S-04,21,29.811
S-02,15,17.258
S-02,6,19.579
S-04,18,18.549
S-04,1,31.032
S-03,2,0.000
S-01,22,28.547
S-02,22,21.106
S-04,5,18.254
S-01,20,28.282
S-02,13,19.337
S-03,0,34.436
S-02,18,20.744
S-04,0,16.495
S-04,17,22.694
S-02,9,33.518
S-03,20,29.708
S-02,12,37.029
S-04,13,33.416
S-01,21,30.437
S-01,6,20.892
S-02,17,31.214
S-02,12,35.069
S-03,13,0.000
S-01,21,19.707
S-02,15,17.232
S-01,23,14.006
S-04,16,28.587
S-04,14,35.930
S-04,12,31.210
S-01,4,19.064
S-04,1,17.366
S-01,22,20.109
S-04,23,31.784
S-04,0,20.618
S-04,4,32.649
S-02,13,18.449
S-04,3,33.984
S-04,7,32.243
S-04,12,29.508
S-01,15,20.543
S-02,12,33.551
S-04,1,21.039
S-01,3,31.817
S-04,6,37.414
S-02,0,17.795
S-01,13,19.272
S-03,15,17.469
S-01,11,30.528
S-03,23,29.617
S-04,2,27.461
S-04,20,18.261
S-04,3,21.681
S-04,18,32.242
S-03,19,35.713
S-03,22,21.740
S-02,8,27.662
S-03,0,16.348
S-01,16,32.452
S-02,22,15.976
S-04,14,16.047
S-01,3,18.900
S-02,12,15.080
S-01,12,20.330
S-03,10,34.958
S-04,23,16.912
S-03,15,0.000
S-04,18,33.659
S-01,20,34.050
S-04,14,17.655
S-03,12,0.000
S-01,15,18.419
S-01,2,30.259
S-04,11,15.355
S-01,6,32.764
S-03,20,0.000
S-04,5,21.878
S-03,0,0.000
S-02,9,20.202
S-02,23,22.228
S-02,23,32.728
S-01,16,17.106
S-04,0,32.959
S-02,3,18.186
S-02,10,31.542
S-03,16,0.000
S-03,20,18.403
S-02,3,19.157
S-02,19,18.323
S-02,17,35.557
S-04,9,32.017
S-04,10,18.066
S-04,1,22.051
S-03,11,31.956
S-04,22,31.702
S-04,19,12.682
S-04,17,21.166
S-02,10,15.943
S-01,6,17.564
S-03,11,19.753
S-01,14,31.954
S-02,0,17.742
S-04,5,32.132
S-01,4,31.723
S-04,0,25.849
S-03,10,18.650
S-04,0,16.720
S-03,21,18.963
S-03,21,0.000
S-03,6,31.295
S-02,20,34.622
S-03,10,33.571
S-01,9,31.141
S-03,11,30.865
S-04,11,18.680
S-02,19,18.503
S-02,1,29.811
S-02,15,33.053
S-03,21,16.399
S-02,12,21.781
S-04,19,20.318
S-01,17,19.526
S-02,21,17.346
S-04,6,31.606
S-01,11,30.472
S-02,3,18.237
S-03,12,11.619
S-02,12,34.031
S-02,16,32.724
S-01,7,35.545
S-02,5,29.049
S-04,23,20.841
S-03,5,31.458
S-02,21,29.567
S-02,3,33.065
S-02,7,17.075
S-03,14,0.000
S-02,21,34.735
S-03,8,0.000
S-04,13,16.825
S-01,12,18.791
S-02,22,18.702
S-01,11,33.400
S-03,8,0.000
S-04,20,30.129
S-01,14,17.441
S-02,19,20.574
S-02,12,32.008
S-04,8,30.908
S-02,2,15.008
S-03,19,32.366
S-02,12,20.850
S-03,10,0.000
S-01,12,17.235
S-02,13,33.490
S-04,7,16.261
S-03,4,19.775
S-02,22,18.471
S-02,1,17.306
S-04,6,16.251
S-04,5,31.166
S-01,2,20.892
S-02,22,20.788
S-02,11,31.864
S-01,13,21.809
S-01,8,17.788
S-04,14,18.763
S-03,8,33.566
S-03,9,17.233
S-01,4,31.711
S-03,12,0.000
S-04,14,17.564
S-04,5,33.103
S-02,20,20.703
S-02,1,16.775
S-03,21,19.491
S-02,9,19.082
S-04,17,18.297
S-01,9,31.494
S-03,5,0.000
S-03,16,34.127
S-02,6,21.879
S-02,4,33.961
S-02,22,20.459
S-04,7,31.495
S-01,4,30.111
S-04,0,32.868
S-02,21,33.219
S-01,17,18.465
S-02,19,34.540
S-02,22,18.899
S-02,17,16.973
S-04,9,30.673
S-01,20,30.642
S-04,12,34.418
S-04,18,19.716
S-02,9,35.907
S-01,19,29.252
S-02,11,33.821
S-01,11,20.567
S-02,18,32.262
S-02,15,32.062
S-01,19,19.513
S-04,20,35.481
S-01,19,18.968
S-01,2,18.257
S-03,19,31.907
S-04,4,22.890
S-04,23,19.298
S-01,6,20.234
S-01,2,15.256
S-02,4,32.135
S-01,2,14.975
S-01,20,19.555
S-04,17,17.889
S-01,23,22.049
S-03,13,19.190
S-01,21,29.557
S-03,19,27.999
S-03,13,31.953
S-02,19,29.065
S-02,5,32.226
S-01,16,19.892
S-01,11,17.840
S-02,2,32.252
S-04,11,33.641
S-02,16,32.006
S-04,15,31.009
S-01,8,22.454
S-04,2,20.151
S-04,3,18.234
S-03,13,14.712
S-02,16,19.384
S-01,3,21.935
S-02,13,31.283
S-03,19,29.804
S-01,21,37.535
S-03,21,32.311
S-01,0,17.252
S-02,16,29.996
S-02,1,31.416
S-02,19,17.913
S-01,11,35.093
S-03,2,28.317
S-04,18,18.751
S-02,23,30.010
S-02,18,30.353
S-01,10,19.614
S-01,8,18.184
S-03,16,16.376
S-03,5,17.173
S-03,17,27.122
S-01,16,37.070
S-03,13,30.630
S-01,13,29.657
S-01,23,19.865
S-04,17,19.259
S-04,19,20.278
S-02,21,20.158
S-01,15,15.318
S-02,5,17.978
S-04,11,35.380
S-03,15,17.918
S-04,4,26.799
S-03,10,29.089
S-02,10,19.870
S-02,22,17.032
S-04,14,22.093
S-04,7,21.126
S-02,6,33.211
S-04,2,26.536
S-02,11,16.882
S-02,21,17.267
S-04,17,31.585
S-03,3,28.739
S-01,1,31.161
S-02,2,31.671
S-04,20,16.256
S-02,3,18.130
S-04,23,29.937
S-01,19,33.200
S-04,15,18.344
S-01,19,17.170
S-04,2,29.712
S-01,22,32.055
S-01,23,17.573
S-01,11,32.033
S-02,9,19.437
S-04,10,32.297
S-03,20,0.000
S-04,0,17.485
S-03,18,28.887
S-01,11,31.941
S-02,18,17.562
S-03,17,29.594
S-02,22,31.944
S-01,18,18.141
S-01,2,22.021
S-01,19,19.043
S-03,9,26.834
S-01,19,33.363
S-04,10,33.130
S-04,3,29.830
S-01,22,30.626
S-03,14,17.305
S-04,16,31.330
S-02,22,34.374
S-01,8,28.716
S-03,3,0.000
S-04,11,18.377
S-01,18,31.116
S-03,5,30.834
S-04,9,31.357
S-03,6,20.483
S-02,13,16.944
S-04,17,18.210
S-02,12,26.727
S-01,8,16.998
S-01,12,17.205
S-02,14,18.009
S-02,12,27.884
S-02,4,19.984
S-03,12,17.526
S-03,8,27.136
S-04,4,21.462
S-01,4,32.979
S-03,18,29.782
S-01,0,29.659
S-04,22,16.391
S-02,15,16.404
S-04,21,19.565
S-01,14,20.506
S-03,5,32.454
S-01,15,19.874
S-01,14,16.901
S-03,8,17.485
S-02,17,28.149
S-01,15,18.370
S-01,9,16.457
S-03,18,18.314
S-03,14,15.740
S-04,17,19.773
S-03,18,29.356
S-03,15,17.495
S-04,0,15.027
S-03,13,16.095
S-01,6,33.406
S-01,1,27.439
S-04,2,31.660
S-01,6,33.876
S-02,15,18.183
S-02,21,26.148
S-01,22,17.755
S-04,15,27.227
S-01,2,28.956
S-02,4,19.467
S-01,9,17.297
S-02,9,17.097
S-01,14,33.062
S-02,8,16.625
S-04,21,29.814
S-01,7,19.540
S-02,19,32.968
S-04,17,25.379
S-01,4,31.869
S-02,4,36.059
S-01,7,18.766
S-01,0,22.574
S-01,15,30.329
S-01,22,14.589
S-04,16,20.245
S-01,15,28.441
S-04,23,28.950
S-01,18,29.397
S-03,0,17.087
S-03,21,35.806
S-02,14,30.636
S-03,2,30.745
S-01,12,28.009
S-03,4,34.203
S-04,16,33.354
S-01,16,31.214
S-02,14,30.719
S-01,19,18.207
S-02,17,29.780
S-04,5,21.736
S-04,7,17.303
S-01,21,14.188
S-04,18,34.965
S-04,5,19.014
S-03,6,18.000
S-02,10,20.728
S-02,16,30.691
S-04,4,19.922
S-04,21,20.550
S-03,15,33.529
S-02,16,18.627
S-03,10,31.594
S-02,21,35.095
S-03,8,16.214
S-04,19,15.958
S-03,10,22.731
S-04,4,20.296
S-01,0,28.626
S-02,18,28.060
S-02,4,31.878
S-02,2,29.892
S-03,5,17.300
S-03,1,28.743
S-01,12,20.880
S-01,5,19.246
S-02,4,31.183
S-04,11,34.643
S-04,21,24.150
S-04,19,18.386
S-03,10,0.000
S-02,11,15.808
S-02,17,17.107
S-03,16,33.416
S-01,2,29.578
S-04,17,29.075
S-02,6,16.206
S-03,2,18.244
S-02,13,17.175
S-03,21,0.000
S-03,3,34.312
S-03,20,0.000
S-04,17,16.623
S-03,9,31.926
S-02,4,30.690
S-02,5,17.021
S-02,3,16.410
S-01,17,18.719
S-04,10,22.188
S-03,14,30.250
S-04,18,33.675
S-02,16,19.920
S-04,8,20.032
S-01,16,27.741
S-02,6,32.017
S-01,5,18.221
S-02,12,18.571
S-03,14,19.228
S-04,12,30.235
S-02,8,36.235
S-02,22,18.504
S-02,16,33.468
S-02,19,26.651
S-01,5,33.799
S-02,1,17.264
S-04,6,33.679
S-04,5,21.485
S-01,19,19.317
S-02,1,20.510
S-02,16,32.305
S-03,16,16.971
S-04,2,17.173
S-03,2,23.122
S-01,9,17.113
S-01,6,18.467
S-03,3,36.028
S-02,1,17.573
S-03,12,18.789
S-02,17,33.216
S-02,1,33.068
S-04,11,18.479
S-04,16,26.498
S-04,18,32.029
S-02,5,29.419
S-02,23,29.047
S-03,1,0.000
S-02,2,30.831
S-02,14,32.467
S-04,23,31.218
S-04,20,31.551
S-04,0,21.407
S-01,2,20.895
S-04,6,17.621
S-03,21,26.230
S-04,0,21.044
S-04,5,29.895
S-04,9,17.774
S-03,10,17.439
S-01,17,31.850
S-03,4,28.548
S-01,6,29.292
S-03,18,32.137
S-02,23,18.317
S-02,10,16.975
S-04,18,28.974
S-04,10,31.909
S-02,6,31.736
S-03,5,16.183
S-04,22,22.331
S-04,9,31.731
S-04,6,15.520
S-03,6,31.995
S-04,5,18.787
S-01,9,28.588
S-02,18,18.281
S-02,5,18.226
S-04,4,18.880
S-03,13,36.314
S-01,19,29.921
S-01,21,29.178
S-04,6,17.335
S-02,0,30.793
S-04,12,19.019
S-04,18,18.972
S-04,10,27.921
S-03,11,0.000
S-02,13,17.198
S-02,10,32.647
S-04,16,30.134
S-04,19,31.752
S-01,0,20.515
S-01,14,18.685
S-02,12,15.256
S-02,8,19.108
S-04,13,29.984
S-02,21,32.064
S-01,15,15.494
S-04,15,25.253
S-02,20,18.843
S-01,21,19.942
S-04,3,32.661
S-03,2,18.941
S-04,3,33.875
S-04,0,21.657
S-01,14,17.895
S-01,13,17.723
S-01,15,29.333
S-02,11,32.187
S-03,17,0.000
S-01,20,33.694
S-03,18,27.407
S-02,4,32.121
S-02,4,17.733
S-03,17,0.000
S-04,13,34.624
S-03,13,19.267
S-03,14,0.000
S-01,18,19.157
S-04,13,21.998
S-02,18,31.714
S-02,15,21.162
S-01,10,31.915
S-04,13,17.810
S-01,1,31.170
S-01,5,16.363
S-04,10,18.305
S-02,4,31.424
S-04,19,17.152
S-01,22,16.349
S-03,5,26.997
S-01,21,31.258
S-02,8,30.044
S-01,21,18.996
S-02,20,28.778
S-04,19,18.892
S-04,15,21.015
S-04,15,20.324
S-03,23,19.425
S-04,18,29.698
S-03,16,18.645
S-04,22,30.124
S-01,1,16.380
S-04,21,15.663
S-01,18,33.397
S-04,11,16.689
S-03,13,32.162
S-04,1,31.800
S-03,5,32.265
S-02,0,16.441
S-02,10,16.625
S-01,0,29.509
S-03,16,14.834
S-02,16,20.102
S-01,15,21.332
S-04,20,18.514
S-03,15,32.254
S-03,18,32.237
S-01,1,18.722
S-02,11,19.094
S-03,7,33.786
S-01,7,28.206
S-02,12,32.303
S-01,9,36.411
S-02,19,17.523
S-02,9,28.871
S-03,16,31.536
S-04,15,17.735
S-02,9,31.778
S-01,7,31.962
S-04,9,33.780
S-02,13,19.801
S-02,7,19.662
S-01,22,18.284
S-02,11,15.157
S-01,1,37.724
S-03,9,21.252
S-04,4,34.588
S-03,3,32.118
S-02,16,17.286
S-04,5,18.750
S-02,23,36.836
S-01,15,17.289
S-02,19,31.667
S-02,5,29.324
S-03,18,14.989
S-03,14,0.000
S-04,3,17.347
S-02,6,16.262
S-01,9,35.877
S-02,0,21.368
S-04,21,27.882
S-03,5,30.145
S-03,10,17.529
S-03,10,31.873
S-01,18,28.535
S-04,21,18.817
S-04,14,17.698
S-04,4,18.759
S-04,1,20.647
S-04,12,27.788
S-02,22,22.614
S-03,20,30.388
S-04,15,32.489
S-03,10,26.652
S-03,10,20.684
S-01,20,30.453
S-03,5,0.000
S-02,12,14.135
S-03,11,0.000
S-03,16,15.627
S-01,3,32.418
S-03,10,30.997
S-04,2,30.855
S-04,10,19.814
S-01,0,19.087
S-03,13,31.929
S-04,19,32.418
S-01,21,16.413
S-02,19,15.542
S-01,14,22.639
S-03,13,31.761
S-01,18,16.438
S-02,23,22.992
S-02,14,29.041
S-01,23,20.616
S-04,15,12.911
S-03,7,31.567
S-01,5,32.277
S-04,3,21.919
S-04,11,33.561
S-03,19,0.000
S-04,12,31.975
S-02,6,19.526
S-03,9,33.821
S-03,7,28.692
S-02,9,19.278
S-01,20,35.216
S-01,2,18.888
S-03,8,20.263
S-03,19,31.875
S-04,14,19.842
S-03,18,34.388
S-03,2,0.000
S-01,23,30.385
S-03,23,0.000
S-03,1,33.522
S-01,21,30.466
S-02,18,22.141
S-04,17,18.540
S-01,21,18.265
S-03,0,18.436
S-01,14,32.019
S-03,13,16.772
S-03,18,0.000
S-02,1,16.103
S-03,7,18.996
S-04,23,20.214
S-02,23,34.149
S-02,23,22.174
S-01,21,29.720
S-02,1,33.379
S-02,6,18.424
S-01,3,15.141
S-04,20,14.127
S-01,20,17.414
S-02,15,32.827
S-02,15,32.882
S-03,4,21.280
S-02,19,30.594
S-04,6,22.379
S-04,15,32.082
S-02,1,17.957
S-04,5,34.274
S-03,6,0.000
S-04,9,19.364
S-04,10,19.873
S-04,4,19.080
S-03,9,19.221
S-04,2,16.552
S-04,1,20.391
S-04,12,22.626
S-04,15,14.570
S-01,7,13.117
S-01,3,30.406
S-04,18,17.414
S-04,22,18.912
S-03,9,18.671
S-02,5,22.870
S-03,0,20.076
S-04,3,19.799
S-02,5,26.459
S-01,16,19.747
S-01,15,27.231
S-04,5,19.870
S-03,6,29.215
S-03,19,30.356
S-01,19,31.524
S-04,14,15.641
S-01,22,18.841
S-04,21,18.450
S-02,11,30.094
S-02,7,17.576
S-01,21,27.602
S-01,4,30.156
S-02,1,19.048
S-03,4,18.541
S-01,6,23.601
S-03,21,24.131
S-03,8,31.388
S-04,7,20.614
S-03,21,19.192
S-03,12,0.000
S-03,12,18.382
S-04,16,18.721
S-03,23,15.817
S-02,9,32.309
S-03,5,19.206
S-01,15,15.514
S-02,2,18.619
S-02,4,32.061
S-02,12,33.201
S-04,12,17.519
S-01,4,29.534
S-01,12,33.734
S-01,16,33.950
S-02,14,19.207
S-03,9,18.989
S-02,17,30.605
S-02,18,31.289
S-03,23,16.258
S-02,6,32.693
S-03,6,29.056
S-03,23,32.004
S-01,1,19.021
S-02,13,19.132
S-03,7,33.561
S-04,23,33.665
S-03,15,31.555
S-01,15,30.317
S-03,0,0.000
S-02,4,33.989
S-03,22,19.243
S-01,4,14.184
S-02,16,34.245
S-03,12,34.143
S-03,18,21.855
S-04,1,31.072
S-01,2,32.632
S-01,18,32.289
S-04,0,18.642
S-04,12,31.511
S-01,16,25.934
S-04,22,21.779
S-03,18,35.449
S-01,4,18.093
S-03,2,17.042
S-03,18,20.712
S-01,17,30.166
S-04,12,18.887
S-01,2,32.679
S-04,21,17.364
S-04,1,29.964
S-03,3,33.074
S-01,1,30.966
S-02,20,20.788
S-01,4,16.851
S-01,15,30.672
S-01,2,31.519
S-01,19,17.559
S-01,3,25.226
S-03,6,17.826
S-01,6,20.398
S-03,19,20.090
S-01,15,18.163
S-01,15,31.113
S-03,2,19.545
S-01,6,19.248
S-04,16,32.576
S-04,2,17.613
S-04,0,19.376
S-02,5,18.279
S-03,22,28.246
S-03,14,34.517
S-01,19,28.438
S-04,13,17.796
S-01,21,32.429
S-01,10,20.582
S-03,10,16.864
S-02,7,19.018
S-01,16,19.258
S-04,18,20.117
S-03,12,33.664
S-04,11,33.001
S-02,4,19.777
S-01,21,33.560
S-03,23,33.397
S-04,1,17.760
S-02,0,34.890
S-01,1,30.698
S-02,7,19.547
S-04,14,23.411
S-03,16,21.585
S-01,6,18.157
S-01,19,30.722
S-01,5,28.539
S-02,11,31.805
S-01,8,30.058
S-04,3,18.634
S-02,7,18.638
S-02,3,31.581
S-01,19,20.926
S-02,11,31.156
S-03,2,0.000
S-04,3,33.836
S-01,21,20.824
S-04,11,29.254
S-01,9,29.806
S-03,21,18.318
S-02,17,17.528
S-03,6,0.000
S-02,15,18.292
S-03,23,30.552
S-01,8,32.061
S-03,11,17.143
S-02,16,16.350
S-02,0,17.596
S-02,13,20.285
S-04,19,34.998
S-04,8,19.434
S-02,8,32.634
S-04,7,20.534
S-03,3,15.877
S-03,13,16.951
S-02,0,34.286
S-01,4,15.774
S-01,13,17.424
S-03,4,20.006
S-03,3,18.922
S-03,3,18.873
S-01,22,21.567
S-04,18,18.404
S-01,6,18.466
S-04,1,17.963
S-01,10,17.364
S-01,1,20.205
S-03,5,18.839
S-01,4,17.449
S-02,22,21.792
S-04,9,17.392
S-01,0,30.583
S-04,17,32.777
S-03,19,29.196
S-04,4,30.680
S-01,10,21.133
S-04,21,17.956
S-02,10,28.882
S-04,23,30.087
S-03,20,29.574
S-02,22,18.501
S-01,0,21.734
S-04,4,19.943
S-04,19,19.714
S-03,4,32.158
S-04,13,22.241
S-04,19,18.463
S-04,15,25.941
S-01,1,30.552
S-01,17,35.362
S-03,23,19.541
S-03,14,31.954
S-03,10,0.000
S-04,13,19.683
S-01,19,27.890
S-04,17,33.863
S-02,3,30.314
S-01,12,18.895
S-04,12,31.690
S-04,14,21.158
S-04,7,32.649
S-01,23,16.148
S-02,15,36.734
S-02,7,29.015
S-01,21,17.599
S-01,0,26.989
S-02,7,20.583
S-04,21,29.189
S-02,23,32.722
S-01,17,32.855
S-01,22,16.452
S-01,23,20.637
S-02,19,18.778
S-03,8,14.365
S-03,2,33.631
S-03,3,19.543
S-03,12,15.547
S-01,11,18.594
S-03,18,0.000
S-01,6,16.797
S-02,0,17.538
S-02,0,21.684
S-04,19,30.727
S-02,22,28.883
S-03,4,18.024
S-02,9,14.576
S-02,0,28.165
S-03,17,0.000
S-02,3,27.397
S-02,14,32.852
S-02,22,18.666
S-03,1,31.083
S-04,8,28.057
S-04,2,29.438
S-04,2,31.561
S-03,15,16.116
S-01,13,16.931
S-03,5,29.399
S-01,23,18.028
S-03,3,32.700
S-03,2,17.605
S-01,15,32.229
S-01,16,20.694
S-03,21,32.012
S-03,0,17.827
S-04,22,16.013
S-01,18,15.575
S-04,13,27.631
S-01,21,32.846
S-02,13,31.903
S-01,7,20.648
S-04,1,17.318
S-04,12,32.341
S-01,2,32.006
S-04,23,34.319
S-04,6,18.562
S-04,7,20.346
S-02,21,17.304
S-03,0,34.084
S-04,8,32.144
S-03,23,0.000
S-03,17,26.503
S-04,12,16.507
S-03,15,20.413
S-03,6,12.429
S-03,14,18.598
S-04,19,18.298
S-02,8,33.967
S-01,16,32.852
S-04,12,29.940
S-04,11,17.734
S-02,15,33.054
S-04,1,17.139
S-01,15,33.379
S-04,20,16.283
S-01,21,29.502
S-01,2,31.292
S-04,4,29.372
S-03,9,28.731
S-03,12,34.979
S-04,11,26.589
S-01,7,16.668
S-02,18,31.810
S-02,17,18.433
S-03,15,15.691
S-02,6,20.738
S-03,19,28.193
S-01,10,33.668
S-02,15,32.605
S-03,7,30.076
S-02,17,20.389
S-01,21,17.082
S-03,2,16.696
S-04,23,16.438
S-02,18,18.812
S-02,17,27.557
S-04,23,20.008
S-02,22,33.467
S-04,3,30.338
S-02,8,29.841
S-04,4,29.887
S-03,2,28.240
S-03,10,0.000
S-04,20,27.518
S-02,4,28.890
S-04,16,31.504
S-02,1,31.387
S-02,18,16.097
S-03,7,0.000
S-03,0,19.659
S-02,22,15.718
S-02,18,19.096
S-03,23,0.000
S-04,8,36.554
S-04,12,16.011
S-03,0,32.558
S-01,6,18.411
S-02,22,33.155
S-01,16,29.065
S-01,2,27.737
S-02,0,32.230
S-03,0,18.555
S-04,7,18.539
S-01,19,29.764
S-04,13,19.333
S-03,5,23.246
S-03,19,0.000
S-02,4,19.397
S-02,4,31.722
S-02,8,20.627
S-03,1,19.194
S-02,22,33.818
S-03,18,29.230
S-02,3,28.602
S-03,8,31.569
S-02,5,21.581
S-01,6,38.523
S-01,20,29.951
S-02,14,18.318
S-01,19,29.863
S-02,3,33.696
S-03,16,0.000
S-02,3,17.627
S-04,11,28.617
S-04,11,30.378
S-03,1,0.000
S-02,23,19.510
S-01,1,33.486
S-02,4,32.794
S-01,11,30.376
S-03,19,32.627
S-01,13,16.699
S-01,19,34.161
S-02,18,34.589
S-04,11,31.910
S-04,0,28.192
S-03,19,31.456
S-04,4,18.525
S-02,22,16.748
S-01,9,33.868
S-04,1,30.848
S-02,17,17.036
S-01,9,19.212
S-02,17,27.469
S-01,20,26.314
S-04,5,17.545
S-02,9,30.467
S-03,16,35.045
S-04,15,16.737
S-01,20,15.724
S-02,17,26.766
S-02,20,14.696
S-01,10,30.246
S-02,12,35.238
S-03,6,30.957
S-03,8,30.325
S-04,17,30.807
S-01,2,32.063
S-01,17,19.533
S-03,12,33.746
S-01,17,32.164
S-04,4,14.994
S-03,16,31.357
S-04,21,27.748
S-03,6,0.000
S-01,9,21.934
S-02,6,32.046
S-01,9,20.219
S-03,14,16.275
S-03,14,30.724
S-04,8,17.858
S-03,0,16.866
S-04,12,29.322
S-04,14,21.291
S-04,3,32.449
S-02,16,14.000
S-03,18,0.000
S-02,3,30.119
S-04,3,35.164
S-03,6,18.788
S-02,6,29.080
S-03,12,27.553
S-03,10,17.694
S-01,19,21.344
S-01,7,19.092
S-01,7,28.564
S-01,18,15.471
S-01,12,30.507
S-04,15,22.402
S-03,11,24.152
S-01,3,17.378
S-03,12,20.666
S-01,4,29.076
S-04,11,16.880
S-03,15,18.853
S-03,2,0.000
S-02,14,17.891
S-01,5,19.997
S-04,2,27.623
S-03,6,0.000
S-03,9,31.871
S-04,18,16.649
S-04,12,16.471
S-03,20,14.934
S-01,12,30.263
S-04,18,16.071
S-03,13,14.395
S-03,22,32.865
S-04,13,31.973
S-04,8,34.930
S-01,0,15.582
S-04,10,16.433
S-03,16,32.114
S-03,14,0.000
S-01,5,33.756
S-04,11,28.093
S-03,9,0.000
S-02,9,23.296
S-01,13,32.373
S-04,16,16.856
S-04,9,33.818
S-04,12,31.174
S-02,16,28.151
S-04,1,17.067
S-04,5,17.559
S-03,13,0.000
S-02,23,30.873
S-01,10,17.478
S-02,1,28.323
S-04,12,33.756
S-03,20,26.396
S-04,11,17.410
S-03,23,19.887
S-01,0,30.814
S-02,20,29.286
S-04,23,30.253
S-01,16,33.749
S-01,0,18.900
S-03,18,36.217
S-02,2,32.856
S-03,1,17.675
S-01,1,34.001
S-01,18,24.336
S-03,12,31.440
S-01,10,18.659
S-02,4,18.306
S-02,22,20.167
S-04,18,28.431
S-02,18,28.289
S-04,1,20.085
S-04,0,34.759
S-03,23,17.419
S-03,12,17.923
S-01,11,18.104
S-02,7,20.179
S-01,5,31.962
S-01,9,16.814
S-04,0,14.795
S-01,2,33.475
S-01,19,29.712
S-02,3,20.172
S-04,4,19.575
S-03,4,30.342
S-03,11,17.371
S-01,4,17.047
S-01,15,16.385
S-03,16,17.612
S-04,4,18.719
S-01,21,20.312
S-01,22,19.262
S-02,10,29.619
S-01,14,32.324
S-02,17,23.462
S-03,22,18.670
S-01,4,26.753
S-01,11,35.810
S-04,22,23.241
S-03,1,33.498
S-01,23,30.796
S-02,23,21.502
S-03,14,0.000
S-02,9,33.056
S-03,18,0.000
S-01,14,34.552
S-02,11,28.957
S-04,14,15.128
S-04,20,29.953
S-03,15,33.817
S-04,3,31.149
S-03,15,31.269
S-03,7,17.920
S-01,10,19.080
S-04,16,32.726
S-01,3,18.930
S-04,18,19.609
S-02,20,17.774
S-01,16,34.195
S-03,5,30.799
S-04,17,30.920
S-04,17,29.063
S-03,6,0.000
S-02,0,29.733
S-04,5,12.023
S-03,21,33.557
S-01,18,30.758
S-01,5,29.742
S-04,7,18.436
S-01,21,32.898
S-04,6,34.056
S-04,13,15.528
S-02,5,34.135
S-04,11,32.443
S-01,5,29.425
S-04,3,28.594
S-03,4,0.000
S-02,16,17.832
S-03,21,16.705
S-03,6,17.709
S-03,11,0.000
S-04,18,32.150
S-02,20,18.016
S-03,20,33.618
S-03,13,0.000
S-02,11,20.641
S-03,12,33.330
S-01,5,27.479
S-03,7,18.726
S-02,23,30.523
S-04,13,19.231
S-03,21,18.701
S-01,11,31.327
S-02,14,33.043
S-04,4,31.467
S-01,5,19.944
S-01,10,17.162
S-02,4,34.475
S-04,0,21.325
S-01,8,21.941
S-03,5,0.000
S-02,19,18.975
S-02,20,14.552
S-01,4,31.220
S-03,7,0.000
S-04,3,18.513
S-01,20,31.905
S-03,10,32.295
S-04,15,16.450
S-02,23,21.987
S-03,0,20.928
S-04,20,30.861
S-02,6,34.496
S-04,4,31.978
S-02,20,18.862
S-03,22,32.029
S-03,20,16.639
S-03,2,32.226
S-04,13,33.348
S-02,8,34.233
S-03,2,18.427
S-03,10,15.234
S-02,5,34.681
S-04,0,32.919
S-01,19,31.144
S-01,10,32.390
S-04,22,30.192
S-01,21,29.274
S-03,10,21.766
S-01,0,15.581
S-02,21,20.360
S-03,7,27.648
S-01,3,19.859
S-02,7,17.708
S-04,19,22.012
S-04,14,33.253
S-03,19,18.373
S-02,20,32.311
S-01,23,17.452
S-03,8,20.463
S-03,15,32.508
S-03,4,31.094
S-02,20,33.496
S-03,10,32.538
S-02,21,29.679
S-02,10,19.975
S-03,15,20.319
S-02,22,19.935
S-03,0,14.229
S-02,5,38.467
S-01,14,20.202
S-03,6,35.449
S-02,21,16.581
S-01,5,15.484
S-01,10,32.918
S-01,22,34.543
S-04,15,17.823
S-04,7,17.130
S-03,17,30.841
S-01,5,18.186
S-02,23,30.821
S-02,19,30.685
S-02,8,29.455
S-03,12,36.687
S-01,8,33.712
S-03,1,19.920
S-02,21,19.699
S-04,20,33.941
S-04,9,19.754
S-03,4,31.144
S-04,9,15.579
S-04,1,29.926
S-01,6,31.221
S-01,11,33.709
S-04,6,32.868
S-01,17,18.057
S-04,14,30.051
S-01,4,16.457
S-02,22,32.298
S-01,1,20.605
S-04,22,17.161
S-02,10,15.875
S-04,5,28.051
S-02,13,16.851
S-01,18,20.904
S-04,17,32.075
S-02,18,20.791
S-01,7,32.097
S-04,15,31.084
S-03,3,0.000
S-01,23,33.583
S-04,16,33.322
S-04,17,36.391
S-04,18,29.360
S-01,8,15.982
S-04,13,29.507
S-01,5,19.821
S-01,18,18.791
S-01,19,19.249
S-01,5,20.636
S-04,14,31.445
S-02,22,19.017
S-04,19,30.406
S-04,11,17.437
S-01,1,19.802
S-03,20,34.310
S-02,9,32.158
S-04,23,17.760
S-02,0,18.770
S-03,23,27.523
S-03,7,29.145
S-02,17,15.336
S-02,8,21.438
S-02,18,21.370
S-01,1,14.231
S-02,5,31.182
S-02,14,19.836
S-02,9,31.553
S-02,2,20.421
S-04,7,15.648
S-03,1,21.642
S-01,2,25.754
S-01,19,31.646
S-02,9,30.584
S-02,0,32.601
S-04,2,18.260
S-01,22,20.803
S-04,23,26.018
S-01,0,22.665
S-02,0,17.120
S-01,20,17.765
S-02,7,30.476
S-02,16,21.150
S-03,16,32.283
S-01,11,27.898
S-04,16,32.220
S-01,13,19.107
S-03,3,14.785
S-03,5,29.707
S-01,21,29.788
S-02,3,16.758
S-01,12,31.723
S-03,18,35.686
S-02,19,27.728
S-01,0,33.960
S-03,0,17.888
S-04,23,29.544
S-03,5,31.551
S-04,1,32.685
S-02,1,21.384
S-04,5,29.813
S-02,19,14.214
S-04,6,28.824
S-04,6,19.241
S-02,16,18.671
S-02,10,32.333
S-02,12,18.558
S-02,21,19.878
S-02,15,31.428
S-04,23,16.793
S-02,7,33.359
S-04,14,32.947
S-04,16,32.262
S-04,20,20.862
S-03,9,32.839
S-02,18,29.149
S-01,6,13.544
S-02,2,22.554
S-01,3,14.834
S-01,14,33.056
S-04,8,29.233
S-02,21,32.243
S-01,16,19.060
S-04,11,33.126
S-04,6,32.104
S-01,11,19.468
S-04,0,16.424
S-03,9,0.000
S-01,5,30.470
S-01,5,18.199
S-02,19,33.917
S-01,4,19.299
S-03,17,17.996
S-03,3,34.544
S-02,1,36.306
S-04,3,29.105
S-04,6,33.475
S-03,18,0.000
S-04,8,19.344
S-03,12,30.018
S-04,17,27.403
S-04,13,26.223
S-04,18,31.142
S-01,21,16.122
S-04,22,34.092
S-01,15,17.823
S-04,12,16.522
S-04,14,21.517
S-02,13,16.235
S-03,10,0.000
S-03,8,18.867
S-01,5,18.340
S-04,9,20.787
S-02,11,31.916
S-01,11,32.566
S-04,3,34.277
S-04,1,18.952
S-01,8,34.559
S-04,18,27.006
S-04,3,32.960
S-04,10,33.815
S-03,1,17.915
S-03,17,19.612
S-04,22,20.200
S-01,14,17.708
S-01,11,34.097
S-02,15,33.167
S-03,20,16.067
S-02,2,17.432
S-03,15,19.470
S-03,8,31.770
S-04,6,33.278
S-03,16,18.663
S-04,7,29.597
S-03,18,0.000
S-02,22,17.727
S-03,14,0.000
S-04,14,30.654
S-02,1,28.684
S-01,15,29.280
S-04,3,30.547
S-01,9,31.953
S-02,6,20.354
S-04,3,20.787
S-04,21,30.140
S-03,5,29.018
S-04,19,31.406
S-01,23,33.758
S-03,19,30.451
S-01,0,35.825
S-03,16,32.879
S-02,6,19.003
S-01,0,20.635
S-01,7,19.106
S-02,3,26.733
S-04,13,19.516
S-01,0,34.334
S-02,10,19.380
S-04,17,21.032
S-01,7,20.870
S-04,10,19.651
S-04,14,24.774
S-03,13,32.626
S-03,18,33.946
S-01,20,19.285
S-03,20,31.870
S-03,11,31.482
S-01,9,19.786
S-03,8,0.000
S-01,15,33.989
S-02,6,18.489
S-04,2,27.022
S-04,20,32.456
S-02,1,33.342
S-01,14,19.397
S-04,16,16.276
S-04,14,20.417
S-03,22,28.615
S-04,1,30.227
S-02,15,35.632
S-01,15,18.860
S-03,14,0.000
S-02,7,28.735
S-02,10,16.668
S-01,0,17.400
S-02,21,16.871
S-03,16,20.294
S-01,2,15.987
S-01,13,27.875
S-03,10,18.607
S-04,5,18.979
S-02,6,30.023
S-04,7,30.960
S-01,9,22.069
S-04,11,31.264
S-01,14,31.287
S-04,17,35.907
S-02,17,16.807
S-01,10,19.768
S-03,7,29.536
S-04,17,26.189
S-03,9,30.370
S-03,9,32.693
S-02,3,33.730
S-03,15,31.963
S-03,11,27.396
S-03,1,15.391
S-04,12,17.810
S-03,8,24.239
S-01,6,32.503
S-02,13,20.547
S-03,3,19.790
S-04,6,31.606
S-04,3,28.986
S-01,22,31.844
S-01,9,32.170
S-01,23,34.301
S-02,15,30.114
S-03,7,0.000
S-03,10,19.206
S-02,6,35.941
S-03,3,19.503
S-01,0,15.659
S-03,2,22.219
S-04,20,31.780
S-04,7,36.698
S-01,8,33.979
S-01,16,21.947
S-04,9,30.827
S-02,9,17.280
S-04,7,31.068
S-02,17,17.118
S-03,11,18.291
S-01,10,31.702
S-02,16,35.705
S-01,17,30.505
S-04,2,37.231
S-02,5,18.235
S-01,13,19.063
S-02,10,29.305
S-04,23,18.560
S-01,12,15.791
S-01,20,33.727
S-04,12,22.031
S-04,18,21.238
S-03,12,18.557
S-04,12,31.629
S-01,20,27.596
S-02,2,30.825
S-01,21,31.764
S-04,1,29.151
S-01,1,31.314
S-01,11,17.382
S-03,16,32.030
S-03,16,21.748
S-01,14,31.317
S-01,12,28.941
S-04,14,27.902
S-03,7,15.988
S-03,3,21.874
S-02,5,18.436
S-03,0,21.639
S-04,23,18.501
S-01,11,35.076
S-04,19,35.611
S-02,6,33.339
S-01,4,18.831
S-02,6,16.368
S-01,4,18.430
S-03,16,21.701
S-03,3,30.244
S-04,0,33.969
S-04,14,29.581
S-04,19,34.446
S-01,17,31.891
S-03,1,22.500
S-01,9,30.313
S-03,21,30.266
S-04,6,30.093
S-02,11,14.602
S-03,18,33.935
S-04,7,31.421
S-01,7,36.341
S-01,19,30.728
S-04,18,15.339
S-02,1,30.238
S-01,15,29.307
S-04,9,34.266
S-04,7,17.278
S-01,16,35.484
S-02,17,17.199
S-04,4,17.818
S-03,0,29.114
S-02,7,19.677
S-02,3,32.003
S-01,5,24.802
S-03,13,19.947
S-04,7,16.766
S-03,11,18.614
S-02,18,31.867
S-04,23,32.581
S-03,17,31.260
S-03,0,20.384
S-02,1,18.532
S-04,13,34.529
S-01,5,33.486
S-01,2,17.534
S-02,5,33.227
S-04,10,16.400
S-01,16,19.082
S-01,19,32.095
S-01,9,32.781
S-02,0,26.402
S-02,4,36.136
S-01,21,17.794
S-02,11,18.209
S-03,16,29.307
S-01,21,20.835
S-01,18,32.930
S-01,0,34.534
S-04,9,30.243
S-01,1,18.700
S-03,6,0.000
S-02,4,21.542
S-02,12,36.091
S-02,17,18.120
S-02,18,18.468
S-04,15,13.678
S-04,22,19.630
S-04,13,16.609
S-04,15,27.588
S-03,2,31.395
S-04,4,12.969
S-02,2,26.780
S-02,8,20.159
S-04,1,18.307
S-01,21,20.178
S-02,8,19.631
S-03,18,20.958
S-04,21,20.286
S-03,18,0.000
S-03,23,19.271
S-04,6,30.391
S-04,23,33.007
S-01,20,21.345
S-02,21,18.512
S-02,13,15.523
S-04,0,31.357
S-03,4,30.762
S-04,0,30.406
S-02,0,32.132
S-01,1,32.600
S-01,9,19.120
S-01,4,20.206
S-02,10,34.621
S-04,3,31.081
S-01,15,36.175
S-01,23,21.059
S-03,4,0.000
S-03,1,19.687
S-04,8,29.633
S-04,20,14.783
S-03,20,17.492
S-02,19,28.355
S-01,22,18.600
S-01,4,19.565
S-01,13,30.699
S-03,6,20.261
S-03,5,18.799
S-04,11,22.573
S-03,11,20.871
S-01,3,30.939
S-01,10,17.865
S-04,1,28.627
S-03,18,37.317
S-02,17,19.899
S-01,7,33.208
S-04,16,30.506
S-03,11,0.000
S-04,6,30.594
S-01,11,36.152
S-02,13,19.483
S-02,16,31.812
S-03,12,32.770
S-03,15,18.134
S-03,6,18.103
S-01,1,31.612
S-03,3,16.827
S-01,7,33.599
S-03,10,20.633
S-03,12,35.209
S-01,18,18.301
S-04,3,19.994
S-03,3,20.194
S-02,20,18.620
S-03,0,22.967
S-01,1,15.056
S-01,9,16.286
S-01,0,30.143
S-02,20,37.083
S-04,13,15.896
S-04,22,16.641
S-01,22,31.943
S-02,3,17.168
S-02,3,18.199
S-02,1,19.458
S-03,2,33.664
S-04,14,33.672
S-01,22,32.682
S-03,4,0.000
S-02,0,34.138
S-01,16,16.309
S-01,17,27.805
S-02,7,35.108
S-03,22,33.184
S-04,10,30.606
S-04,23,29.294
S-04,8,16.314
S-01,9,17.966
S-04,13,33.306
S-04,19,18.102
S-03,20,20.065
S-04,0,19.660
S-02,13,32.482
S-04,13,31.771
S-02,9,17.983
S-04,2,19.687
S-01,10,29.128
S-04,20,36.090
S-01,19,32.469
S-03,19,29.043
S-01,9,18.876
S-04,16,20.593
S-01,15,36.257
S-01,14,29.711
S-02,20,17.640
S-02,1,18.751
S-02,23,30.413
S-04,23,30.681
S-02,9,30.516
S-01,11,35.771
S-04,2,17.694
S-01,0,17.362
S-01,21,17.383
S-02,12,37.006
S-04,20,19.560
S-04,8,19.155
S-04,2,29.081
S-03,9,0.000
S-03,0,0.000
S-02,11,22.415
S-04,10,16.023
S-01,22,31.895
S-04,21,18.471
S-01,14,30.337
S-04,7,30.045
S-04,6,15.707
S-01,3,33.096
S-02,11,16.236
S-03,13,25.949
S-03,0,29.674
S-01,3,33.484
S-01,8,20.872
S-04,19,15.046
S-01,22,15.440
S-03,12,28.943
S-01,20,33.150
S-01,15,34.007
S-02,12,33.521
S-02,8,16.925
S-02,5,28.792
S-01,8,29.912
S-02,11,18.853
S-01,14,18.234
S-01,2,29.362
S-01,12,28.940
S-04,14,34.030
S-01,4,28.510
S-04,13,29.117
S-02,18,34.716
S-03,7,30.059
S-03,22,30.549
S-01,15,18.022
S-03,7,36.157
S-02,4,30.550
S-03,7,16.067
S-03,7,19.538
S-02,11,15.238
S-02,14,18.881
S-01,18,34.597
S-03,5,14.243
S-03,6,0.000
S-01,19,19.298
S-03,12,30.987
S-03,9,0.000
S-01,5,32.190
S-01,14,30.421
S-01,16,32.132
S-01,22,31.190
S-01,7,32.279
S-02,13,16.053
S-02,21,19.830
S-02,11,20.107
S-03,17,17.548
S-03,23,34.206
S-03,13,0.000
S-04,17,14.618
S-02,11,20.482
S-03,1,17.755
S-03,11,18.807
S-03,4,17.427
S-03,7,32.263
S-02,2,22.056
S-02,9,31.234
S-03,7,18.075
S-02,22,21.922
S-04,5,31.333
S-04,4,30.558
S-01,19,25.401
S-04,20,33.439
S-02,20,30.299
S-03,1,18.527
S-03,11,30.327
S-01,5,35.273
S-04,11,22.003
S-04,20,35.501
S-02,9,35.423
S-01,6,32.191
S-02,18,28.379
S-01,18,18.760
S-04,5,30.719
S-04,1,17.128
S-01,13,19.806
S-02,6,31.126
S-01,0,16.916
S-04,19,30.417
S-04,10,17.875
S-03,1,33.588
S-01,10,18.298
S-04,22,32.814
S-01,10,29.546
S-02,12,17.659
S-03,1,0.000
S-04,8,19.045
S-04,2,30.458
S-03,3,34.443
S-04,8,16.423
S-04,9,27.134
S-03,11,30.985
S-04,2,28.746
S-04,8,28.705
S-04,14,17.905
S-01,23,32.526
S-03,21,35.268
S-01,1,31.029
S-02,20,34.211
S-04,20,21.451
S-03,20,34.811
S-03,7,23.751
S-04,7,31.915
S-01,0,17.559
S-02,16,20.243
S-03,18,18.559
S-03,17,36.537
S-04,17,31.438
S-02,2,28.072
S-03,22,17.519
S-01,17,31.829
S-01,1,21.890
S-02,23,30.960
S-01,0,19.282
S-01,11,29.570
S-04,13,21.082
S-04,15,17.933
S-02,5,19.279
S-02,15,29.108
S-04,15,31.754
S-04,6,33.353
S-01,0,16.674
S-03,21,19.583
S-02,22,16.302
S-02,4,30.829
S-03,3,28.000
S-03,0,19.674
S-04,7,15.649
S-04,4,19.735
S-03,20,30.871
S-04,16,31.977
S-01,22,18.046
S-03,15,36.929
S-01,20,22.197
S-01,4,18.227
S-04,22,15.000
S-01,2,20.107
S-02,5,20.637
S-02,11,22.182
S-01,23,16.965
S-03,14,18.489
S-02,11,30.659
S-02,12,14.524
S-02,20,29.478
S-03,22,21.079
S-03,1,30.996
S-01,6,15.295
S-01,3,16.798
S-03,23,18.896
S-03,21,30.227
S-04,2,13.031
S-02,2,37.451
S-03,18,15.202
S-02,8,28.016
S-01,1,14.643
S-01,16,30.404
S-01,6,29.824
S-03,8,21.854
S-01,7,29.995
S-01,3,31.550
S-04,23,15.362
S-02,6,18.885
S-03,12,20.096
S-03,6,26.590
S-01,23,34.332
S-03,17,20.322
S-01,20,35.527
S-01,8,16.298
S-04,0,29.135
S-04,13,35.614
S-04,22,17.807
S-01,5,15.961
S-02,22,19.005
S-03,20,17.524
S-03,14,13.984
S-02,2,17.883
S-01,14,14.688
S-02,16,17.833
S-01,14,32.601
S-01,15,25.907
S-04,0,15.668
S-01,6,19.835
S-04,15,21.319
S-01,20,32.427
S-02,9,26.990
S-02,9,32.392
S-03,9,32.227
S-04,18,28.043
S-01,19,15.921
S-01,8,16.820
S-01,17,29.941
S-02,18,33.052
S-04,23,20.044
S-01,20,18.899
S-03,1,19.170
S-01,18,32.865
S-01,7,17.294
S-04,2,34.588
S-04,9,17.604
S-04,22,16.947
S-04,5,30.416
S-03,22,0.000
S-04,7,31.843
S-01,20,30.114
S-02,23,18.635
S-03,15,19.423
S-04,19,33.431
S-03,20,20.961
S-01,12,17.274
S-03,15,33.549
S-02,7,26.956
S-04,21,31.550
S-04,10,19.795
S-04,16,34.742
S-02,4,18.251
S-02,15,18.552
S-03,1,28.415
S-01,16,33.271
S-03,4,0.000
S-04,3,17.880
S-04,20,35.709
S-01,19,32.321
S-01,18,13.219
S-01,2,19.104
S-02,2,32.319
S-02,19,34.448
S-02,6,19.413
S-01,3,31.973
S-04,3,30.671
S-01,17,32.790
S-02,11,30.637
S-02,15,18.483
S-03,6,30.942
S-04,8,32.601
S-02,23,38.927
S-01,4,15.783
S-02,20,21.579
S-03,19,0.000
S-03,9,29.486
S-01,21,33.961
S-03,17,0.000
S-02,2,29.414
S-01,15,32.464
S-02,21,33.855
S-02,0,16.532
S-04,14,34.219
S-04,18,31.809
S-01,7,20.184
S-01,3,17.688
S-01,17,29.006
S-01,21,31.497
S-04,21,16.378
S-04,16,32.568
S-02,6,15.825
S-03,13,0.000
S-02,18,17.739
S-03,4,29.574
S-01,18,31.169
S-02,1,32.081
S-01,17,17.867
S-02,14,29.444
S-01,3,28.815
S-01,2,27.485
S-02,10,22.135
S-03,22,19.107
S-02,19,21.674
S-04,8,15.323
S-04,2,32.029
S-02,7,29.567
S-04,19,19.171
S-03,4,28.943
S-01,21,32.729
S-03,5,0.000
S-01,3,17.763
S-04,22,22.252
S-03,0,31.332
S-02,15,30.722
S-03,5,17.321
S-01,10,19.080
S-03,12,19.886
S-01,17,32.585
S-04,17,28.782
S-04,6,30.532
S-03,13,34.019
S-03,5,0.000
S-04,22,22.909
S-03,16,17.192
S-01,23,22.469
S-03,8,30.428
S-02,5,16.441
S-02,8,34.054
S-02,4,32.614
S-02,8,20.796
S-01,13,21.796
S-01,7,30.807
S-03,5,20.211
S-01,1,31.228
S-01,20,18.828
S-02,11,16.375
S-02,22,16.741
S-04,17,29.264
S-03,10,16.731
S-04,5,18.786
S-03,3,19.148
S-02,7,19.058
S-01,22,17.904
S-01,11,32.402
S-02,9,32.801
S-03,14,0.000
S-03,17,20.890
S-03,23,25.634
S-04,16,18.561
S-03,17,20.307
S-02,7,19.515
S-04,10,18.958
S-01,14,18.783
S-04,4,30.689
S-01,5,18.809
S-01,14,16.616
S-03,15,0.000
S-03,18,21.996
S-02,3,19.714
S-03,4,31.753
S-02,2,19.462
S-03,17,21.506
S-01,15,33.619
S-03,6,22.007
S-01,5,17.357
S-04,4,17.439
S-03,20,32.061
S-01,0,17.359
S-03,9,0.000
S-02,19,28.669
S-03,13,33.601
S-01,8,18.551
S-02,21,32.118
S-03,10,18.794
S-02,17,16.484
S-02,14,19.305
S-03,2,29.974
S-04,13,31.705
S-01,18,19.227
S-02,20,34.580
S-04,15,30.324
S-02,6,19.304
S-04,0,18.028
S-03,7,18.983
S-04,5,21.701
S-03,7,33.827
S-02,23,34.446
S-02,6,18.336
S-04,20,18.281
S-01,16,20.348
S-04,6,21.946
S-03,21,23.902
S-04,20,15.826
S-04,3,22.981
S-03,11,0.000
S-01,21,29.545
S-02,18,33.764
S-02,18,19.901
S-02,0,32.936
S-02,9,32.350
S-01,10,27.164
S-01,23,29.021
S-01,2,17.436
S-03,17,30.875
S-04,17,31.711
S-01,6,16.295
S-03,9,0.000
S-04,20,33.574
S-03,21,33.797
S-02,0,15.139
S-03,1,17.653
S-03,4,20.613
S-04,20,30.552
S-03,21,0.000
S-01,19,19.034
S-04,0,36.045
S-03,4,23.922
S-01,19,27.861
S-01,18,18.988
S-01,21,19.609
S-04,14,17.886
S-01,15,31.400
S-01,7,31.235
S-01,4,29.976
S-01,15,17.543
S-02,21,30.142
S-03,5,27.639
S-02,7,13.997
S-04,15,22.671
S-02,4,19.051
S-02,14,32.052
S-03,14,32.654
S-03,21,33.748
S-02,15,16.963
S-04,15,31.593
S-02,23,29.504
S-01,12,34.263
S-04,9,27.600
S-01,7,32.108
S-03,4,33.196
S-03,6,0.000
S-02,21,17.197
S-01,3,21.831
S-04,22,29.904
S-03,15,18.166
S-01,4,32.807
S-04,23,32.921
S-04,11,21.470
S-03,15,18.167
S-01,4,31.993
S-02,22,28.613
S-03,10,28.340
S-01,16,32.195
S-04,16,21.314
S-04,5,31.735
S-01,14,18.150
S-03,4,17.220
S-04,1,29.687
S-03,2,18.430
S-03,1,0.000
S-02,12,31.080
S-03,11,20.829
S-02,9,29.281
S-02,5,35.781
S-04,11,27.734
S-02,9,32.433
S-04,22,34.594
S-01,23,17.859
S-01,10,30.846
S-03,7,17.787
S-04,23,28.246
S-01,1,30.460
S-03,10,19.389
S-01,0,29.353
S-03,20,0.000
S-01,10,21.731
S-03,8,17.888
S-03,15,18.003
S-04,2,34.581
S-03,22,19.859
S-01,21,16.887
S-02,17,17.066
S-03,11,28.787
S-02,15,31.941
S-01,9,28.546
S-03,9,16.739
S-03,16,26.140
S-04,23,16.565
S-04,22,17.543
S-02,20,16.071
S-01,12,30.149
S-04,22,31.244
S-02,2,33.405
S-03,20,28.784
S-02,4,32.626
S-01,15,32.996
S-01,21,21.275
S-03,5,0.000
S-04,0,21.027
S-03,8,33.276
S-02,9,30.201
S-01,1,15.847
S-03,9,32.503
S-01,7,20.978
S-01,4,34.278
S-03,13,18.873
S-01,21,16.851
S-04,7,18.388
S-04,10,18.720
S-04,0,20.552
S-02,11,20.429
S-01,9,17.324
S-03,19,29.555
S-02,8,16.383
S-01,17,27.151
S-01,17,29.491
S-02,22,20.686
S-02,8,13.505
S-02,5,29.155
S-03,15,36.325
S-01,18,19.493
S-01,2,19.876
S-02,13,22.250
S-02,22,30.860
S-01,2,16.418
S-01,5,19.520
S-01,10,15.466
S-03,9,0.000
S-02,6,32.735
S-04,8,32.998
S-04,3,19.677
S-02,8,19.111
S-01,4,30.523
S-03,17,17.503
S-03,19,0.000
S-03,4,20.738
S-01,23,17.081
S-04,13,18.702
S-04,22,20.047
S-02,9,30.755
S-01,15,31.319
S-02,23,17.809
S-01,15,34.204
S-04,20,31.574
S-03,12,0.000
S-04,4,31.128
S-04,14,23.136
S-02,20,16.651
S-03,22,19.938
S-01,3,17.817
S-01,9,15.896
S-02,10,32.857
S-04,5,18.886
S-02,7,32.571
S-04,6,14.617
S-03,9,30.431
S-04,7,29.682
S-01,12,16.383
S-04,1,19.411
S-01,13,31.053
S-01,20,19.470
S-02,12,30.213
S-03,8,16.585
S-04,16,19.183
S-03,17,0.000
S-03,0,19.957
S-01,9,28.817
S-02,21,30.340
S-01,15,31.818
S-01,12,16.618
S-04,16,31.616
S-03,11,31.533
S-04,2,16.387
S-04,18,15.184
S-02,6,15.981
S-03,23,16.414
S-01,4,28.637
S-02,16,35.515
S-01,14,36.859
S-02,1,29.846
S-03,21,19.236
S-01,10,34.918
S-04,10,31.820
S-04,5,31.158
S-02,3,17.292
S-01,8,31.857
S-01,6,18.756
S-03,0,29.665
S-04,9,17.717
S-03,0,17.228
S-02,3,18.019
S-02,3,20.005
S-04,14,33.774
S-02,15,21.225
S-03,4,15.602
S-03,11,18.394
S-01,16,17.619
S-03,3,33.720
S-01,13,19.777
S-04,19,16.532
S-01,12,31.533
S-03,3,0.000
S-01,18,19.087
S-01,4,35.540
S-02,4,19.369
S-02,8,19.430
S-02,21,29.146
S-04,17,32.229
S-01,0,18.120
S-02,21,21.470
S-03,20,30.615
S-02,11,29.507
S-04,7,22.845
S-04,1,19.385
S-02,5,20.791
S-01,11,17.345
S-04,13,19.411
S-01,9,32.781
S-04,15,16.581
S-03,6,33.464
S-02,13,33.829
S-04,8,16.421
S-01,5,15.417
S-04,6,33.452
S-02,11,18.001
S-03,5,0.000
S-02,8,19.986
S-03,19,16.987
S-01,8,12.919
S-03,1,20.916
S-01,16,16.635
S-04,19,20.446
S-02,15,19.415
S-04,7,15.944
S-03,6,16.888
S-01,3,19.461
S-03,10,21.303
S-02,22,18.117
S-02,20,28.379
S-04,14,28.213
S-03,22,21.137
S-03,21,36.088
S-03,7,29.027
S-03,5,19.232
S-02,4,31.679
S-03,18,32.924
S-04,9,28.361
S-01,13,32.563
S-01,0,16.363
S-03,15,0.000
S-01,22,32.127
S-02,11,30.083
S-04,13,18.728
S-04,10,36.192
S-01,22,30.019
S-02,23,31.743
S-03,23,32.747
S-02,4,31.071
S-04,15,22.437
S-02,12,26.578
S-03,21,16.754
S-01,13,16.116
S-03,8,31.050
S-03,1,20.633
S-03,12,16.737
S-03,17,34.750
S-02,5,21.419
S-01,5,15.204
S-03,20,17.040
S-02,7,31.630
S-01,1,18.302
S-04,12,19.055
S-02,1,18.880
S-03,15,29.217
S-03,20,0.000
S-02,14,16.911
S-01,21,30.639
S-03,5,34.151
S-03,6,0.000
S-01,16,28.928
S-02,11,20.775
S-01,7,26.732
S-04,2,35.646
S-03,4,14.866
S-03,13,17.546
S-01,1,17.874
S-04,11,32.400
S-03,21,31.279
S-01,8,19.548
S-02,5,35.054
S-01,13,32.690
S-03,11,19.634
S-04,14,20.396
S-04,6,18.508
S-03,8,18.779
S-03,1,33.760
S-02,4,31.715
S-03,9,19.359
S-03,14,29.460
S-03,23,0.000
S-01,3,27.198
S-03,19,20.457
S-02,19,14.730
S-03,10,16.043
S-01,23,18.123
S-03,14,17.506
S-02,12,34.062
S-04,2,30.599
S-02,10,17.991
S-02,5,33.142
S-02,18,36.571
S-03,5,32.368
S-01,7,30.812
S-03,19,0.000
S-03,9,33.030
S-01,23,31.533
S-04,5,33.941
S-02,15,21.096
S-04,8,21.031
S-03,21,17.798
S-04,0,34.746
S-03,16,32.648
S-04,10,21.379
S-01,2,32.590
S-04,10,32.682
S-01,15,32.199
S-03,12,18.437
S-04,20,20.716
S-02,18,30.362
S-04,22,19.269
S-04,14,15.431
S-02,12,34.996
S-01,8,34.488
S-02,3,30.649
S-02,7,30.273
S-03,4,32.278
S-04,20,20.548
S-04,3,23.615
S-04,1,20.013
S-02,8,29.972
S-04,22,31.348
S-03,8,19.420
S-02,7,20.525
S-02,10,18.495
S-04,3,16.053
S-02,23,17.106
S-02,14,30.793
S-03,21,31.155
S-02,9,34.245
S-04,20,29.559
S-02,10,35.322
S-02,1,14.500
S-02,12,32.950
S-01,21,17.250
S-04,11,19.956
S-01,3,16.280
S-03,9,35.470
S-02,20,20.342
S-03,23,20.572
S-01,14,15.332
S-03,8,17.183
S-04,9,30.193
S-03,19,28.491
S-04,13,19.856
S-03,7,18.347
S-02,12,31.028
S-04,17,32.626
S-04,23,19.783
S-01,10,29.041
S-03,0,29.461
S-03,18,0.000
S-03,0,0.000
S-02,12,18.834
S-02,2,30.855
S-04,0,16.971
S-02,20,22.755
S-01,9,18.872
S-04,20,17.315
S-01,19,19.110
S-01,10,17.875
S-01,8,31.019
S-02,16,24.617
S-03,15,17.484
S-03,22,33.847
S-03,6,19.030
S-04,14,30.518
S-03,0,15.941
S-01,5,16.931
S-03,14,32.235
S-01,10,15.555
S-01,19,21.098
S-03,19,20.780
S-04,5,20.355
S-04,15,30.371
S-02,12,20.022
S-02,10,23.477
S-02,22,17.118
S-01,17,27.641
S-01,20,35.262
S-02,11,26.470
S-01,1,33.737
S-01,13,32.801
S-02,23,35.180
S-01,18,18.600
S-03,15,33.538
S-03,12,33.200
S-01,16,31.856
S-03,4,0.000
S-02,13,29.045
S-02,4,33.646
S-03,1,30.995
S-04,20,31.200
S-02,14,32.069
S-04,19,33.903
S-02,8,30.724
S-03,15,19.217
S-03,10,20.290
S-02,21,33.099
S-02,2,16.781
S-02,23,28.446
S-02,18,17.573
S-03,3,20.861
S-03,23,0.000
S-04,14,27.533
S-01,21,20.189
S-03,20,14.246
S-01,12,21.109
S-04,9,20.789
S-04,18,19.339
S-03,20,20.162
S-02,0,17.391
S-04,7,20.174
S-01,15,18.852
S-03,16,17.054
S-01,16,16.632
S-02,18,17.356
S-03,5,0.000
S-02,23,34.621
S-03,22,0.000
S-01,8,21.934
S-04,7,18.617
S-04,13,19.710
S-01,20,32.162
S-03,1,32.045
S-04,15,31.306
S-01,5,30.618
S-04,5,22.376
S-04,11,23.122
S-01,9,17.459
S-02,12,33.763
S-04,18,21.239
S-04,8,18.517
S-03,13,29.768
S-01,23,32.380
S-04,9,34.755
S-01,1,19.176
S-03,16,20.429
S-03,13,23.463
S-01,0,17.849
S-04,13,33.354
S-01,16,31.778
S-03,0,25.432
S-04,18,32.775
S-04,18,31.960
S-03,10,0.000
S-03,15,15.636
S-01,10,15.617
S-01,19,21.394
S-02,10,33.239
S-01,23,31.681
S-04,11,28.628
S-04,18,30.494
S-02,7,19.585
S-02,21,33.015
S-01,17,35.188
S-03,17,15.050
S-03,3,27.699
S-01,9,27.903
S-03,16,35.206
S-01,12,17.844
S-04,14,27.335
S-03,10,20.401
S-02,17,17.394
S-03,12,16.993
S-02,10,28.480
S-02,6,30.988
S-04,17,19.747
S-02,10,30.054
S-02,20,20.057
S-01,8,18.813
S-03,8,17.325
S-02,7,29.051
S-04,8,32.677
S-02,1,14.424
S-02,6,32.082
S-01,8,29.436
S-02,17,18.133
S-03,10,31.798
S-04,1,33.268
S-02,7,30.715
S-02,20,19.376
S-01,5,31.627
S-02,11,32.234
S-04,4,31.796
S-02,16,17.866
S-03,12,17.251
S-02,0,32.642
S-03,19,32.926
S-01,22,20.602
S-03,4,21.061
S-01,3,35.244
S-03,11,32.091
S-04,7,29.097
S-03,7,19.305
S-02,14,22.185
S-01,7,19.007
S-02,15,20.697
S-04,15,21.156
S-02,0,16.565
S-04,15,33.151
S-04,19,29.050
S-03,21,17.592
S-04,10,23.848
S-01,7,34.899
S-01,4,33.233
S-04,12,19.530
S-01,7,14.751
S-02,23,34.066
S-03,3,28.573
S-01,4,20.328
S-04,21,31.972
S-03,18,20.154
S-02,10,32.707
S-03,9,28.751
S-01,21,14.747
S-02,19,29.256
S-04,7,32.058
S-02,4,37.766
S-01,8,19.572
S-01,13,19.122
S-01,13,16.317
S-03,4,30.808
S-04,11,16.076
S-03,13,20.805
S-04,15,35.883
S-02,16,39.136
S-03,12,29.607
S-03,15,0.000
S-04,13,36.206
S-04,21,29.653
S-03,2,32.327
S-03,7,0.000
S-03,11,33.266
S-01,9,30.572
S-04,1,19.473
S-03,12,0.000
S-02,19,14.248
S-02,11,32.229
S-01,16,17.795
S-02,10,29.871
S-04,16,33.117
S-02,1,13.373
S-04,13,30.423
S-04,7,27.418
S-04,21,19.648
S-04,9,20.091
S-01,15,27.210
S-03,4,17.801
S-02,13,29.911
S-03,0,31.463
S-04,7,32.748
S-01,3,18.812
S-03,21,0.000
S-02,18,21.978
S-01,23,16.564
S-01,15,19.009
S-01,22,36.345
S-01,0,17.771
S-01,4,30.584
S-04,14,15.839
S-02,2,33.637
S-04,9,31.371
S-03,11,21.205
S-02,4,31.957
S-01,5,32.039
S-04,21,20.003
S-04,12,29.441
S-03,2,30.886
S-04,22,32.320
S-03,1,0.000
S-01,19,35.644
S-04,23,33.199
S-01,6,34.039
S-02,22,31.409
S-02,12,18.692
S-01,21,20.891
S-04,5,31.103
S-02,0,27.195
S-03,4,18.521
S-02,13,20.505
S-01,17,17.710
S-02,22,19.498
S-03,17,36.352
S-03,4,28.672
S-02,15,18.386
S-01,4,21.673
S-02,7,20.795
S-04,6,36.879
S-01,7,32.053
S-03,19,31.872
S-04,13,35.275
S-03,2,34.253
S-02,0,32.512
S-03,19,29.663
S-03,3,30.548
S-02,16,31.072
S-04,3,19.164
S-03,11,18.836
S-04,1,21.010
S-04,7,31.035
S-03,4,33.816
S-02,2,17.561
S-01,6,18.793
S-04,19,31.983
S-03,15,23.151
S-04,20,17.833
S-02,17,20.953
S-04,5,33.619
S-02,1,33.765
S-02,18,17.229
S-01,11,17.514
S-02,6,19.823
S-03,21,28.168
S-04,3,29.495
S-02,20,33.044
S-01,20,19.930
S-01,20,17.425
S-01,4,19.194
S-02,2,17.505
S-02,1,17.369
S-02,20,19.953
S-02,15,18.412
S-01,13,19.257
S-04,8,19.249
S-02,8,17.597
S-03,12,15.657
S-04,19,29.595
S-01,14,27.820
S-04,12,33.561
S-02,0,32.732
S-02,6,31.861
S-01,8,20.369
S-03,17,31.058
S-03,4,20.276
S-03,19,31.121
S-01,7,29.195
S-04,12,18.102
S-03,18,21.127
S-01,4,29.789
S-02,15,28.974
S-02,21,23.873
S-02,5,32.308
S-02,0,27.165
S-04,2,17.400
S-02,12,14.717
S-02,16,32.534
S-03,3,20.072
S-02,8,18.434
S-03,17,0.000
S-03,18,31.226
S-01,11,32.457
S-03,12,0.000
S-01,3,32.224
S-01,15,28.840
S-02,3,30.778
S-03,23,17.904
S-02,6,32.416
S-03,10,16.483
S-04,12,36.969
S-02,5,23.527
S-04,8,31.397
S-02,15,20.664
S-01,20,18.589
S-02,0,22.277
S-04,4,33.894
S-01,15,28.060
S-02,8,15.979
S-03,19,35.508
S-03,18,19.813
S-03,1,30.280
S-02,10,29.483
S-04,12,33.301
S-02,9,29.722
S-03,8,0.000
S-04,6,36.475
S-02,11,17.126
S-04,1,33.451
S-01,22,14.530
S-02,12,31.287
S-02,16,21.618
S-02,17,34.134
S-03,7,18.239
S-01,1,33.108
S-04,13,19.972
S-04,9,13.211
S-03,8,0.000
S-02,12,29.977
S-01,8,29.653
S-02,19,28.911
S-02,4,30.584
S-02,8,36.329
S-04,21,32.543
S-02,12,18.024
S-03,2,0.000
S-01,2,30.347
S-02,7,28.694
S-04,12,23.051
S-02,5,17.387
S-04,2,18.287
S-02,16,29.704
S-02,14,32.846
S-01,10,34.814
S-04,2,29.183
S-04,7,20.897
S-03,2,32.433
S-02,20,32.521
S-01,2,17.662
S-04,13,36.489
S-02,9,17.424
S-04,11,19.408
S-03,6,30.188
S-02,13,20.448
S-02,20,16.556
S-01,0,32.694
S-03,2,32.325
S-03,5,28.682
S-01,23,28.568
S-01,13,17.803
S-03,6,0.000
S-03,19,0.000
S-04,12,15.865
S-04,18,17.439
S-01,17,29.817
S-04,4,33.606
S-03,19,19.821
S-03,8,17.907
S-03,3,28.816
S-02,6,33.381
S-03,4,18.394
S-02,22,32.556
S-02,19,20.342
S-03,21,33.457
S-04,8,34.377
S-02,9,18.074
S-04,21,17.896
S-02,18,34.705
S-04,10,29.614
S-02,3,17.805
S-04,14,15.580
S-01,7,22.273
S-03,7,27.725
S-01,10,20.299
S-03,22,31.006
S-04,14,19.114
S-02,23,19.810
S-02,1,36.029
S-02,0,16.137
S-04,23,34.754
S-04,5,21.161
S-01,7,18.605
S-04,6,19.557
S-03,12,31.507
S-02,5,28.931
S-03,8,19.071
S-02,8,34.482
S-01,1,32.202
S-04,10,15.879
S-03,15,33.065
S-02,6,19.165
S-04,22,38.133
S-01,17,17.462
S-01,9,16.676
S-01,6,30.343
S-01,8,26.489
S-04,23,29.082
S-04,18,33.132
S-01,6,13.781
S-02,6,19.181
S-02,18,33.302
S-03,4,34.148
S-04,13,15.881
S-04,22,17.110
S-03,0,16.082
S-03,16,18.143
S-04,10,18.952
S-01,14,19.481
S-01,14,35.352
S-03,2,29.589
S-02,2,33.650
S-03,14,13.685
S-03,22,0.000
S-03,20,0.000
S-04,21,20.354
S-01,9,30.604
S-03,4,32.201
S-03,13,31.341
S-04,2,37.269
S-04,18,30.051
S-03,1,18.024
S-01,17,18.637
S-03,14,20.403
S-01,2,18.334
S-02,20,31.745
S-02,0,33.212
S-02,22,17.963
S-02,1,17.843
S-01,9,35.802
S-02,22,19.749
S-02,12,16.856
S-03,17,0.000
S-01,7,35.075
S-01,1,18.091
S-03,2,38.470
S-01,7,30.272
S-02,10,21.140
S-03,20,30.643
S-03,12,30.758
S-01,2,20.173
S-04,7,21.358
S-03,9,33.292
S-03,22,29.647
S-02,2,28.192
S-01,18,19.215
S-04,23,32.806
S-03,6,33.972
S-03,2,32.634
S-04,10,21.612
S-04,10,17.607
S-04,19,31.698
S-03,23,19.086
S-04,22,13.883
S-04,6,17.660
S-02,6,18.059
S-03,6,32.359
S-02,20,17.216
S-04,8,19.985
S-04,3,21.781
S-03,18,31.310
S-03,8,32.339
S-04,1,31.617
S-01,7,28.697
S-02,10,17.538
S-01,18,33.426
S-01,7,16.908
S-04,16,30.581
S-04,18,18.365
S-02,6,19.757
S-04,4,16.039
S-01,2,31.140
S-01,10,19.436
S-02,4,19.392
S-02,5,29.854
S-01,5,33.379
S-04,20,21.439
S-02,10,28.570
S-03,17,31.416
S-01,17,32.067
S-01,16,36.008
S-04,3,32.859
S-01,4,28.528
S-01,14,15.410
S-01,4,18.316
S-02,15,33.355
S-02,0,29.447
S-02,22,17.948
S-03,12,32.225
S-02,21,32.788
S-02,1,30.816
S-02,12,16.949
S-02,21,30.152
S-02,19,31.918
S-04,17,16.018
S-01,9,30.608
S-04,18,18.466
S-03,4,22.683
S-02,15,30.126
S-03,11,32.858
S-04,15,30.339
S-01,1,31.075
S-01,4,35.182
S-02,20,18.312
S-02,12,21.073
S-03,8,31.452
S-01,12,32.504
S-04,10,30.454
S-03,7,33.615
S-02,21,14.658
S-03,21,18.100
S-01,9,19.241
S-03,7,30.135
S-04,16,17.952
S-04,5,18.960
S-04,2,18.350
S-03,9,14.184
S-04,1,29.237
S-03,20,27.380
S-03,3,0.000
S-01,22,30.784
S-04,10,26.743
S-03,20,28.123
S-01,7,21.857
S-03,18,16.284
S-04,8,17.430
S-02,20,16.551
S-04,2,20.058
S-03,2,33.712
S-01,7,28.399
S-02,17,33.782
S-02,1,32.568
S-01,9,30.959
S-04,22,31.963
S-02,17,20.188
S-02,14,32.678
S-02,23,32.708
S-02,13,18.375
S-03,23,19.527
S-02,16,17.635
S-02,3,21.405
S-04,0,29.275
S-03,5,31.664
S-01,6,33.514
S-04,13,17.489
S-02,3,17.739
S-01,8,27.506
S-02,0,28.672
S-03,21,20.231
S-03,0,28.116
S-02,9,20.099
S-01,3,31.861
S-04,3,17.414
S-01,16,22.849
S-04,8,19.638
S-04,6,19.488
S-03,11,0.000
S-02,3,32.357
S-03,21,18.250
S-02,18,14.673
S-04,13,16.867
S-03,22,18.808
S-02,2,32.103
S-01,6,19.446
S-02,0,32.466
S-04,22,31.754
S-04,12,17.765
S-03,8,31.036
S-02,8,32.283
S-04,21,17.860
S-01,3,31.419
S-02,3,33.258
S-03,10,21.581
S-01,12,21.866
S-03,11,13.905
S-03,7,17.322
S-02,1,30.133
S-03,8,35.290
S-04,9,31.937
S-01,19,18.415
S-01,16,32.625
S-04,12,16.753
S-04,21,18.311
S-01,13,27.669
S-03,6,20.868
S-03,1,34.178
S-01,22,29.213
S-04,8,30.546
S-04,16,27.242
S-01,15,30.395
S-04,23,15.903
S-01,20,16.416
S-02,18,29.428
S-02,5,11.126
S-01,14,17.814
S-04,20,32.538
S-01,16,19.136
S-03,0,20.568
S-03,14,20.023
S-03,22,15.214
S-04,10,17.273
S-03,11,15.623
S-01,4,31.729
S-04,17,32.682
S-04,1,14.343
S-02,18,31.852
S-01,18,21.878
S-03,6,18.754
S-04,19,20.991
S-02,23,30.378
S-04,19,17.738
S-02,0,18.622
S-04,0,16.894
S-03,22,18.168
S-02,0,16.259
S-02,7,32.287
S-02,0,17.134
S-01,17,14.838
S-01,6,21.518
S-01,4,29.951
S-03,18,21.151
S-02,11,30.472
S-04,10,31.289
S-04,22,28.668
S-02,9,16.890
S-03,11,18.123
S-01,7,19.901
S-03,18,17.019
S-01,2,30.709
S-02,18,34.640
S-02,20,32.523
S-02,11,31.830
S-03,14,29.380
S-02,23,31.690
S-04,9,21.447
S-04,17,18.763
S-02,15,26.984
S-03,1,30.968
S-04,13,21.071
S-01,16,16.409
S-03,4,33.332
S-02,15,35.064
S-03,1,18.471
S-02,23,18.991
S-01,7,16.880
S-02,15,17.476
S-03,8,30.826
S-03,12,17.620
S-03,6,20.209
S-02,14,31.880
S-01,14,19.442
S-01,12,28.361
S-04,10,34.171
S-04,10,15.564
S-03,16,19.873
S-02,7,32.109
S-04,1,20.476
S-02,23,14.346
S-01,9,31.057
S-01,17,21.279
S-04,5,17.794
S-03,18,31.361
S-01,4,33.429
S-02,7,30.544
S-01,16,20.577
S-02,5,29.564
S-02,16,21.039
S-01,19,21.464
S-03,22,33.686
S-02,7,33.867
S-02,21,15.862
S-04,11,29.627
S-02,16,23.799
S-01,13,33.277
S-03,12,31.478
S-03,11,0.000
S-01,9,21.145
S-04,6,19.012
S-03,21,28.562
S-03,3,16.557
S-02,20,28.245
S-03,12,28.386
S-02,10,19.996
S-03,16,35.080
S-03,13,29.718
S-03,18,15.708
S-02,16,15.781
S-03,17,31.166
S-04,5,26.992
S-04,8,18.886
S-02,1,19.375
S-04,13,17.960
S-01,17,30.094
S-01,18,16.656
S-01,19,35.816
S-04,5,34.687
S-01,2,28.610
S-02,13,17.931
S-04,11,31.363
S-02,11,19.726
S-01,3,19.460
S-04,2,16.523
S-03,23,20.214
S-03,11,35.154
S-02,3,18.240
S-03,15,18.495
S-02,12,31.575
S-02,8,30.772
S-02,15,33.504
S-03,16,29.712
S-03,15,17.240
S-01,13,18.916
S-02,10,31.539
S-03,23,17.879
S-03,10,30.583
S-02,7,29.565
S-04,19,32.909
S-03,15,29.638
S-02,2,14.336
S-03,14,30.830
S-02,20,29.907
S-04,11,30.794
S-04,16,31.374
S-04,10,15.291
S-04,0,29.090
S-03,9,38.678
S-02,23,16.613
S-02,13,34.014
S-03,23,21.514
S-03,0,21.453
S-04,1,32.296
S-01,23,16.174
S-01,16,31.408
S-02,7,19.855
S-01,8,33.076
S-03,2,0.000
S-03,1,18.920
S-04,2,31.854
S-04,12,35.279
S-02,4,15.266
S-01,10,12.815
S-01,5,17.232
S-04,6,18.663
S-03,2,0.000
S-01,14,30.897
S-03,2,0.000
S-01,19,29.735
S-03,11,29.331
S-03,14,32.965
S-04,0,30.896
S-03,15,0.000
S-04,22,16.269
S-03,11,20.997
S-02,20,20.359
S-01,1,20.233
S-04,21,30.517
S-04,14,31.265
S-01,20,31.646
S-04,14,20.734
S-03,9,22.642
S-04,21,31.891
S-01,9,30.353
S-01,8,31.665
S-03,20,35.120
S-03,6,21.218
S-03,3,32.182
S-02,10,31.083
S-01,19,28.021
S-01,4,29.796
S-02,9,17.509
S-02,22,13.137
S-03,1,28.608
S-03,10,0.000
S-04,23,33.294
S-04,18,18.461
S-02,11,24.873
S-03,15,21.500
S-03,6,34.334
S-03,17,31.528
S-03,5,19.300
S-01,18,19.737
S-02,17,22.271
S-03,7,33.489
S-04,16,31.612
S-01,6,32.898
S-01,19,20.774
S-02,7,32.422
S-03,6,18.206
S-03,9,33.493
S-02,13,30.578
S-02,15,34.900
S-03,13,35.028
S-04,13,29.932
S-03,14,29.840
S-03,19,27.278
S-01,13,28.706
S-04,6,19.215
S-02,7,28.285
S-01,20,30.265
S-04,16,33.140
S-03,0,15.452
S-01,10,28.217
S-02,5,33.404
S-03,4,11.851
S-03,6,0.000
S-01,16,18.374
S-01,1,35.966
S-03,21,29.034
S-04,18,21.721
S-03,14,20.249
S-03,10,19.928
S-01,13,30.372
S-01,23,35.040
S-03,21,13.494
S-01,21,36.403
S-02,8,15.958
S-03,3,17.807
S-02,14,30.668
S-03,14,20.458
S-04,18,14.152
S-01,23,16.643
S-01,13,17.611
S-02,1,32.163
S-03,17,33.417
S-02,1,18.390
S-04,10,20.679
S-01,13,21.285
S-01,23,18.579
S-03,12,16.916
S-01,22,20.522
S-02,2,22.839
S-01,5,19.972
S-01,7,30.996
S-04,18,18.274
S-02,13,17.082
S-02,11,31.491
S-01,10,33.897
S-03,18,0.000
S-04,20,31.689
S-03,15,13.688
S-02,0,19.566
S-04,18,31.857
S-03,6,18.555
S-01,14,32.954
S-04,17,20.372
S-04,8,17.638
S-01,1,17.243
S-02,4,19.488
S-04,15,21.050
S-01,23,16.189
S-04,2,20.305
S-02,1,23.572
S-01,18,23.695
S-03,12,16.458
S-02,5,21.086
S-03,7,16.726
S-04,16,20.277
S-01,0,34.121
S-04,15,31.721
S-01,3,34.315
S-03,22,32.321
S-03,21,31.583
S-04,9,18.341
S-04,20,30.488
S-03,14,0.000
S-04,2,15.649
S-03,2,28.525
S-03,18,17.152
S-01,17,19.914
S-03,21,32.601
S-03,9,29.924
S-01,0,21.287
S-02,6,34.368
S-03,11,30.574
S-02,8,18.422
S-03,5,0.000
S-03,20,21.690
S-01,13,16.348
S-04,18,19.043
S-04,2,30.928
S-03,4,0.000
S-02,9,22.343
S-03,0,0.000
S-02,16,15.100
S-03,9,30.956
S-03,0,14.664
S-02,3,29.535
S-04,16,18.630
S-04,18,29.452
S-01,19,31.241
S-04,13,19.136
S-01,12,31.654
S-04,5,29.791
S-03,23,31.120
S-01,12,18.321
S-04,22,20.829
S-01,14,19.622
S-04,7,31.977
S-02,0,19.420
S-03,7,30.954
S-04,1,32.813
S-01,23,16.697
S-01,2,30.713
S-01,4,27.235
S-04,8,18.254
S-03,2,0.000
S-03,6,0.000
S-03,20,17.960
S-04,23,20.198
S-01,8,26.668
S-01,22,33.753
S-01,2,20.601
S-03,1,21.143
S-02,16,30.228
S-04,17,14.131
S-01,22,18.756
S-02,23,19.062
S-01,8,16.423
S-04,4,21.297
S-03,4,17.604
S-01,1,17.114
S-01,22,31.790
S-01,14,20.663
S-01,6,32.225
S-02,3,19.389
S-03,11,16.795
S-02,21,15.354
S-01,4,15.224
S-04,4,36.649
S-01,2,27.353
S-02,1,19.978
S-03,23,31.957
S-03,19,21.825
S-04,8,31.553
S-02,20,16.343
S-04,22,29.610
S-03,23,19.799
S-02,14,32.031
S-04,16,32.596
S-03,2,30.665
S-02,7,33.582
S-02,21,22.131
S-02,2,31.140
S-04,2,16.708
S-04,0,28.394
S-01,1,15.093
S-01,10,33.306
S-02,6,32.958
S-04,18,24.314
S-04,4,15.729
S-04,22,18.046
S-02,11,30.582
S-01,11,34.018
S-01,14,21.646
S-04,14,32.633
S-01,2,32.378
S-01,19,34.585
S-04,5,19.099
S-01,3,33.231
S-03,3,28.386
S-01,15,19.818
S-03,22,20.236
S-04,17,28.730
S-02,17,18.959
S-02,21,16.411
S-01,6,29.911
S-03,0,31.151
S-01,1,17.558
S-03,3,28.347
S-02,21,32.289
S-01,17,17.339
S-03,12,33.375
S-04,2,31.197
S-04,0,35.810
S-02,21,17.980
S-03,3,30.357
S-04,23,31.659
S-04,14,33.157
S-02,12,18.734
S-04,11,20.360
S-02,12,31.616
S-01,18,16.412
S-02,9,16.685
S-04,21,14.580
S-01,14,21.534
S-03,3,32.429
S-02,6,14.102
S-04,8,37.696
S-04,16,16.247
S-03,7,0.000
S-01,20,35.541
S-01,10,28.790
S-03,20,29.613
S-04,9,35.264
S-01,14,31.962
S-02,0,34.313
S-03,0,29.705
S-04,7,27.579
S-02,12,17.248
S-03,7,28.773
S-01,11,28.041
S-04,8,20.928
S-01,20,29.446
S-02,23,26.532
S-02,20,17.102
S-01,8,33.467
S-03,12,28.645
S-02,23,32.341
S-04,9,33.292
S-04,9,16.354
S-04,20,31.417
S-04,14,35.535
S-01,17,31.007
S-02,6,20.131
S-01,16,18.750
S-04,7,31.235
S-04,3,26.292
S-04,23,31.151
S-03,0,31.304
S-01,22,32.326
S-04,9,33.477
S-04,21,13.382
S-03,18,32.262
S-03,15,31.454
S-01,20,35.174
S-04,4,18.596
S-04,4,31.163
S-01,22,28.564
S-02,18,37.562
S-03,16,28.547
S-01,18,16.575
S-02,22,33.036
S-02,14,29.922
S-02,5,31.254
S-01,3,21.493
S-03,16,32.755
S-02,1,16.486
S-04,18,18.630
S-04,16,15.000
S-02,23,17.606
S-04,14,30.722
S-04,2,21.965
S-01,13,19.778
S-04,20,32.021
S-01,23,20.388
S-02,0,16.243
S-03,19,0.000
S-02,9,14.612
S-03,21,18.841
S-01,7,17.147
S-04,23,16.105
S-03,13,27.645
S-02,21,32.935
S-03,22,30.034
S-03,6,0.000
S-04,13,27.115
S-04,1,33.011
S-03,16,29.941
S-03,0,14.840
S-04,3,34.416
S-01,15,31.914
S-01,22,37.489
S-02,9,34.172
S-04,18,18.145
S-03,3,20.520
S-04,8,29.321
S-04,11,17.811
S-03,7,20.944
S-02,21,22.562
S-04,1,15.546
S-01,12,30.993
S-04,7,28.995
S-02,20,21.766
S-03,11,20.073
S-02,8,34.578
S-01,20,18.247
S-03,16,29.519
S-04,17,18.906
S-04,0,19.690
S-02,16,31.360
S-03,18,0.000
S-02,7,29.037
S-01,5,28.897
S-04,8,30.701
S-03,12,19.003
S-02,15,28.294
S-01,14,16.680
S-04,19,19.107
S-02,15,16.019
S-04,1,33.071
S-04,21,32.880
S-04,22,28.291
S-02,5,33.112
S-02,10,33.235
S-02,13,29.209
S-04,18,17.208
S-03,7,29.725
S-03,20,22.014
S-02,6,19.528
S-02,15,17.600
S-01,18,22.397
S-02,10,30.518
S-04,17,30.805
S-03,1,29.889
S-01,11,17.920
S-03,17,19.501
S-03,18,30.176
S-03,1,30.193
S-01,0,22.375
S-02,14,18.309
S-03,12,32.659
S-01,17,17.004
S-04,15,30.093
S-02,16,17.628
S-03,15,18.489
S-02,22,28.636
S-03,15,0.000
S-01,16,28.658
S-02,19,15.244
S-01,20,16.421
S-04,21,30.846
S-02,13,27.089
S-01,15,35.447
S-03,21,0.000
S-02,1,15.031
S-01,17,18.841
S-02,2,16.596
S-04,0,16.490
S-01,2,20.819
S-04,0,31.328
S-02,13,18.217
S-04,19,20.791
S-01,15,32.922
S-01,16,21.199
S-01,5,18.478
S-04,1,17.491
S-02,17,33.544
S-01,20,33.388
S-01,3,33.062
S-01,8,31.763
S-04,15,19.718
S-02,4,32.079
S-02,15,31.831
S-04,16,33.359
S-01,18,32.737
S-04,12,29.714
S-04,16,19.760
S-01,14,17.446
S-03,7,19.707
S-02,3,17.444
S-02,12,17.797
S-01,12,32.728
S-03,19,29.627
S-04,21,37.689
S-03,19,0.000
S-01,2,29.285
S-04,4,17.961
S-01,3,32.513
S-03,21,32.785
S-02,5,31.965
S-01,22,32.185
S-01,16,16.874
S-01,14,28.801
S-04,11,18.656
S-03,9,0.000
S-04,2,18.391
S-02,8,16.572
S-02,11,19.997
S-03,8,33.123
S-02,23,17.373
S-01,18,19.259
S-03,21,14.166
S-01,21,20.056
S-03,10,33.062
S-04,19,21.591
S-03,21,19.030
S-03,11,28.645
S-01,19,19.306
S-01,8,34.401
S-03,12,0.000
S-01,6,18.878
S-03,17,16.618
S-03,14,14.959
S-03,9,0.000
S-02,9,31.098
S-02,21,25.529
S-04,10,21.027
S-03,3,35.134
S-01,3,19.536
S-02,11,16.925
S-02,14,16.498
S-03,17,0.000
S-03,5,18.880
S-04,4,32.645
S-03,23,18.367
S-02,14,16.607
S-01,2,12.935
S-03,2,15.295
S-01,20,20.580
S-01,11,32.407
S-03,21,31.614
S-01,21,37.531
S-03,22,16.489
S-02,1,30.661
S-01,7,30.191
S-04,23,21.530
S-04,4,31.939
S-03,11,28.888
S-02,8,28.351
S-01,21,21.121
S-02,9,23.572
S-02,10,34.473
S-04,8,16.131
S-02,22,16.623
S-03,10,17.164
S-01,4,17.660
S-02,3,34.053
S-04,1,34.500
S-01,13,33.591
S-02,6,18.608
S-01,8,32.707
S-04,19,15.830
S-04,7,28.721
S-01,19,34.393
S-02,20,27.580
S-01,13,18.756
S-02,10,15.037
S-04,6,19.836
S-04,17,14.232
S-02,14,13.426
S-04,21,21.760
S-03,14,0.000
S-03,12,18.735
S-02,19,18.300
S-02,13,18.905
S-03,5,0.000
S-02,6,17.610
S-01,13,30.819
S-03,7,27.065
S-02,4,16.416
S-03,23,30.863
S-01,3,19.935
S-03,2,31.974
S-02,1,32.160
S-04,1,31.361
S-04,20,29.415
S-03,23,17.058
S-03,14,19.683
S-03,6,25.961
S-01,15,32.489
S-04,9,19.022
S-02,22,30.571
S-03,14,20.344
S-04,5,21.339
S-02,9,30.634
S-03,21,29.519
S-01,1,19.396
S-04,3,29.893
S-03,9,19.161
S-03,18,29.121
S-04,10,18.808
S-04,12,31.169
S-04,3,20.076
S-01,11,19.239
S-01,23,30.699
S-01,4,28.749
S-01,11,31.696
S-02,3,16.728
S-02,14,19.748
S-03,1,26.695
S-02,23,20.201
S-01,12,29.501
S-03,12,20.109
S-01,4,26.729
S-03,9,31.635
S-02,18,33.217
S-03,8,19.996
S-04,21,28.653
S-03,19,34.501
S-03,16,31.075
S-02,0,32.331
S-03,5,0.000
S-02,17,28.942
S-01,1,32.744
S-04,22,13.892
S-01,0,26.498
S-01,13,19.534
S-03,20,16.967
S-01,13,18.234
S-01,2,28.571
S-04,22,16.733
S-02,10,19.692
S-04,12,28.145
S-01,15,17.149
S-01,1,17.287
S-04,16,20.265
S-02,2,31.742
S-03,15,33.845
S-02,8,33.233
S-04,15,18.525
S-03,6,18.014
S-03,5,18.827
S-04,4,29.263
S-02,6,30.437
S-03,7,19.815
S-02,17,29.739
S-01,14,17.810
S-03,22,20.887
S-02,11,21.813
S-02,5,30.383
S-02,11,29.353
S-04,20,17.662
S-02,5,35.899
S-03,23,0.000
S-04,10,30.628
S-01,8,23.776
S-01,10,28.808
S-03,22,33.546
S-04,20,36.218
S-01,10,16.774
S-01,12,15.164
S-03,11,21.013
S-03,10,0.000
S-04,16,16.668
S-04,0,19.860
S-04,9,19.711
S-01,19,19.502
S-01,8,33.108
S-03,7,0.000
S-01,9,20.983
S-03,8,16.479
S-02,15,19.669
S-01,20,29.606
S-03,13,0.000
S-01,8,17.755
S-03,13,18.311
S-01,4,34.454
S-02,1,33.829
S-04,0,28.076
S-04,10,18.708
S-04,12,31.677
S-02,4,34.634
S-01,17,17.303
S-01,9,31.956
S-01,21,31.668
S-01,13,18.880
S-03,4,34.115
S-02,10,27.649
S-02,19,30.668
S-02,23,34.434
S-02,2,23.706
S-01,2,17.807
S-04,23,29.651
S-03,13,17.092
S-01,17,17.044
S-01,3,29.658
S-04,9,14.488
S-03,10,0.000
S-02,15,32.151
S-04,20,17.197
S-01,14,21.545
S-04,1,16.844
S-04,4,30.967
S-03,5,34.658
S-03,6,17.949
S-01,14,29.459
S-03,13,19.498
S-04,19,23.240
S-01,21,26.932
S-02,12,18.747
S-03,19,27.743
S-03,0,19.311
S-02,0,31.302
S-03,11,22.596
S-03,22,30.385
S-03,10,0.000
S-02,21,23.767
S-01,9,25.738
S-01,5,19.917
S-04,12,31.315
S-03,21,31.783
S-04,2,30.772
S-04,5,14.378
S-02,12,29.645
S-04,7,34.290
S-03,5,0.000
S-01,11,21.871
S-01,17,14.527
S-03,6,33.443
S-01,16,34.367
S-03,2,31.407
S-02,16,34.312
S-02,14,31.775
S-02,9,26.864
S-04,6,23.037
S-04,23,18.093
S-03,19,0.000
S-04,4,17.472
S-02,20,16.842
S-01,11,35.400
S-03,21,15.847
S-01,5,18.326
S-02,19,22.779
S-04,10,19.553
S-04,23,15.210
S-04,11,32.079
S-04,11,19.074
S-04,11,15.218
S-01,20,15.025
S-01,19,30.188
S-02,1,15.828
S-02,17,19.380
S-01,18,28.472
S-04,1,17.821
S-03,16,18.352
S-02,19,32.098
S-01,0,33.763
S-03,19,27.357
S-01,5,19.689
S-02,11,20.064
S-03,6,0.000
S-04,9,18.370
S-04,9,17.693
S-01,9,30.287
S-04,15,28.953
S-03,17,34.061
S-02,17,30.019
S-02,23,36.369
S-03,5,0.000
S-03,3,29.877
S-04,16,33.649
S-03,8,22.084
S-02,4,13.694
S-03,2,28.219
S-02,23,30.852
S-03,5,15.222
S-02,7,22.888
S-03,7,0.000
S-01,20,32.419
S-01,23,34.550
S-04,7,29.255
S-03,17,20.104
S-01,23,19.340
S-03,1,20.712
S-02,0,29.843
S-02,0,36.618
S-03,20,34.060
S-02,7,20.479
S-04,9,19.281
S-04,7,35.787
S-01,22,18.858
S-04,6,17.499
S-01,1,16.463
S-01,6,27.786
S-04,2,32.569
S-02,2,29.169
S-04,12,32.345
S-04,5,20.763
S-04,1,33.080
S-03,4,35.335
S-03,19,28.806
S-03,3,17.095
S-01,17,32.559
S-04,6,14.985
S-03,17,0.000
S-04,5,27.604
S-03,20,0.000
S-04,12,34.352
S-03,1,18.049
S-03,17,17.930
S-02,12,21.481
S-02,6,32.940
S-01,15,34.330
S-02,16,31.553
S-03,12,17.098
S-01,23,22.732
S-01,19,13.539
S-04,17,17.739
S-02,5,15.007
S-01,17,32.241
S-03,8,20.892
S-02,12,18.198
S-03,3,18.073
S-02,22,29.724
S-02,5,32.498
S-01,18,29.680
S-02,6,20.408
S-01,0,33.636
S-03,16,30.215
S-03,20,32.479
S-01,9,20.997
S-02,4,33.031
S-04,13,27.581
S-01,11,13.451
S-04,16,19.357
S-02,18,20.106
S-04,22,21.255
S-04,1,19.686
S-02,13,30.142
S-03,21,0.000
S-02,15,19.713
S-02,11,14.498
S-01,6,29.038
S-02,14,19.165
S-03,10,32.988
S-01,2,32.117
S-02,11,18.627
S-03,1,32.058
S-02,13,20.484
S-04,13,31.331
S-03,3,0.000
S-03,15,0.000
S-01,6,18.319
S-04,1,33.877
S-04,2,21.646
S-04,2,19.652
S-04,21,33.459
S-01,16,15.686
S-04,0,22.699
S-01,10,18.374
S-04,22,29.063
S-01,13,17.683
S-01,3,18.902
S-01,8,29.620
S-02,12,18.956
S-04,4,33.656
S-03,14,0.000
S-01,5,20.357
S-03,12,16.832
S-04,19,19.555
S-03,2,21.724
S-01,7,10.919
S-04,1,15.695
S-03,9,20.914
S-02,16,19.856
S-02,7,16.709
S-02,3,32.691
S-04,16,19.547
S-04,10,20.218
S-02,18,30.984
S-04,23,38.742
S-01,21,18.746
S-01,5,33.651
S-03,21,33.904
S-02,8,29.472
S-01,3,21.089
S-02,13,29.100
S-02,14,36.995
S-03,1,26.064
S-01,10,30.177
S-03,22,19.673
S-01,19,36.428
S-04,18,34.120
S-01,6,31.403
S-03,5,32.083
S-01,5,17.506
S-04,3,21.144
S-01,3,30.315
S-01,13,27.818
S-02,17,30.146
S-02,2,17.617
S-02,16,17.425
S-04,11,32.052
S-04,21,34.457
S-03,17,33.263
S-01,3,19.131
S-01,20,31.850
S-02,18,17.014
S-04,12,30.740
S-02,8,29.905
S-02,11,15.866
S-02,14,18.273
S-03,22,19.167
S-04,19,28.927
S-02,10,21.048
S-03,21,22.476
S-03,9,15.623
S-02,7,18.129
S-02,3,33.317
S-02,0,21.404
S-02,4,20.018
S-01,9,34.272
S-04,1,28.527
S-02,0,31.033
S-03,14,16.384
S-02,13,29.572
S-01,21,16.958
S-01,12,21.461
S-03,10,22.742
S-01,17,16.659
S-04,1,15.856
S-04,9,18.279
S-03,17,15.657
S-02,2,28.966
S-03,10,14.884
S-03,12,33.748
S-04,11,31.841
S-04,17,32.822
S-03,19,17.041
S-01,21,31.906
S-04,22,29.010
S-04,12,31.667
S-04,22,33.344
S-01,11,19.715
S-01,4,34.202
S-03,7,0.000
S-03,4,19.960
S-04,8,32.934
S-02,10,18.907
S-02,23,18.395
S-01,7,32.377
S-02,17,29.957
S-01,20,15.993
S-02,2,28.626
S-04,2,17.205
S-01,3,28.549
S-02,2,18.604
S-01,11,19.206
S-04,4,33.011
S-04,13,17.853
S-01,22,32.269
S-04,12,32.748
S-01,14,32.034
S-01,3,20.323
S-01,14,30.492
S-02,16,31.397
S-02,2,30.696
S-03,17,20.313
S-03,13,36.032
S-03,19,21.153
S-01,11,15.695
S-01,21,16.837
S-03,21,20.632
S-02,6,31.323
S-02,11,25.651
S-03,15,0.000
S-02,19,32.057
S-02,12,33.109
S-01,21,17.617
S-02,16,16.740
S-04,6,18.238
S-04,6,21.260
S-01,11,32.625
S-01,15,31.346
S-04,5,18.082
S-01,7,31.189
S-03,9,20.938
S-02,3,32.230
S-03,22,30.679
S-04,10,32.998
S-04,11,20.620
S-04,0,14.040
S-03,18,31.537
S-03,10,30.408
S-01,7,28.187
S-01,13,30.886
S-01,23,18.690
S-04,12,32.788
S-02,0,29.727
S-03,14,15.848
S-04,10,20.323
S-04,13,19.392
S-02,11,19.454
S-04,14,32.753
S-03,19,30.476
S-01,5,29.761
S-03,13,0.000
S-02,0,29.916
S-03,3,18.011
S-01,10,32.191
S-04,3,31.779
S-04,7,18.095
S-03,18,21.589
S-04,23,17.913
S-03,18,34.110
S-04,17,30.966
S-04,13,36.912
S-02,15,18.571
S-03,17,19.576
S-04,20,32.476
S-02,15,16.986
S-01,2,32.251
S-02,15,31.940
S-01,21,32.857
S-03,10,32.860
S-04,6,31.619
S-02,0,30.969
S-03,21,35.089
S-04,10,21.177
S-02,10,29.066
S-04,7,31.283
S-04,11,31.875
S-03,3,17.014
S-04,5,18.166
S-04,23,32.550
S-01,3,33.909
S-04,5,19.185
S-01,1,32.427
S-04,17,31.780
S-04,9,29.988
S-02,16,27.027
S-01,13,29.487
S-04,8,19.119
S-01,3,21.588
S-01,0,18.504
S-04,10,21.820
S-04,7,15.699
S-02,14,16.495
S-02,16,22.070
S-04,4,15.932
S-01,7,34.078
S-03,8,15.065
S-04,10,17.611
S-03,9,29.271
S-01,23,30.123
S-01,5,20.352
S-04,12,31.864
S-02,21,15.625
S-04,9,38.871
S-02,22,31.386
S-03,23,0.000
S-03,12,0.000
S-02,18,19.728
S-04,23,31.551
S-02,9,30.203
S-04,8,19.500
S-04,19,34.089
S-03,5,0.000
S-02,18,18.117
S-01,6,26.893
S-04,11,15.088
S-01,3,30.734
S-01,2,32.926
S-02,14,29.954
S-02,7,33.999
S-04,17,18.838
S-03,7,22.670
S-04,3,29.446
S-02,1,20.717
S-04,20,31.194
S-03,22,0.000
S-03,1,30.477
S-01,1,20.961
S-01,8,33.459
S-04,23,31.764
S-01,5,19.157
S-03,15,31.450
S-03,13,17.932
S-01,17,33.162
S-02,1,28.462
S-01,9,15.879
S-01,12,17.475
S-04,11,35.606
S-01,13,32.423
S-02,3,30.639
S-02,7,31.539
S-04,11,25.648
S-03,14,33.176
S-04,0,19.306
S-03,3,20.383
S-03,17,32.075
S-04,14,23.442
S-01,12,15.672
S-03,2,20.144
S-01,14,17.491
S-03,1,18.370
S-04,20,19.088
S-01,6,34.058
S-02,20,30.887
S-02,19,29.062
S-04,12,21.366
S-02,10,32.803
S-02,14,17.176
S-04,16,16.883
S-04,1,34.638
S-04,9,21.694
S-02,6,17.051
S-02,2,34.347
S-03,20,0.000
S-01,16,32.230
S-03,12,0.000
S-03,7,17.446
S-01,21,31.519
S-01,1,34.021
S-01,6,35.185
S-04,20,32.792
S-01,3,28.266
S-03,23,0.000
S-04,8,20.666
S-02,23,31.197
S-02,13,26.258
S-02,9,18.160
S-04,5,17.750
S-03,14,0.000
S-02,16,15.714
S-04,9,17.688
S-04,13,16.619
S-01,2,29.182
S-01,19,16.829
S-03,4,28.994
S-01,0,16.574
S-01,20,29.480
S-01,6,28.450
S-02,2,31.989
S-01,19,17.157
S-02,19,32.416
S-04,18,32.101
S-01,18,21.535
S-02,3,30.355
S-01,19,28.434
S-03,21,23.995
S-03,15,21.968
S-01,4,17.071
S-01,21,34.333
S-01,19,28.837
S-02,21,17.442
S-01,23,30.440
S-04,3,19.100
S-02,21,31.163
S-04,19,28.273
S-01,15,29.776
S-03,6,31.937
S-03,14,32.806
S-04,3,29.133
S-03,20,28.474
S-01,20,27.622
S-01,13,33.944
S-01,6,29.496
S-03,6,18.231
S-01,8,31.707
S-02,17,19.490
S-03,21,34.148
S-04,6,32.017
S-01,17,20.312
S-03,7,19.065
S-04,4,30.644
S-03,22,17.209
S-03,3,31.639
S-01,14,32.155
S-01,12,17.457
S-01,13,20.165
S-03,23,32.391
S-04,0,17.697
S-04,6,16.561
S-04,21,30.972
S-04,4,32.370
S-02,13,18.308
S-01,8,17.894
S-02,20,31.463
S-04,23,18.283
S-03,19,26.883
S-01,14,22.707
S-04,16,32.113
S-01,8,35.248
S-04,3,32.932
S-01,13,22.675
S-02,8,34.623
S-03,7,18.697
S-01,18,17.268
S-01,23,22.190
S-04,5,16.596
S-02,2,18.363
S-04,0,34.150
S-01,16,23.924
S-02,7,21.589
S-03,3,0.000
S-03,21,18.315
S-04,7,28.108
S-01,7,31.000
S-01,11,28.773
S-01,6,34.208
S-02,8,35.263
S-02,4,30.832
S-01,6,33.955
S-03,1,21.087
S-02,8,30.606
S-03,19,15.813
S-03,23,0.000
S-04,15,32.335
S-01,16,33.084
S-01,3,19.932
S-01,0,28.053
S-01,10,30.687
S-02,9,32.523
S-03,19,18.446
S-04,16,31.372
S-03,8,34.184
S-01,5,16.957
S-02,23,17.792
S-01,17,21.821
S-02,1,22.334
S-04,11,20.975
S-02,16,30.526
S-03,12,20.846
S-04,12,15.735
S-01,14,20.439
S-03,11,30.481
S-03,0,0.000
S-02,0,29.884
S-01,0,35.173
S-01,20,20.842
S-01,9,13.245
S-04,0,18.870
S-03,9,18.898
S-03,10,29.162
S-01,8,34.886
S-02,6,32.556
S-04,20,29.630
S-02,19,18.841
S-02,16,29.733
S-03,5,19.710
S-02,18,22.630
S-01,17,16.005
S-03,2,16.378
S-03,1,19.322
S-02,19,32.170
S-01,17,27.372
S-03,2,36.357
S-04,19,31.691
S-03,6,20.969
S-01,10,34.542
S-02,2,17.943
S-04,14,34.968
S-01,1,29.995
S-02,17,28.433
S-03,18,19.836
S-02,13,37.607
S-04,1,30.156
S-04,13,34.282
S-02,5,15.275
S-02,19,31.054
S-03,9,18.601
S-04,11,18.118
S-01,8,18.073
S-01,16,22.231
S-04,4,16.673
S-03,2,30.138
S-04,5,31.535
S-02,23,19.190
S-04,12,30.221
S-01,23,18.086
S-01,4,31.906
S-01,5,31.436
S-03,21,14.919
S-04,10,26.074
S-04,23,30.974
S-01,16,30.348
S-03,3,19.118
S-01,23,29.577
S-02,15,30.872
S-03,2,26.891
S-02,5,20.616
S-01,13,17.003
S-04,18,30.955
S-01,8,17.984
S-04,13,21.266
S-02,16,34.238
S-01,17,15.602
S-01,19,32.287
S-01,18,18.501
S-02,15,31.178
S-02,14,31.371
S-02,14,18.631
S-02,1,20.355
S-04,17,29.633
S-02,17,23.755
S-03,9,0.000
S-01,4,32.582
S-02,5,32.507
S-01,7,21.782
S-04,7,19.553
S-01,16,19.817
S-03,19,21.236
S-03,6,0.000
S-04,22,29.938
S-03,13,0.000
S-01,5,19.512
S-02,13,18.755
S-01,23,33.628
S-03,9,0.000
S-03,13,0.000
S-02,8,31.884
S-01,11,29.853
S-02,18,18.850
S-04,19,31.750
S-02,6,32.380
S-02,4,19.117
S-03,7,20.931
S-04,1,34.642
S-04,19,35.583
S-01,14,29.905
S-02,0,22.495
S-03,10,36.359
S-03,6,32.254
S-04,14,20.252
S-03,14,14.059
S-03,2,0.000
S-03,14,30.788
S-04,10,31.220
S-02,8,22.445
S-03,9,32.135
S-02,5,17.779
S-03,9,0.000
S-04,12,37.743
S-01,22,18.109
S-01,0,33.222
S-02,15,31.532
S-02,18,16.251
S-04,21,33.985
S-02,15,16.838
S-04,4,30.500
S-03,18,0.000
S-02,18,29.285
S-03,1,18.175
S-03,8,18.181
S-01,23,30.011
S-02,13,19.061
S-03,18,20.531
S-04,5,29.122
S-04,6,21.544
S-03,2,19.076
S-04,9,30.086
S-01,23,26.988
S-04,17,14.072
S-04,19,22.972
S-03,8,0.000
S-04,15,18.712
S-01,2,16.905
S-01,20,20.673
S-02,8,29.945
S-04,9,33.511
S-02,2,17.095
S-03,14,16.179
S-01,6,33.834
S-02,10,32.176
S-01,15,32.860
S-01,9,21.669
S-02,7,29.339
S-03,10,17.344
S-01,12,27.580
S-01,22,31.780
S-04,16,18.640
S-02,4,17.463
S-03,4,0.000
S-01,9,33.315
S-03,13,15.513
S-03,8,32.496
S-04,8,16.757
S-02,5,17.019
S-03,6,33.139
S-02,18,32.782
S-04,0,16.241
S-04,2,16.614
S-03,1,34.356
S-02,7,33.291
S-04,8,17.444
S-04,23,30.815
S-03,1,18.554
S-02,17,28.287
S-03,15,0.000
S-02,21,31.498
S-02,20,23.363
S-01,15,19.090
S-01,12,18.750
S-04,20,32.937
S-01,12,27.993
S-03,18,33.232
S-02,9,18.495
S-03,17,21.893
S-01,17,29.981
S-03,6,30.771
S-02,9,14.629
S-02,15,19.110
S-02,3,19.411
S-01,9,18.931
S-04,7,18.805
S-04,0,18.106
S-03,10,30.009
S-04,18,31.797
S-03,17,33.806
S-04,14,32.110
S-02,17,34.345
S-04,19,19.992
S-03,0,28.652
S-02,21,36.137
S-03,11,0.000
S-04,10,20.664
S-01,4,16.225
S-01,21,33.268
S-01,18,18.863
S-01,15,29.286
S-04,18,13.789
S-03,23,16.733
S-01,16,19.924
S-04,8,16.284
S-04,9,32.175
S-02,20,30.895
S-02,1,31.384
S-04,21,31.222
S-02,16,30.855
S-03,17,0.000
S-03,2,22.161
S-02,13,17.588
S-01,0,35.213
S-04,12,18.966
S-03,19,26.012
S-03,17,18.078
S-03,0,21.562
S-03,15,33.933
S-02,3,29.934
S-01,1,28.697
S-04,5,29.857
S-03,10,0.000
S-04,18,15.376
S-02,10,16.528
S-01,14,33.041
S-01,5,18.940
S-02,16,30.083
S-01,0,31.048
S-04,2,18.956
S-01,17,17.171
S-03,22,15.872
S-04,3,15.158
S-04,8,20.012
S-01,4,32.875
S-02,2,15.061
S-04,17,20.616
S-02,15,28.805
S-01,9,19.153
S-02,5,18.734
S-04,21,16.847
S-01,14,16.961
S-04,10,27.546
S-01,2,17.489
S-02,8,24.488
S-02,19,28.444
S-02,4,20.344
S-04,7,16.467
S-02,17,32.207
S-02,7,17.957
S-01,2,19.654
S-02,13,22.167
S-01,14,35.769
S-03,13,35.413
S-04,21,33.147
S-04,17,30.369
S-03,13,20.315
S-01,9,30.289
S-01,13,17.896
S-04,8,17.874
S-03,15,18.184
S-03,0,32.217
S-01,15,33.233
S-04,15,20.356
S-01,7,20.899
S-01,21,35.906
S-02,13,33.514
S-01,16,20.377
S-03,0,0.000
S-01,10,26.263
S-03,23,0.000
S-03,4,32.515
S-01,1,32.606
S-01,1,22.450
S-03,2,32.797
S-03,20,20.365
S-04,15,19.820
S-01,6,33.399
S-02,21,19.261
S-02,11,19.434
S-04,3,32.195
S-03,19,22.473
S-04,16,34.177
S-04,21,30.891
S-02,1,29.657
S-03,17,0.000
S-04,19,16.346
S-02,0,21.310
S-02,2,33.070
S-02,11,17.074
S-04,2,33.453
S-03,11,17.385
S-04,15,31.298
S-01,20,33.762
S-02,0,22.771
S-04,9,19.058
S-01,11,17.817
S-01,21,14.319
S-03,23,33.396
S-04,6,17.078
S-02,15,29.760
S-01,22,36.924
S-02,20,18.085
S-01,4,20.659
S-04,3,33.580
S-04,21,32.830
S-04,20,13.417
S-03,14,29.059
S-01,2,17.395
S-04,15,29.415
S-02,4,16.125
S-04,5,25.946
S-01,17,27.576
S-02,22,30.696
S-04,3,32.368
S-03,2,0.000
S-03,3,0.000
S-01,2,20.386
S-04,14,32.067
S-01,3,17.865
S-01,5,16.624
S-04,0,28.250
S-03,11,31.133
S-02,16,31.053
S-01,15,29.596
S-03,5,17.599
S-01,17,30.046
S-02,15,18.973
S-01,0,19.073
S-02,13,17.457
S-04,0,18.835
S-04,7,17.317
S-03,15,18.143
S-03,7,32.492
S-04,11,16.612
S-04,23,28.614
S-04,23,32.553
S-03,20,0.000
S-02,18,30.290
S-03,17,35.143
S-03,10,21.477
S-02,21,17.051
S-01,6,18.327
S-03,23,20.505
S-04,22,31.203
S-03,8,29.459
S-02,0,28.606
S-02,9,18.283
S-02,18,21.440
S-03,21,33.506
S-01,22,30.971
S-02,21,14.758
S-02,19,30.957
S-04,8,32.222
S-04,6,15.157
S-04,9,31.958
S-04,19,33.685
S-01,0,28.339
S-03,11,30.323
S-03,10,17.062
S-03,1,32.139
S-04,11,31.277
S-02,1,30.268
S-01,12,31.897
S-03,18,22.318
S-03,19,35.036
S-01,8,16.630
S-03,18,0.000
S-03,10,27.592
S-04,18,20.147
S-02,12,33.653
S-01,0,22.251
S-03,9,0.000
S-03,3,30.317
S-01,6,16.794
S-04,0,29.809
S-02,10,33.283
S-01,4,19.275
S-04,3,30.270
S-02,8,29.682
S-01,20,14.881
S-03,20,0.000
S-04,22,17.996
S-03,12,31.124
S-02,19,30.926
S-01,18,32.141
S-02,4,21.292
S-02,16,31.682
S-02,11,33.027
S-02,16,15.525
S-04,15,16.576
S-04,14,31.148
S-01,17,33.966
S-04,4,21.448
S-02,21,21.472
S-03,1,20.264
S-01,6,18.423
S-03,11,28.772
S-03,21,0.000
S-03,20,30.969
S-01,4,28.128
S-04,1,19.298
S-02,0,21.450
S-01,22,20.763
S-04,20,30.136
S-02,19,18.852
S-02,19,29.900
S-02,23,17.850
S-04,14,17.291
S-02,18,32.869
S-03,7,37.130
S-02,5,17.437
S-03,16,0.000
S-04,11,31.001
S-02,17,32.821
S-04,8,23.020
S-03,6,29.892
S-01,21,16.042
S-03,7,18.399
S-02,10,29.167
S-01,21,31.806
S-02,12,20.459
S-02,10,19.560
S-02,4,26.356
S-04,15,18.022
S-04,4,17.909
S-01,10,17.875
S-01,19,27.321
S-01,10,20.027
S-04,8,31.312
S-04,22,21.122
S-02,5,17.575
S-01,9,16.691
S-04,23,14.320
S-01,0,17.055
S-01,21,17.759
S-01,2,32.301
S-04,11,20.535
S-04,4,17.662
S-01,19,33.399
S-03,2,28.889
S-02,20,15.824
S-02,8,20.530
S-03,4,31.235
S-03,19,30.138
S-02,17,30.302
S-03,23,0.000
S-01,11,19.864
S-04,2,17.552
S-01,0,17.368
S-02,16,31.349
S-01,13,21.666
S-04,14,17.534
S-02,13,33.604
S-02,9,20.602
S-03,11,0.000
S-04,19,21.511
S-03,2,28.022
S-02,22,19.291
S-02,7,32.670
S-01,14,18.445
S-04,5,18.756
S-02,13,35.087
S-04,22,17.986
S-02,23,28.326
S-02,14,16.087
S-04,16,32.395
S-01,4,17.486
S-01,12,32.390
S-02,13,31.841
S-01,6,18.882
S-01,10,30.066
S-01,3,22.481
S-04,8,31.024
S-01,12,21.825
S-04,15,12.134
S-02,18,29.910
S-04,8,22.798
S-02,9,32.463
S-02,17,33.219
S-04,8,18.803
S-04,5,28.751
S-02,4,28.525
S-03,8,20.089
S-02,3,20.377
S-03,10,19.497
S-02,14,17.122
S-02,21,29.543
S-02,9,14.384
S-02,21,13.105
S-04,3,31.507
S-02,18,18.859
S-02,5,29.972
S-04,23,19.619
S-03,13,19.901
S-02,1,17.054
S-01,8,32.020
S-04,18,17.396
S-04,2,27.709
S-01,8,32.880
S-01,14,32.231
S-01,0,31.258
S-03,3,29.383
S-01,10,29.244
S-04,4,15.725
S-02,4,21.986
S-02,21,31.101
S-02,14,19.321
S-03,14,18.647
S-01,20,30.679
S-04,20,18.905
S-04,15,28.531
S-03,6,30.326
S-02,12,17.682
S-01,7,14.053
S-03,14,18.980
S-01,14,27.477
S-04,15,17.563
S-04,18,16.705
S-04,1,16.601
S-01,6,29.410
S-04,6,30.747
S-02,11,31.105
S-03,13,33.209
S-03,12,36.705
S-02,10,17.303
S-04,8,19.941
S-01,5,19.876
S-01,13,20.004
S-04,5,31.385
S-01,18,29.328
S-03,12,28.147
S-01,12,21.353
S-04,21,31.212
S-01,22,29.112
S-02,23,30.372
S-03,5,32.513
S-02,19,31.564
S-01,17,33.549
S-03,18,20.206
S-03,4,32.737
S-03,15,31.989
S-04,20,16.090
S-01,8,34.731
S-01,11,17.656
S-01,18,19.854
S-04,15,30.755
S-01,8,16.739
S-02,20,18.980
S-01,1,19.378
S-01,4,29.955
S-04,5,29.884
S-03,10,22.883
S-01,18,20.781
S-03,12,20.580
S-03,11,29.736
S-02,7,32.839
S-02,23,18.602
S-02,4,15.300
S-03,7,19.446
S-02,21,31.377
S-04,19,20.844
S-04,16,17.727
S-01,17,28.404
S-01,20,31.365
S-01,17,20.246
S-01,6,33.269
S-02,12,31.538
S-02,14,27.819
S-04,5,36.639
S-04,3,31.695
S-03,4,35.158
S-04,3,17.647
S-02,11,27.812
S-04,1,26.378
S-03,14,0.000
S-03,8,21.827
S-04,14,35.683
S-03,19,21.775
S-02,16,19.325
S-03,14,20.146
S-04,2,27.565
S-01,23,18.576
S-01,9,16.085
S-04,2,30.615
S-04,23,35.137
S-02,15,22.420
S-02,15,30.040
S-03,17,17.811
S-02,21,20.864
S-02,15,30.462
S-04,7,33.430
S-02,6,31.401
S-04,5,30.274
S-03,13,20.126
S-03,0,22.302
S-03,10,32.534
S-04,10,20.001
S-04,3,31.930
S-04,5,18.038
S-03,2,20.923
S-01,15,33.615
S-02,6,37.293
S-02,10,18.266
S-04,15,20.483
S-04,2,20.454
S-03,23,17.487
S-02,12,19.339
S-03,20,19.693
S-03,5,0.000
S-03,18,23.309
S-02,5,32.464
S-01,13,19.132
S-01,12,15.306
S-03,15,18.793
S-02,23,33.407
S-04,5,32.143
S-04,10,30.296
S-04,22,31.912
S-02,1,32.125
S-01,14,31.274
S-03,22,0.000
S-03,0,16.690
S-03,5,19.206
S-01,1,29.981
S-04,3,19.894
S-03,11,16.360
S-02,6,33.389
S-03,11,31.981
S-04,10,28.263
S-01,6,12.298
S-04,20,35.327
S-02,19,20.763
S-04,12,35.964
S-04,16,21.825
S-04,14,19.596
S-03,11,19.775
S-01,2,18.607
S-02,6,18.386
S-01,16,16.051
S-03,19,0.000
S-03,3,18.076
S-04,20,27.396
S-04,9,28.544
S-03,12,15.233
S-01,8,16.289
S-02,13,31.109
S-04,0,19.919
S-02,19,20.383
S-04,4,31.674
S-04,1,20.086
S-01,3,26.021
S-02,3,33.195
S-01,8,18.986
S-03,3,0.000
S-04,17,18.630
S-03,2,17.720
S-04,23,20.297
S-04,11,15.961
S-04,7,18.327
S-01,11,33.062
S-01,8,18.505
S-03,4,31.654
S-02,0,30.220
S-02,19,37.267
S-02,5,33.216
S-04,3,30.097
S-01,13,32.199
S-03,8,29.885
S-03,12,20.501
S-04,1,33.355
S-04,2,21.655
S-02,7,17.741
S-03,4,18.961
S-04,11,18.853
S-03,20,36.142
S-01,14,31.603
S-03,16,16.807
S-01,1,26.763
S-01,9,14.466
S-03,7,30.019
S-02,2,15.845
S-01,11,31.835
S-01,20,32.166
S-04,9,21.015
S-04,6,31.562
S-04,19,30.601
S-03,17,30.187
S-01,3,17.571
S-03,17,32.557
S-04,21,30.418
S-01,16,30.850
S-03,22,21.932
S-04,8,21.244
S-02,12,32.945
S-04,4,19.146
S-04,3,15.738
S-02,23,31.152
S-03,0,18.506
S-03,16,15.753
S-03,4,0.000
S-02,12,16.543
S-02,6,25.584
S-03,10,0.000
S-04,9,21.498
S-02,21,17.946
S-02,19,35.459
S-01,22,30.358
S-04,8,15.854
S-04,13,38.437
S-03,7,19.698
S-01,0,29.669
S-04,20,17.991
S-03,19,0.000
S-02,0,20.881
S-02,18,17.005
S-03,10,33.767
S-03,17,13.840
S-04,10,19.321
S-03,11,32.085
S-02,9,32.346
S-03,14,19.686
S-01,8,18.731
S-02,13,31.201
S-04,5,30.049
S-01,13,31.318
S-02,15,17.197
S-02,19,27.908
S-03,3,16.425
S-04,5,18.403
S-02,2,34.727
S-01,10,31.448
S-04,1,31.538
S-04,20,37.182
S-04,4,17.754
S-03,16,32.382
S-04,13,14.740
S-03,0,29.212
S-04,16,28.162
S-02,9,22.122
S-04,6,34.615
S-03,11,18.286
S-04,21,32.642
S-01,17,33.333
S-01,7,17.451
S-04,17,20.900
S-01,14,16.890
S-02,19,18.615
S-02,19,31.890
S-01,9,14.591
S-04,15,30.188
S-01,10,17.362
S-01,2,30.451
S-01,16,27.994
S-01,18,20.663
S-01,5,34.304
S-03,10,16.303
S-04,4,18.344
S-01,3,18.455
S-02,11,18.883
S-03,14,0.000
S-01,0,15.734
S-03,10,0.000
S-03,16,28.451
S-01,23,36.706
S-03,20,16.605
S-01,9,19.270
S-04,9,32.031
S-04,10,25.553
S-04,23,20.817
S-04,12,33.583
S-02,2,35.291
S-04,21,29.389
S-02,19,29.198
S-02,9,17.174
S-04,2,16.863
S-04,13,19.238
S-04,8,20.984
S-01,13,31.970
S-03,1,33.656
S-03,11,32.769
S-01,21,31.859
S-01,17,18.891
S-02,18,28.715
S-01,14,33.703
S-02,23,14.262
S-02,20,29.542
S-01,14,30.312
S-03,13,18.252
S-02,14,30.505
S-03,0,33.510
S-01,17,20.037
S-04,11,19.612
S-01,10,17.022
S-02,3,20.248
S-01,22,17.288
S-03,13,0.000
S-03,14,15.822
S-03,14,14.998
S-03,1,31.286
S-04,20,29.843
S-02,21,32.203
S-02,1,17.710
S-03,21,28.102
S-02,12,19.895
S-01,23,19.243
S-02,6,17.613
S-03,18,15.504
S-01,3,19.268
S-04,2,16.895
S-04,14,33.279
S-04,16,22.088
S-03,1,18.414
S-02,17,31.056
S-01,13,35.219
S-02,14,32.834
S-02,2,19.490
S-03,9,16.068
S-03,9,19.058
S-02,19,19.835
S-01,23,29.844
S-02,21,34.045
S-01,4,30.927
S-04,4,21.031
S-01,1,20.783
S-04,3,33.135
S-04,11,19.872
S-03,22,0.000
S-03,15,26.999
S-03,18,0.000
S-04,10,29.100
S-01,13,31.326
S-04,5,15.671
S-01,18,35.132
S-04,8,31.545
S-03,23,17.351
S-03,9,29.841
S-02,21,17.159
S-02,2,22.319
S-03,23,18.511
S-03,23,32.395
S-04,17,23.424
S-02,7,17.485
S-04,6,20.875
S-04,4,16.927
S-02,5,28.439
S-02,20,17.643
S-01,19,29.031
S-03,20,21.529
S-03,4,17.203
S-04,10,31.081
S-01,10,32.856
S-01,23,35.981
S-04,6,30.841
S-04,2,20.138
S-04,15,29.649
S-02,4,30.483
S-04,21,19.718
S-04,8,34.122
S-03,3,29.201
S-01,9,31.130
S-03,20,13.875
S-02,0,18.553
S-03,11,17.453
S-01,16,33.403
S-02,18,32.351
S-03,23,0.000
S-03,1,32.986
S-02,20,14.535
S-01,15,35.196
S-04,12,16.053
S-03,23,21.318
S-02,18,31.582
S-01,6,29.210
S-03,14,0.000
S-02,0,29.421
S-01,8,29.620
S-01,17,20.962
S-02,13,19.524
S-01,22,31.897
S-04,16,16.961
S-04,21,32.806
S-01,15,33.115
S-01,7,16.746
S-04,2,18.329
S-04,21,32.815
S-04,15,29.504
S-02,23,29.532
S-01,23,19.031
S-04,2,17.917
S-03,13,20.444
S-01,16,40.145
S-02,21,29.620
S-04,16,33.532
S-02,8,19.807
S-03,4,16.275
S-04,13,35.654
S-02,18,20.571
S-02,13,28.459
S-03,3,29.505
S-02,18,36.666
S-01,23,29.138
S-02,16,27.849
S-02,19,32.518
S-03,0,31.124
S-03,9,0.000
S-01,2,15.777
S-01,12,28.314
S-02,16,21.703
S-04,19,16.859
S-03,6,0.000
S-03,9,34.240
S-03,21,0.000
S-02,19,30.194
S-02,7,18.037
S-04,7,30.919
S-02,2,18.378
S-04,10,31.856
S-02,9,34.482
S-02,5,15.076
S-03,10,34.932
S-04,8,34.756
S-02,23,17.702
S-04,20,12.830
S-04,19,31.854
S-04,3,19.676
S-02,16,20.294
S-03,0,0.000
S-02,21,19.472
S-03,19,25.879
S-04,6,30.742
S-02,11,30.836
S-01,22,33.325
S-03,22,31.762
S-01,21,18.902
S-02,19,31.526
S-02,3,17.326
S-04,9,32.186
S-02,9,14.360
S-03,12,30.940
S-01,6,31.832
S-02,13,21.801
S-04,5,30.229
S-03,15,19.249
S-03,14,30.912
S-04,11,19.982
S-02,14,31.461
S-03,19,30.004
S-02,14,30.572
S-02,19,32.670
S-04,15,16.303
S-04,20,34.562
S-02,14,19.609
S-03,15,33.170
S-04,12,33.632
S-03,3,34.514
S-01,12,32.784
S-03,0,0.000
S-02,2,20.220
S-01,20,27.363
S-03,8,30.364
S-03,10,14.304
S-02,22,20.363
S-02,19,15.440
S-03,4,18.488
S-04,4,28.314
S-02,1,17.493
S-04,6,17.361
S-04,5,18.868
S-04,4,18.641
S-03,6,18.546
S-04,1,34.914
S-03,20,21.518
S-04,2,29.077
S-01,4,19.236
S-01,9,21.271
S-04,6,21.642
S-01,12,32.249
S-01,5,16.802
S-02,15,31.281
S-04,0,21.228
S-04,18,30.118
S-04,20,20.796
S-01,1,28.590
S-01,1,18.354
S-01,18,30.549
S-01,14,29.224
S-02,17,15.960
S-02,16,14.087
S-01,11,16.748
S-02,3,20.636
S-03,5,32.939
S-04,18,33.643
S-02,3,36.073
S-02,6,13.330
S-02,7,33.148
S-02,15,17.558
S-04,9,19.973
S-04,7,19.645
S-03,0,22.892
S-02,14,29.956
S-01,0,31.531
S-02,20,26.809
S-03,0,17.632
S-01,6,31.845
S-01,2,19.738
S-02,13,18.036
S-02,5,16.072
S-02,19,17.502
S-02,10,19.318
S-04,1,30.545
S-04,9,17.671
S-02,17,17.492
S-02,8,31.631
S-02,6,18.815
S-01,8,16.108
S-04,13,32.492
S-03,7,20.925
S-01,0,29.843
S-04,14,29.894
S-01,17,31.367
S-02,4,19.921
S-04,9,27.674
S-02,10,32.826
S-04,17,20.545
S-03,17,0.000
S-04,19,20.362
S-01,19,17.277
S-01,11,31.792
S-01,6,22.175
S-04,6,30.666
S-01,1,33.233
S-01,11,23.696
S-04,20,17.938
S-01,9,29.260
S-04,9,15.960
S-04,6,19.288
S-04,21,20.190
S-02,5,33.082
S-01,8,34.669
S-04,2,17.229
S-01,13,18.252
S-01,20,30.126
S-04,19,34.016
S-02,9,16.804
S-04,11,32.483
S-03,17,0.000
S-01,1,36.627
S-02,0,28.872
S-03,6,30.432
S-01,17,27.613
S-03,13,0.000
S-01,16,13.670
S-03,8,0.000
S-04,17,22.383
S-02,10,29.550
S-02,8,17.693
S-01,17,18.258
S-02,22,32.151
S-01,15,17.701
S-04,12,21.445
S-02,14,17.517
S-01,23,21.474
S-02,14,30.991
S-02,18,19.662
S-02,14,28.896
S-03,0,18.881
S-04,23,30.585
S-03,22,20.160
S-02,23,35.329
S-04,17,35.765
S-03,17,21.457
S-01,0,22.063
S-02,17,32.880
S-03,4,32.622
S-03,20,33.095
S-04,2,27.521
S-02,21,17.900
S-01,10,18.777
S-02,5,27.779
S-04,7,16.234
S-02,18,32.408
S-04,3,18.114
S-03,6,18.841
S-04,16,34.374
S-01,12,18.499
S-01,18,32.359
S-02,8,33.869
S-04,10,32.857
S-02,10,19.587
S-02,6,30.111
S-03,11,31.183
S-04,19,30.896
S-02,22,36.483
S-04,21,17.959
S-04,17,12.515
S-02,6,14.863
S-01,6,18.441
S-01,22,28.445
S-04,19,19.617
S-03,16,31.532
S-04,20,34.267
S-04,8,27.380
S-02,14,30.728
S-04,19,18.880
S-01,7,30.038
S-04,10,32.962
S-04,10,20.155
S-02,5,30.712
S-03,5,31.768
S-04,19,32.356
S-01,1,31.416
S-01,0,18.852
S-02,8,17.578
S-04,12,14.391
S-03,17,19.388
S-03,11,30.221
S-03,14,14.888
S-03,20,0.000
S-01,23,35.112
S-01,20,18.014
S-01,15,33.758
S-01,0,17.245
S-03,21,18.609
S-03,17,31.945
S-03,17,0.000
S-04,11,33.841
S-01,3,32.607
S-02,8,30.493
S-02,10,32.514
S-04,7,19.200
S-01,3,29.734
S-03,15,0.000
S-04,7,31.804
S-04,16,33.350
S-02,16,18.543
S-04,20,32.470
S-04,10,31.142
S-02,17,19.071
S-03,10,20.413
S-02,12,32.677
S-02,15,19.788
S-04,22,32.864
S-01,6,18.645
S-01,13,32.471
S-01,9,22.240
S-03,14,0.000
S-01,11,27.881
S-02,19,32.748
S-04,10,33.849
S-03,23,29.131
S-03,0,19.490
S-02,13,20.175
S-01,0,19.919
S-04,11,33.408
S-02,11,29.437
S-03,2,32.714
S-04,12,21.688
S-03,21,19.936
S-03,4,19.402
S-03,2,33.934
S-02,20,29.862
S-04,5,17.720
S-03,9,0.000
S-01,17,18.957
S-01,16,34.221
S-01,4,30.314
S-01,6,30.276
S-02,8,29.665
S-04,10,30.644
S-01,17,32.670
S-02,3,33.669
S-03,18,14.354
S-02,19,14.491
S-01,11,19.515
S-04,18,18.023
S-01,8,30.403
S-01,22,18.298
S-01,9,32.207
S-03,6,32.847
S-02,20,31.437
S-03,0,18.407
S-04,0,18.445
S-01,21,33.746
S-04,21,30.300
S-02,12,19.621
S-03,0,32.312
S-01,12,31.421
S-04,7,32.696
S-03,22,32.036
S-04,18,34.617
S-03,0,35.795
S-03,16,0.000
S-02,2,18.672
S-04,17,31.160
S-02,14,18.866
S-03,7,30.922
S-01,7,16.699
S-02,14,15.671
S-04,11,33.895
S-01,13,33.306
S-04,5,17.529
S-03,11,31.040
S-03,23,0.000
S-02,12,30.515
S-03,8,32.564
S-01,10,36.334
S-03,19,32.771
S-04,8,16.647
S-03,12,15.790
S-03,1,18.968
S-02,3,21.003
S-03,13,26.109
S-01,7,32.043
S-04,14,30.952
S-02,0,29.877
S-03,8,10.342
S-03,7,34.950
S-02,18,30.940
S-02,15,16.097
S-03,20,19.611
S-04,0,29.750
S-01,8,21.939
S-01,23,32.355
S-04,3,19.198
S-03,11,32.195
S-04,5,35.595
S-04,23,23.542
S-01,15,16.896
S-01,12,28.294
S-04,17,34.293
S-01,18,15.435
S-02,23,35.711
S-04,9,31.272
S-04,19,36.056
S-04,6,31.774
S-04,21,34.225
S-03,21,29.793
S-03,0,29.785
S-02,3,34.263
S-04,18,30.576
S-01,0,15.613
S-02,10,12.973
S-03,2,16.901
S-03,6,0.000
S-04,18,19.053
S-03,4,0.000
S-04,15,29.948
S-02,12,17.415
S-01,3,29.231
S-03,5,0.000
S-02,17,19.453
S-03,4,21.954
S-04,5,20.158
S-02,10,17.073
S-03,16,33.586
S-02,19,19.486
S-02,2,33.693
S-03,8,18.810
S-03,6,16.888
S-02,19,34.094
S-01,7,17.788
S-03,21,0.000
S-01,18,30.958
S-03,13,28.575
S-03,9,0.000
S-03,22,35.998
S-02,4,32.397
S-03,16,16.954
S-04,17,36.885
S-03,5,30.871
S-03,9,33.649
S-01,8,17.639
S-01,18,33.034
S-04,14,32.960
S-04,17,35.539
S-04,10,27.188
S-03,10,19.258
S-03,3,35.475
S-02,6,21.451
S-04,9,15.963
S-01,22,20.163
S-03,1,33.516
S-04,17,19.204
S-04,10,14.708
S-03,17,14.749
S-02,6,30.190
S-02,5,27.927
S-04,1,31.400
S-03,21,16.160
S-03,5,0.000
S-03,2,19.178
S-01,10,35.091
S-03,16,27.814
S-04,18,30.784
S-04,7,23.510
S-01,9,32.041
S-02,5,19.060
S-01,19,21.083
S-02,6,15.976
S-01,21,38.105
S-04,14,29.960
S-03,14,15.895
S-01,8,36.339
S-02,18,18.144
S-03,1,16.650
S-02,3,30.276
S-02,7,32.140
S-03,22,17.829
S-03,7,21.103
S-02,23,32.522
S-01,10,34.302
S-04,4,13.529
S-03,13,29.711
S-03,12,22.583
S-02,3,34.031
S-03,17,31.985
S-02,14,31.810
S-03,19,0.000
S-04,3,18.134
S-02,22,30.738
S-03,20,31.643
S-02,21,30.900
S-03,8,18.231
S-03,5,17.291
S-01,16,35.789
S-03,8,35.313
S-02,2,34.160
S-04,13,17.295
S-02,21,20.263
S-03,21,29.670
S-03,9,32.984
S-03,12,32.077
S-01,0,17.394
S-01,0,34.441
S-03,22,31.253
S-01,23,29.332
S-04,6,20.672
S-01,19,20.326
S-02,17,33.604
S-02,10,16.629
S-03,17,16.362
S-01,12,17.523
S-01,22,17.653
S-03,11,19.377
S-01,9,19.505
S-03,6,30.105
S-03,3,14.958
S-03,19,22.851
S-01,1,20.226
S-03,23,18.176
S-03,16,0.000
S-03,15,31.091
S-02,20,15.469
S-01,21,30.040
S-01,20,19.085
S-03,23,17.454
S-03,9,27.253
S-03,16,17.947
S-03,9,29.371
S-02,20,31.538
S-03,1,0.000
S-04,13,19.896
S-02,18,19.308
S-03,3,34.948
S-02,5,18.804
S-01,12,16.917
S-03,20,31.280
S-04,9,16.648
S-01,2,33.707
S-01,3,28.472
S-01,18,29.173
S-01,20,21.207
S-02,21,35.405
S-02,4,17.972
S-01,11,20.242
S-04,14,19.319
S-02,6,19.865
S-01,0,18.612
S-03,9,23.811
S-03,0,31.355
S-02,5,37.480
S-01,12,18.533
S-01,19,27.164
S-01,2,19.126
S-03,6,0.000
S-02,9,18.317
S-02,13,16.836
S-02,12,17.416
S-03,2,28.576
S-03,0,28.976
S-01,3,18.855
S-01,3,31.694
S-04,0,32.606
S-02,18,30.608
S-04,22,17.626
S-03,23,0.000
S-02,13,32.142
S-01,4,32.050
S-02,11,20.470
S-04,11,18.109
S-03,5,14.053
S-01,16,18.086
S-03,18,27.684
S-04,14,31.143
S-03,22,21.221
S-01,3,16.563
S-01,2,18.280
S-01,4,34.796
S-04,16,28.027
S-03,9,30.604
S-04,10,34.191
S-02,2,31.169
S-01,0,18.749
S-01,2,31.371
S-04,19,15.157
S-01,7,19.174
S-03,14,19.777
S-04,16,31.975
S-03,12,32.250
S-01,10,34.373
S-03,13,17.275
S-04,14,20.088
S-03,18,0.000
S-02,4,32.775
S-01,1,22.459
S-04,19,19.497
S-02,10,19.707
S-03,1,0.000
S-04,17,18.468
S-03,18,28.268
S-02,17,30.125
S-03,10,27.632
S-04,5,31.385
S-03,16,21.412
S-02,7,16.929
S-01,8,30.085
S-04,10,16.688
S-01,21,20.663
S-04,17,28.999
S-03,12,30.280
S-04,22,35.212
S-01,13,18.007
S-02,1,31.478
S-03,11,17.924
S-04,5,32.658
S-03,4,18.252
S-02,5,32.697
S-04,5,29.233
S-02,7,29.307
S-03,10,22.225
S-04,6,35.634
S-03,18,22.289
S-02,7,28.643
S-02,4,16.974
S-02,18,20.535
S-04,17,13.382
S-01,21,20.003
S-04,14,33.213
S-02,11,18.523
S-01,17,27.157
S-04,2,16.069
S-04,8,21.980
S-03,14,0.000
S-04,13,27.911
S-02,11,22.127
S-02,10,33.072
S-02,9,15.331
S-01,4,21.973
S-04,11,32.007
S-02,22,30.941
S-04,8,21.520
S-03,16,0.000
S-02,18,31.158
S-02,3,19.057
S-01,9,29.547
S-02,1,33.311
S-02,20,17.737
S-02,7,36.849
S-04,10,21.763
S-02,2,17.012
S-02,19,20.677
S-03,11,0.000
S-04,19,19.126
S-02,21,32.442
S-01,5,18.868
S-04,19,17.921
S-02,9,29.154
S-03,1,36.121
S-03,20,18.014
S-04,12,21.328
S-02,6,18.114
S-03,21,32.683
S-03,2,27.656
S-02,21,21.138
S-04,5,29.351
S-02,18,18.213
S-01,18,34.938
S-03,4,20.731
S-03,6,0.000
S-02,14,15.973
S-03,20,32.696
S-04,15,19.053
S-01,19,19.256
S-04,2,23.862
S-01,4,17.238
S-03,9,0.000
S-04,19,30.638
S-03,16,0.000
S-01,11,18.254
S-01,20,30.181
S-01,4,16.333
S-02,6,33.091
S-02,18,18.823
S-03,23,18.827
S-02,2,18.473
S-01,2,32.897
S-04,18,25.230
S-01,17,22.655
S-01,22,34.346
S-03,11,33.476
S-03,20,32.150
S-01,6,29.029
S-04,14,18.770
S-03,11,18.648
S-01,20,17.342
S-03,10,0.000
S-01,8,21.367
S-03,12,31.864
S-04,7,18.629
S-01,13,24.954
S-01,10,30.452
S-03,8,29.432
S-01,2,28.617
S-01,10,31.929
S-03,14,0.000
S-01,12,17.829
S-04,22,33.577
S-01,17,30.566
S-01,11,28.262
S-01,11,24.499
S-03,10,0.000
S-01,4,16.640
S-02,19,32.593
S-03,16,0.000
S-04,4,33.848
S-02,4,31.410
S-04,16,16.210
S-02,13,16.043
S-01,13,11.208
S-03,10,29.327
S-04,7,21.805
S-04,2,34.736
S-04,22,31.208
S-03,21,31.468
S-02,1,19.738
S-02,10,31.075
S-02,1,32.073
S-01,8,26.704
S-02,17,33.696
S-04,18,31.317
S-03,10,18.586
S-02,18,24.730
S-03,18,33.652
S-03,14,19.508
S-01,17,30.361
S-02,13,20.511
S-03,1,0.000
S-01,10,32.885
S-04,22,18.648
S-03,23,30.380
S-03,7,19.146
S-03,23,33.510
S-04,19,32.534
S-04,20,32.222
S-01,19,36.449
S-02,0,16.963
S-03,18,28.354
S-02,11,18.032
S-01,19,17.585
S-02,6,31.283
S-03,0,31.876
S-04,3,33.014
S-04,15,25.710
S-01,23,31.631
S-04,4,20.984
S-03,4,17.862
S-04,10,31.603
S-02,20,19.663
S-03,3,0.000
S-02,4,18.329
S-02,8,20.256
S-03,6,31.285
S-01,20,13.933
S-01,11,20.453
S-04,14,31.958
S-02,10,16.955
S-01,20,16.860
S-03,8,37.496
S-01,23,33.123
S-04,7,19.618
S-02,10,30.929
S-01,23,27.158
S-01,13,17.453
S-01,12,19.175
S-01,21,35.069
S-01,8,25.575
S-01,2,25.925
S-02,11,31.728
S-03,8,17.737
S-01,9,18.479
S-03,9,13.929
S-01,10,29.155
S-03,22,31.197
S-02,14,34.706
S-04,15,31.133
S-03,18,18.394
S-01,6,32.395
S-01,20,15.580
S-01,13,16.118
S-02,8,18.904
S-02,17,29.061
S-04,0,28.258
S-01,17,29.504
S-03,3,0.000
S-02,16,29.359
S-04,21,39.134
S-02,15,29.761
S-03,10,31.289
S-02,20,19.366
S-04,11,15.592
S-01,1,17.588
S-02,20,14.332
S-01,10,29.746
S-03,14,21.636
S-04,23,22.123
S-03,15,32.508
S-01,1,36.180
S-04,11,30.544
S-01,14,30.938
S-01,11,16.828
S-02,7,34.804
S-01,5,32.253
S-04,6,32.567
S-03,20,19.963
S-04,23,16.153
S-04,23,17.451
S-03,4,15.973
S-03,19,30.351
S-02,16,15.355
S-02,23,17.278
S-04,1,31.211
S-01,12,30.631
S-02,7,16.315
S-02,4,32.505
S-02,19,30.756
S-04,14,30.393
S-04,4,32.410
S-02,14,19.247
S-02,2,31.758
S-03,4,18.647
S-01,12,18.406
S-02,14,29.990
S-02,2,16.743
S-01,17,31.587
S-04,4,20.477
S-01,13,21.579
S-02,10,32.860
S-04,6,18.565
S-02,17,16.059
S-03,8,19.133
S-02,0,31.236
S-01,14,30.318
S-02,20,21.068
S-04,19,20.211
S-03,4,17.761
S-03,4,35.113
S-01,8,16.089
S-04,2,19.616
S-01,19,27.992
S-01,12,18.473
S-02,12,34.270
S-02,4,20.744
S-04,21,27.979
S-02,7,18.983
S-02,8,15.180
S-02,22,31.770
S-04,6,15.959
S-02,13,31.323
S-02,7,28.259
S-03,7,33.154
S-01,14,34.511
S-03,7,31.233
S-03,15,18.492
S-04,19,18.433
S-01,7,31.548
S-03,19,0.000
S-01,9,26.601
S-01,21,15.252
S-03,15,18.314
S-02,10,31.103
S-01,6,16.789
S-02,22,16.112
S-01,9,30.361
S-02,11,30.882
S-01,18,18.235
S-04,11,21.582
S-01,23,17.841
S-02,13,18.415
S-01,11,13.912
S-03,0,15.456
S-04,14,21.945
S-03,23,35.306
S-03,23,21.527
S-01,22,27.806
S-03,6,31.920
S-02,19,17.405
S-01,21,32.870
S-04,0,32.769
S-02,10,32.022
S-03,21,32.258
S-01,12,16.133
S-02,13,29.619
S-04,3,33.588
S-04,11,28.888
S-01,14,28.529
S-02,0,16.012
S-04,16,16.193
S-03,14,17.299
S-02,14,16.467
S-03,17,32.642
S-04,17,18.710
S-02,7,37.051
S-04,4,32.686
S-02,6,20.110
S-03,7,19.429
S-02,12,20.633
S-01,20,18.800
S-01,0,16.683
S-03,11,19.936
S-03,13,0.000
S-01,12,27.682
S-03,7,32.983
S-04,10,34.875
S-03,18,32.109
S-04,9,29.205
S-03,5,0.000
S-02,16,20.463
S-03,0,29.776
S-01,12,17.508
S-03,22,19.233
S-01,11,17.429
S-04,12,29.991
S-04,15,29.458
S-01,0,20.643
S-02,4,28.228
S-01,5,29.115
S-04,20,29.733
S-04,18,20.142
S-02,14,34.178
S-03,16,32.158
S-03,21,17.818
S-03,22,32.434
S-02,20,19.892
S-03,17,31.104
S-01,6,29.358
S-02,6,18.821
S-02,8,21.399
S-01,8,18.032
S-04,23,16.390
S-02,5,19.159
S-02,13,19.370
S-03,2,19.175
S-01,18,31.949
S-04,13,33.830
S-04,16,18.473
S-04,23,13.969
S-04,13,18.597
S-04,10,35.236
S-02,16,29.288
S-03,22,0.000
S-02,0,16.709
S-02,22,32.865
S-01,18,15.726
S-04,22,29.428
S-01,19,19.216
S-02,14,30.831
S-04,15,14.370
S-04,13,32.739
S-02,1,34.136
S-04,22,32.963
S-01,22,32.382
S-01,17,29.929
S-04,2,19.858
S-02,15,29.888
S-01,10,30.476
S-04,5,19.854
S-04,17,21.788
S-02,16,35.225
S-04,2,18.720
S-02,3,19.134
S-02,7,18.973
S-01,18,36.404
S-01,8,14.860
S-01,5,35.728
S-01,15,33.056
S-02,9,30.522
S-02,2,31.309
S-03,17,16.763
S-01,13,26.788
S-02,5,31.549
S-01,7,32.250
S-01,6,22.245
S-02,5,17.127
S-03,11,0.000
S-02,14,18.849
S-02,6,20.385
S-02,14,18.079
S-04,20,27.414
S-03,14,18.595
S-03,4,18.157
S-01,19,14.104
S-03,10,35.381
S-04,15,16.991
S-03,3,16.500
S-04,2,31.170
S-03,20,0.000
S-02,15,18.268
S-04,1,18.380
S-01,6,18.408
S-03,12,19.033
S-01,21,16.889
S-01,15,17.082
S-03,1,35.466
S-01,16,18.602
S-01,13,32.867
S-03,23,31.869
S-03,12,20.129
S-03,21,26.736
S-01,3,35.334
S-01,10,32.523
S-04,19,18.788
S-03,11,19.458
S-02,15,20.836
S-02,2,27.003
S-04,4,30.744
S-04,16,31.707
S-04,18,16.147
S-04,22,20.963
S-01,9,21.181
S-02,10,29.981
S-04,0,18.414
S-03,23,30.495
S-04,12,36.185
S-03,12,16.555
S-03,3,19.008
S-02,11,32.981
S-03,11,0.000
S-01,7,28.376
S-01,15,17.993
S-04,2,17.176
S-04,9,27.457
S-04,7,32.619
S-04,12,34.558
S-03,13,0.000
S-02,16,16.384
S-03,16,29.529
S-04,22,20.081
S-01,22,19.832
S-04,3,23.113
S-02,12,30.106
S-04,21,17.448
S-01,18,29.113
S-01,6,20.258
S-04,15,35.242
S-04,18,16.725
S-01,9,19.714
S-02,9,33.062
S-01,13,16.280
S-02,23,27.118
S-03,0,0.000
S-01,9,30.933
S-01,0,30.451
S-03,7,0.000
S-02,21,33.448
S-02,23,18.181
S-04,13,32.874
S-01,21,15.993
S-01,22,36.415
S-01,14,18.522
S-01,15,13.597
S-02,7,32.472
S-01,20,17.114
S-02,6,19.734
S-04,4,33.531
S-03,22,30.832
S-01,3,18.154
S-04,8,29.268
S-01,21,30.493
S-01,5,26.531
S-03,0,0.000
S-03,10,20.483
S-01,11,34.609
S-01,17,33.164
S-03,2,16.974
S-03,2,0.000
S-02,14,35.465
S-01,20,16.238
S-04,5,20.543
S-04,18,16.977
S-01,6,32.532
S-01,3,17.822
S-03,12,0.000
S-02,23,20.941
S-03,23,33.391
S-03,23,34.913
S-02,14,20.179
S-04,20,21.415
S-04,17,17.516
S-01,20,34.849
S-03,5,17.451
S-03,8,36.769
S-03,21,29.486
S-01,23,17.521
S-04,10,15.789
S-03,19,17.534
S-03,12,27.627
S-04,8,13.776
S-04,9,33.924
S-03,16,17.299
S-02,18,25.121
S-01,2,15.077
S-01,14,17.600
S-03,22,0.000
S-01,19,18.249
S-02,21,28.221
S-01,2,20.503
S-04,15,16.706
S-02,21,16.730
S-02,1,19.688
S-01,8,37.254
S-01,23,32.553
S-03,5,34.414
S-04,2,17.843
S-02,11,30.180
S-03,3,27.898
S-03,6,0.000
S-03,11,29.654
S-01,2,18.641
S-01,20,35.773
S-02,7,34.949
S-04,6,33.540
S-02,4,18.315
S-01,17,31.909
S-02,2,30.725
S-02,3,19.516
S-01,23,19.458
S-01,2,32.430
S-01,8,21.868
S-04,4,35.916
S-02,20,28.374
S-02,17,32.175
S-03,2,31.121
S-01,2,22.299
S-02,16,18.211
S-02,10,30.717
S-04,22,20.743
S-04,6,27.876
S-02,1,34.587
S-04,9,23.402
S-03,12,31.679
S-02,4,19.823
S-02,10,27.603
S-03,12,18.047
S-01,23,17.366
S-03,9,22.412
S-04,7,32.909
S-01,18,18.252
S-03,3,30.216
S-04,21,33.149
S-02,2,19.714
S-02,3,31.186
S-01,12,15.149
S-01,13,29.739
S-01,4,34.277
S-01,8,21.292
S-03,3,0.000
S-02,8,14.993
S-02,12,17.553
S-02,10,30.373
S-04,6,18.303
S-03,11,32.667
S-03,23,30.352
S-03,3,34.477
S-02,2,26.175
S-01,16,29.791
S-03,20,0.000
S-03,20,29.756
S-02,18,34.636
S-01,15,29.532
S-03,18,0.000
S-04,7,19.073
S-04,3,18.968
S-02,9,17.321
S-02,7,30.360
S-01,4,31.807
S-04,10,18.869
S-02,16,33.825
S-01,1,32.034
S-03,16,30.898
S-02,4,33.702
S-02,15,19.885
S-04,22,33.195
S-02,21,18.819
S-03,14,29.069
S-01,5,16.560
S-01,20,22.860
S-04,13,17.745
S-02,4,21.554
S-02,14,18.438
S-04,3,16.903
S-03,7,16.279
S-01,0,33.408
S-04,3,19.059
S-03,13,30.829
S-04,5,18.841
S-01,8,21.918
S-01,16,30.454
S-03,14,32.966
S-02,20,16.845
S-01,1,32.175
S-01,10,36.359
S-04,16,16.824
S-04,15,19.297
S-02,1,37.384
S-02,13,22.560
S-02,14,21.529
S-02,7,17.042
S-03,8,0.000
S-04,17,19.263
S-02,4,32.206
S-01,23,19.531
S-04,9,17.654
S-03,22,28.301
S-01,1,34.197
S-02,21,29.535
S-03,6,20.049
S-04,12,37.951
S-03,8,31.404
S-02,2,21.271
S-02,8,31.912
S-02,19,20.372
S-03,18,31.850
S-02,10,24.951
S-01,7,30.737
S-03,18,11.951
S-02,18,22.158
S-01,5,16.340
S-04,19,14.931
S-03,17,31.955
S-02,22,29.858
S-02,6,17.254
S-01,6,31.469
S-01,8,16.975
S-01,21,21.130
S-03,0,30.507
S-01,7,17.366
S-03,20,31.598
S-04,18,14.396
S-01,20,18.202
S-03,9,32.002
S-04,6,29.952
S-03,0,17.357
S-01,23,31.524
S-03,13,34.835
S-01,8,30.178
S-04,14,32.224
S-02,20,30.709
S-03,14,15.724
S-02,23,29.604
S-03,2,32.687
S-01,16,33.220
S-04,14,17.711
S-01,20,21.713
S-01,1,34.217
S-04,5,19.747
S-03,21,20.701
S-01,18,16.454
S-01,19,20.538
S-03,12,0.000
S-04,14,19.335
S-01,17,28.734
S-01,10,18.185
S-03,10,30.621
S-01,18,17.122
S-03,14,19.314
S-02,4,28.986
S-01,18,17.924
S-02,22,16.159
S-01,17,29.938
S-02,18,29.661
S-04,9,33.713
S-03,6,17.807
S-04,18,18.853
S-04,3,20.091
S-03,21,29.508
S-01,5,16.858
S-04,23,33.328
S-03,7,30.821
S-01,22,39.470
S-03,16,14.282
S-01,23,23.320
S-02,7,28.764
S-02,16,17.016
S-01,10,30.010
S-03,23,0.000
S-02,23,31.951
S-02,21,30.352
S-04,4,29.760
S-04,10,34.261
S-03,19,0.000
S-04,11,19.782
S-02,14,32.991
S-04,3,31.037
S-04,19,31.621
S-03,8,29.359
S-03,1,32.818
S-04,7,31.035
S-04,22,16.142
S-01,8,18.506
S-04,4,18.145
S-01,13,30.904
S-04,15,28.443
S-03,2,16.289
S-03,7,15.665
S-04,2,18.194
S-02,17,32.409
S-03,18,0.000
S-04,22,30.974
S-04,12,15.766
S-04,2,34.373
S-02,22,30.192
S-04,0,31.892
S-02,8,31.473
S-04,1,30.365
S-01,9,30.952
S-01,1,31.969
S-04,9,21.389
S-02,9,33.530
S-04,6,30.328
S-02,18,22.909
S-02,6,29.169
S-01,13,18.173
S-03,5,0.000
S-01,21,17.012
S-03,11,0.000
S-04,20,15.134
S-01,11,18.959
S-04,2,28.047
S-01,17,31.962
S-04,18,28.700
S-02,4,32.932
S-04,15,33.398
S-02,18,29.376
S-02,12,21.193
S-02,7,19.799
S-02,12,32.691
S-04,6,14.921
S-02,19,34.110
S-01,11,21.628
S-04,11,16.875
S-02,16,16.951
S-01,19,19.722
S-01,21,31.287
S-03,12,33.607
S-04,3,30.380
S-02,12,29.384
S-04,20,20.671
S-01,8,35.249
S-04,4,34.127
S-04,1,21.556
S-04,19,33.763
S-03,1,19.773
S-02,17,19.511
S-02,16,17.333
S-04,7,18.608
S-04,1,30.829
S-03,1,28.751
S-03,12,33.283
S-04,4,29.692
S-03,2,15.730
S-03,5,17.200
S-04,16,30.672
S-03,8,29.626
S-01,16,25.541
S-02,11,29.669
S-03,2,17.539
S-01,18,17.955
S-03,2,19.851
S-01,21,35.653
S-03,21,21.351
S-03,0,32.058
S-01,18,32.955
S-02,17,20.888
S-01,13,34.235
S-04,3,17.413
S-02,0,21.768
S-03,11,15.508
S-01,2,33.173
S-01,16,16.095
S-03,1,23.687
S-01,10,30.989
S-02,19,16.966
S-01,21,32.427
S-01,18,21.187
S-03,4,0.000
S-02,16,17.323
S-01,6,35.872
S-01,13,15.577
S-04,18,17.887
S-03,19,30.552
S-03,15,32.296
S-01,21,16.560
S-04,13,25.976
S-03,13,14.002
S-03,13,17.378
S-01,18,20.398
S-02,22,32.752
S-01,11,16.673
S-04,6,34.807
S-04,5,35.630
S-02,7,18.573
S-03,19,15.506
S-02,9,32.706
S-01,15,20.261
S-03,23,18.829
S-02,7,30.192
S-01,4,16.553
S-04,6,31.991
S-03,4,30.853
S-01,7,30.759
S-03,20,33.473
S-01,22,18.345
S-02,17,13.919
S-02,2,19.939
S-02,1,16.145
S-01,12,30.131
S-04,13,34.673
S-03,17,20.889
S-02,5,19.511
S-01,8,34.213
S-03,10,30.428
S-03,0,28.541
S-03,15,16.853
S-02,5,32.911
S-01,3,32.562
S-04,3,33.122
S-02,22,19.443
S-03,1,33.234
S-01,8,17.738
S-02,17,15.481
S-03,4,30.460
S-04,7,34.364
S-03,7,32.922
S-04,11,19.555
S-03,9,0.000
S-02,5,30.258
S-03,13,0.000
S-01,7,30.446
S-03,22,18.929
S-02,17,29.517
S-03,8,29.873
S-04,4,32.998
S-01,11,14.037
S-01,18,34.592
S-03,20,33.913
S-03,0,18.641
S-02,12,22.742
S-03,8,29.486
S-04,21,22.383
S-01,22,17.820
S-04,16,15.301
S-02,8,17.558
S-03,0,0.000
S-02,18,29.524
S-03,13,0.000
S-01,19,19.422
S-04,2,20.870
S-02,20,14.127
S-01,19,20.791
S-04,22,29.016
S-04,12,18.993
S-02,3,20.507
S-04,23,20.173
S-03,10,29.889
S-03,15,28.391
S-01,20,18.949
S-04,3,17.087
S-01,0,32.787
S-03,16,31.691
S-01,23,21.120
S-04,14,21.145
S-02,22,14.200
S-04,15,18.249
S-02,5,30.700
S-01,13,33.157
S-01,6,33.223
S-01,18,20.247
S-04,16,30.073
S-04,2,19.876
S-01,22,27.976
S-01,16,14.348
S-02,19,26.279
S-01,17,19.632
S-02,1,19.060
S-03,23,19.471
S-01,4,15.290
S-02,22,19.867
S-04,6,36.575
S-01,14,29.052
S-04,14,32.767
S-04,20,19.002
S-04,20,26.660
S-01,0,30.740
S-04,11,31.696
S-01,22,28.084
S-01,12,33.332
S-03,10,32.758
S-02,14,29.292
S-01,11,32.037
S-03,13,0.000
S-03,21,0.000
S-03,8,18.349
S-04,17,31.558
S-04,18,23.921
S-02,21,32.266
S-03,9,32.231
S-02,20,21.896
S-04,17,17.638
S-01,11,17.374
S-04,3,21.575
S-02,17,21.456
S-04,16,33.240
S-04,3,16.636
S-04,19,22.937
S-01,0,30.249
S-02,9,16.665
S-04,4,18.333
S-03,21,37.691
S-04,15,31.008
S-03,2,29.518
S-04,8,15.701
S-02,11,30.381
S-02,21,31.978
S-02,8,18.613
S-04,14,16.956
S-01,9,29.108
S-02,13,21.853
S-04,16,31.462
S-03,14,22.758
S-04,0,18.769
S-01,11,29.817
S-03,15,29.724
S-01,3,21.990
S-01,10,33.531
S-01,23,34.043
S-03,20,36.240
S-04,8,27.786
S-03,17,17.180
S-03,8,18.285
S-04,10,18.409
S-02,0,18.157
S-01,12,31.249
S-02,5,20.974
S-01,3,18.580
S-04,22,30.524
S-04,8,15.842
S-01,19,29.519
S-04,11,17.045
S-03,23,31.790
S-04,8,31.500
S-01,1,17.638
S-01,20,30.933
S-04,21,30.889
S-01,13,19.739
S-02,9,19.632
S-01,6,16.971
S-03,9,29.143
S-01,20,34.794
S-03,3,15.733
S-04,23,17.011
S-03,14,15.180
S-03,6,24.145
S-02,23,33.487
S-01,23,31.084
S-03,19,27.667
S-04,23,33.727
S-03,15,16.623
S-04,6,33.283
S-03,1,21.120
S-02,1,32.817
S-02,16,33.237
S-04,8,17.951
S-01,13,17.839
S-02,14,17.545
S-02,11,18.544
S-03,10,0.000
S-01,6,28.091
S-04,2,31.346
S-02,9,15.226
S-02,10,28.930
S-04,0,17.680
S-02,15,31.136
S-03,1,18.362
S-04,19,31.959
S-01,16,17.290
S-01,7,17.388
S-03,12,17.541
S-02,3,32.108
S-01,23,18.271
S-01,10,27.507
S-04,14,13.244
S-04,8,34.437
S-02,1,28.729
S-04,13,21.068
S-04,5,30.829
S-02,7,29.376
S-02,0,36.020
S-02,22,19.886
S-03,7,0.000
S-03,14,20.954
S-04,6,17.561
S-01,16,22.866
S-03,14,0.000
S-01,5,19.314
S-04,18,29.011
S-03,5,32.539
S-02,20,30.387
S-01,21,31.047
S-02,9,18.090
S-01,3,30.509
S-03,16,25.954
S-02,13,19.505
S-03,22,15.472
S-01,19,31.681
S-02,20,18.710
S-02,12,18.158
S-04,19,32.015
S-02,17,18.392
S-04,4,20.082
S-02,21,14.702
S-02,11,20.843
S-01,11,20.600
S-01,2,26.597
S-01,22,32.377
S-04,1,14.619
S-04,22,18.784
S-02,13,16.189
S-01,15,35.342
S-03,18,18.431
S-01,7,18.354
S-03,4,18.469
S-03,9,34.665
S-02,7,34.398
S-02,4,34.681
S-03,14,19.125
S-03,8,33.229
S-04,19,21.562
S-01,0,31.637
S-02,1,17.485
S-04,10,19.532
S-04,16,19.191
S-04,11,22.381
S-03,22,15.420
S-01,22,33.563
S-04,5,17.452
S-04,23,17.966
S-04,20,31.988
S-02,5,30.317
S-03,10,30.460
S-04,14,23.966
S-03,2,0.000
S-04,12,18.152
S-04,5,30.124
S-01,23,18.828
S-03,5,32.721
S-04,18,27.998
S-01,9,16.339
S-04,12,18.048
S-03,19,0.000
S-01,23,33.327
S-04,4,30.722
S-04,22,32.633
S-03,11,31.481
S-01,17,31.077
S-01,5,26.619
S-03,12,22.912
S-03,4,27.725
S-03,16,31.087
S-02,5,31.884
S-02,1,29.609
S-02,3,32.106
S-02,4,18.216
S-03,8,19.482
S-02,3,19.452
S-04,22,32.943
S-01,9,29.129
S-04,11,20.321
S-04,7,18.850
S-03,8,18.704
S-02,21,19.961
S-03,15,0.000
S-03,8,30.115
S-04,15,19.951
S-03,23,21.901
S-02,17,19.813
S-03,17,34.311
S-03,11,30.394
S-03,18,35.104
S-01,16,21.854
S-03,0,30.943
S-01,5,20.367
S-01,18,19.205
S-03,3,19.262
S-03,2,19.014
S-01,14,18.080
S-03,10,19.335
S-01,8,18.032
S-03,6,31.167
S-02,7,33.551
S-02,19,17.469
S-02,16,32.773
S-04,18,32.581
S-01,11,29.619
S-04,23,22.447
S-02,18,28.650
S-04,10,33.820
S-03,23,20.931
S-04,16,32.057
S-03,16,0.000
S-02,6,18.297
S-01,21,27.282
S-03,18,0.000
S-02,20,29.933
S-04,6,20.031
S-01,7,28.202
S-02,3,16.398
S-03,15,35.221
S-04,1,17.597
S-03,22,21.832
S-04,17,17.130
S-01,22,18.454
S-04,13,29.929
S-02,18,15.109
S-01,21,21.499
S-03,9,0.000
S-04,19,16.710
S-02,18,32.008
S-02,9,29.972
S-04,10,27.303
S-03,22,17.477
S-03,2,31.272
S-01,1,20.850
S-04,2,33.004
S-02,9,35.848
S-01,15,17.807
S-03,16,16.832
S-04,1,20.367
S-01,12,32.543
S-02,8,15.543
S-02,6,18.400
S-01,10,34.315
S-01,22,38.015
S-01,20,27.908
S-03,10,20.718
S-04,23,33.634
S-01,17,16.424
S-04,13,34.099
S-02,6,20.821
S-03,5,31.485
S-03,10,15.190
S-03,7,16.054
S-01,8,30.124
S-02,2,34.783
S-01,0,31.010
S-02,10,16.313
S-03,19,15.835
S-02,23,35.173
S-04,9,19.770
S-02,5,19.484
S-04,7,17.727
S-01,0,17.901
S-03,16,32.809
S-01,10,30.483
S-03,23,30.044
S-04,9,30.478
S-04,14,19.014
S-01,21,17.888
S-01,6,29.963
S-04,7,36.768
S-01,3,33.778
S-03,8,0.000
S-01,11,28.328
S-03,5,0.000
S-03,0,20.192
S-03,15,32.465
S-02,13,21.115
S-04,21,32.438
S-04,10,31.212
S-02,14,35.203
S-03,8,21.477
S-02,4,31.852
S-02,5,15.242
S-02,5,30.780
S-02,20,31.815
S-03,14,0.000
S-02,8,30.448
S-03,5,18.273
S-04,14,23.962
S-01,5,19.909
S-01,16,19.082
S-04,19,34.315
S-03,18,17.673
S-04,5,15.560
S-03,16,14.938
S-02,10,29.497
S-02,4,35.605
S-02,3,17.722
S-02,23,20.043
