transaction_id,customer_id,order_date,amount,quantity,channel
T004716,C00313,2024-08-23T23:26:00Z,121.77,4,In-Store
T003183,C00329,26/09/2024,$145.95,2,In-Store
T002691,C00177,"June 26, 2024",$143.98,4,Web
T001589,C00723,"May 28, 2024",135.19,1,Mobile
T001242,C00798,"September 3, 2024",$100.10,2,In-Store
T005166,C00536,08/03/2024,$9.23,3,web
T004813,C00106,2024-11-04, 1.00 ,1,Web
T001326,C00554,01/08/2024,$1.00,N/A,Mobile
T004910,C00857,2024-08-14,50.69,4, mobile
T002136,C00869,16/08/2024, 155.90 ,null,Mobile
T004033,C00064,22/08/2024,$47.87,4,Mobile
T003903,C00561,2024-10-27,$80.37,3,WEB 
T006833,C00814,2024-08-09T17:25:00Z, 123.76 ,4, mobile
T006250,C00465,2024-03-03,$98.37,1,In-Store
T005912,C00886,2024-06-04,83.88,3,Web
T004673,C00662,2024-09-13,$208.16,2,In-Store
T003923,C00511,06/07/2024, 176.72 ,3,Mobile
T007237, C00466 ,2024-06-16,1.00,3,Mobile
T002219,C00613,2024-06-21,148.21,3, mobile
T005241,C00116,2024-03-02T11:44:00Z,$29.23,1,Web
T007687,C00375,11/12/2024,$153.61,3,Web
T005989,C00159,13/10/2024,$119.78,4,Mobile
T002310,C00226,04/05/2024, 60.36 ,4, mobile
T003195,C00620,"September 21, 2024", 108.54 ,4,In-Store
T006533,C00774,2024-05-22,$97.05,5,In-Store
T003288,C00405,"June 16, 2024",263.85,N/A,Mobile
T007945,C00380,2024-04-25,55.47,5,Mobile
T006272,C00730,13/06/2024, 182.88 ,1, mobile
T004326, C00855 ,2024-10-15,107.76,1,In-Store
T000711,C00510,"August 13, 2024",$131.67,1,Mobile
T003145,C00078,"June 8, 2024", 39.37 ,5,WEB 
T005107,C00198,"December 7, 2024",$98.14,5,in-store
T000025,C00730,2024-11-07T19:17:00Z, 154.32 ,3,Web
T005046,C00727,2024-02-04T08:23:00Z,230.92,2,In-Store
T006842,C00321,2024-04-05T23:57:00Z,150.26,4,WEB 
T006669,C00553,2024-07-17, 86.08 ,4,In-Store
T004497, C00603 ,17/10/2024,$153.74,2,Mobile
T007814,C00828,26/05/2024,26.14,5,Mobile
T005396,C00464,2024-03-03, 225.13 ,5,web
T002483, C00059 ,2024-11-16, 152.64 ,5,web
T002490,C00035,2024-09-20,$70.97,4,web
T003009,C00620,2024-06-16, 208.79 ,5,In-Store
T001128,C00647,2024-08-23, 73.77 ,3,web
T000570,C00535,24/07/2024,1.00,NA,Mobile
T005800,C00205,2024-02-19T09:45:00Z,$200.38,1,In-Store
T000370,C00541,"July 27, 2024", 179.87 ,3,In-Store
T003699,C00591,2024-04-10T20:34:00Z,$250.05,5,Web
T007531,C00645,2024-08-19,$215.76,2,in-store
T006348,C00652,20/06/2024,44.22,4,Web
T003470,C00693,2024-08-22,78.16,3,web
T000306, C00827 ,"August 11, 2024",$145.63,, mobile
T007517,C00390,2024-02-27,$42.71,4,Web
T001928,C00488,2024-10-15,$101.11,2,web
T002897,C00827,2024-05-15T14:49:00Z,$125.02,2,web
T007260,C00347,2024-08-21T06:23:00Z, 149.58 ,1,in-store
T007195,C00130,23/04/2024,$126.52,1,web
T001647,C00500,2024-09-12T14:21:00Z,193.22,4,in-store
T006497,C00244,15/08/2024,192.78,1,Web
T002976,C00118,14/02/2024, 53.63 ,2,Web
T002087,C00566,"April 17, 2024",223.15,4,in-store
T002762,C00327,2024-11-23T14:18:00Z, 48.78 ,5,Web
T007192,C00300,"November 15, 2024", 122.27 ,4,WEB 
T007168,C00040,16/01/2024,$120.56,5,Mobile
T000225,C00250,11/06/2024,109.76,3,WEB 
T007637,C00389,2024-09-15,163.60,4,in-store
T001639,C00523,09/01/2024, 99.22 ,4,Web
T007995,C00511,"December 24, 2024",205.56,5,Mobile
T003117,C00744,"September 9, 2024",$210.86,1, mobile
T005833,C00793,2024-05-05T07:25:00Z,$177.20,3,In-Store
T006059,C00512,"April 3, 2024",$172.34,5,Mobile
T004429,C00890,2024-10-24T19:10:00Z, 86.06 ,1,In-Store
T000672,C00231,05/12/2024,$67.55,null,Web
T004708,C00491,2024-11-20T10:48:00Z,14.49,5,web
T002164,C00525,"December 15, 2024",$5.77,1,in-store
T003419,C00830,2024-02-21, 72.40 ,4,WEB 
T003508,C00197,10/01/2024,93.90,1, mobile
T007089,C00545,2024-04-10T13:51:00Z,200.35,3,Web
T000298,C00044,20/09/2024,$195.30,5,Web
T003024, C00327 ,2024-07-15T22:08:00Z,$135.09,4,WEB 
T000064,C00166,"November 12, 2024",102.78,3,in-store
T004433, C00487 ,2024-08-15T22:26:00Z,148.41,4,Web
T003147,C00709,2024-06-03, 87.24 ,2,web
T004181,C00560,2024-01-07T23:17:00Z,235.76,1,Web
T001031,C00232,24/06/2024,187.03,4,in-store
T006910,C00826,2024-08-13T17:17:00Z,$133.44,3, mobile
T003123,C00101,2024-06-23T16:53:00Z,$46.63,4,Mobile
T002557,C00253,21/03/2024,97.83,2,WEB 
T004434,C00675,2024-11-20, 140.14 ,4,WEB 
T006420,C00654,2024-09-08, 24.36 ,2,WEB 
T002579,C00744,"June 18, 2024",$133.83,1,in-store
T003462, C00802 ,2024-07-02,$153.69,1, mobile
T006549, C00750 ,2024-11-26,$201.82,2,WEB 
T003612,C00296,2024-09-04T17:10:00Z,85.64,3,Mobile
T003729,C00058,"December 1, 2024",$229.39,4, mobile
T005212,C00355,"December 19, 2024", 101.01 ,2, mobile
T005641,C00493,2024-02-04,88.97,3,Web
T005489,C00542,"February 27, 2024", 152.75 ,3,web
T004045,C00863,2024-11-05,$86.42,1,Mobile
T001741,C00691,12/05/2024, 119.12 ,NA,in-store
T001082,C00716,"October 14, 2024",115.89,5,WEB 
T007490,C00076,2024-12-18,209.43,2, mobile
T004328,C00130,16/09/2024,$53.34,2,In-Store
T001774, C00390 ,28/02/2024,163.16,1,WEB 
T006226,C00890,07/07/2024,41.07,3,Web
T004015,C00500,19/08/2024,123.18,4,web
T001700,C00776,"August 15, 2024",188.45,2,Mobile
T001169,C00207,2024-09-06, 136.78 ,1,Mobile
T004080, C00378 ,2024-01-10,$57.15,  ,WEB 
T006892,C00089,2024-09-07,$14.96,3,Mobile
T006069,C00273,2024-08-16T06:05:00Z,44.14,3, mobile
T002352, C00193 ,"July 9, 2024",$102.86,2,web
T006679,C00825,"May 27, 2024",$125.35,2,Web
T007913,C00133,2024-06-22T20:23:00Z,$122.66,4,Mobile
T004679,C00503,2024-08-22,59.47,5,Mobile
T007626,C00560,2024-07-24T09:27:00Z,178.68,3,web
T005311,C00051,13/02/2024,$119.62,2,In-Store
T004748,C00608,2024-10-12,$19.88,1,In-Store
T002321,C00435,16/05/2024,69.06,4,in-store
T004228,C00572,2024-06-11T17:16:00Z,190.59,4,WEB 
T005915,C00313,2024-10-24,$128.81,5,Mobile
T000522,C00384,"January 19, 2024",$157.08,1,in-store
T004797,C00253,2024-03-23, 150.38 ,2,Mobile
T006317,C00107,2024-04-01,122.57,null,in-store
T006579,C00860,2024-02-04, 114.13 ,3, mobile
T005028, C00673 ,19/01/2024, 90.26 ,1,WEB 
T003420,C00247,03/06/2024, 58.90 ,5,In-Store
T006572,C00244,2024-01-07T19:00:00Z,$167.72,4,in-store
T000748,C00006,"May 18, 2024",201.19,3,Mobile
T002748,C00622,"July 10, 2024",$271.28,5,WEB 
T002134,C00661,2024-10-27,165.77,3,web
T001256,C00328,2024-03-28,158.69,5, mobile
T007187,C00386,"December 1, 2024",$121.04,1,web
T001973,C00132,"July 5, 2024", 65.87 ,3,in-store
T005864,C00058,2024-07-24T22:21:00Z, 180.60 ,5,In-Store
T001257,C00333,2024-01-25T03:01:00Z,140.62,5, mobile
T002037,C00113,25/01/2024,1.00,4, mobile
T000978,C00434,2024-07-01,$124.88,2,Web
T001329,C00549,10/02/2024, 125.36 ,1, mobile
T006917, C00104 ,2024-08-25,51.28,2,in-store
T001275,C00649,02/03/2024,109.64,2,in-store
T003937,C00648,2024-03-17T10:37:00Z, 84.68 ,4,In-Store
T000995, C00288 ,06/09/2024,80.80,3, mobile
T006238,C00679,2024-02-25T14:38:00Z,$101.61,4,in-store
T003865,C00898,2024-07-23T10:56:00Z, 61.29 ,5, mobile
T001943, C00465 ,03/10/2024, 158.41 ,3,web
T005275,C00033,"December 10, 2024", 118.76 ,4,Mobile
T002609,C00691,"February 21, 2024", 122.87 ,2, mobile
T000599,C00020,2024-06-24,95.29,3,WEB 
T004870,C00596,2024-02-16,$210.47,3,in-store
T006150,C00395,2024-09-02T11:32:00Z, 65.26 ,1,Mobile
T001555,C00143,"January 1, 2024",157.36,1,WEB 
T000262,C00115,2024-03-11T19:58:00Z,$207.12,4,web
T001769,C00119,2024-12-19,$152.44,3,WEB 
T002778,C00299,28/04/2024, 154.46 ,3,Mobile
T003111,C00302,24/10/2024,$195.40,2,WEB 
T007279,C00178,2024-04-13T17:27:00Z,123.96,2, mobile
T007117,C00861,2024-12-26,$173.18,2,web
T007146,C00553,2024-09-06T12:33:00Z,127.74,NA,WEB 
T002670,C00169,19/02/2024,$89.00,5,Mobile
T005568,C00541,16/03/2024,183.04,5,in-store
T001867,C00485,2024-12-09, 43.03 ,2,In-Store
T005375,C00478,"February 9, 2024",175.70,4,Web
T003064,C00527,19/06/2024,74.60,4, mobile
T000446,C00253,"December 9, 2024",125.91,3,In-Store
T001609,C00088,28/12/2024,$195.02,5, mobile
T007134,C00892,2024-11-07,$163.37,1,Mobile
T006334, C00864 ,2024-03-24,138.15,5, mobile
T007834,C00506,2024-12-03T06:21:00Z,$146.77,3, mobile
T004409,C00731,"April 23, 2024",$34.28,3,Mobile
T005511,C00525,2024-10-14,$107.68,2,Web
T006729,C00739,"October 7, 2024",193.11,null,web
T006601,C00857,"November 2, 2024", 135.96 ,1,in-store
T004901,C00621,"November 22, 2024", 150.73 ,1,Web
T001905,C00004,"October 7, 2024",$184.69,3,In-Store
T000632,C00165,2024-04-28, 127.88 ,2,In-Store
T005483,C00708,28/04/2024,73.57,3,web
T006256, C00520 ,2024-07-17,111.66,2,Mobile
T007591,C00085,"August 13, 2024",77.27,4,Web
T004490,C00555,05/03/2024,$231.74,3,web
T000615,C00427,2024-11-04T20:23:00Z, 139.82 ,1,In-Store
T005028, C00673 ,19/01/2024, 90.26 ,1,WEB 
T002467,C00355,"August 16, 2024",$12.17,NA,web
T005054, C00329 ,2024-06-19, 223.21 ,2,web
T004996,C00893,2024-09-17T07:45:00Z,$165.49,1,Mobile
T005751,C00219,"August 1, 2024", 30.11 ,NA,web
T000221,C00309,2024-08-24, 73.79 ,3,In-Store
T006638,C00652,"February 25, 2024",112.13,4,In-Store
T002182,C00364,28/02/2024,160.80,2, mobile
T002692, C00759 ,"May 28, 2024", 93.29 ,1,in-store
T004919,C00662,"April 23, 2024",82.21,  ,in-store
T002250,C00736,"October 11, 2024", 184.51 ,2,Web
T006557,C00089,"July 1, 2024",72.53,2, mobile
T003938, C00824 ,"September 23, 2024",123.03,3,in-store
T003917,C00069,"October 8, 2024",130.76,1, mobile
T003170,C00623,16/10/2024, 129.75 ,5,WEB 
T005951,C00309,2024-01-12, 88.25 ,3,web
T004546,C00708,2024-02-14,$1.00,1,web
T002189,C00650,"May 22, 2024",$375.14,5,web
T007943,C00355,04/12/2024,$207.04,4,Mobile
T000866,C00320,2024-11-18,$103.78,3,web
T005145,C00684,"February 22, 2024",$1.00,1,WEB 
T002665,C00286,"September 18, 2024", 118.08 ,2,In-Store
T004566,C00738,2024-08-26T13:22:00Z,$83.48,2,Web
T000151,C00659,"November 25, 2024", 177.16 ,5,In-Store
T003293,C00425,2024-08-05, 143.94 ,1,In-Store
T002562,C00370,2024-11-14,282.85,2, mobile
T002872,C00074,2024-02-17, 61.76 ,3,Web
T003872,C00787,2024-07-04T21:46:00Z,$115.31,1,web
T005333,C00662,2024-08-16,220.24,1,in-store
T003503,C00632,2024-07-04T08:32:00Z,103.35,3,WEB 
T006274, C00627 ,28/06/2024, 66.85 ,3,Web
T007251,C00468,2024-03-03,80.06,5,In-Store
T004794,C00531,"July 13, 2024", 67.87 ,4,in-store
T007050,C00309,2024-03-11, 128.29 ,1, mobile
T001762,C00665,2024-02-11,140.44,1,in-store
T000876,C00699,28/02/2024, 125.16 ,3,In-Store
T007936,C00423,2024-10-17T22:42:00Z,1.00,5,WEB 
T001343, C00751 ,2024-07-26T17:54:00Z,$139.42,4,In-Store
T006300,C00344,21/06/2024,69.26,3,In-Store
T005389,C00346,2024-04-17T19:08:00Z, 87.66 ,5,Mobile
T001836,C00763,2024-07-28, 119.89 ,1,Mobile
T002903,C00240,2024-09-08,73.91,1,in-store
T007229,C00055,2024-10-26,126.86,5,web
T000159,C00727,2024-03-02,137.53,1,In-Store
T006520,C00694,2024-02-25T17:55:00Z,$169.39,4,Mobile
T002076,C00387,20/04/2024,104.85,2, mobile
T005496,C00217,2024-09-27,$219.94,3,in-store
T002060, C00753 ,"November 5, 2024",108.20,3,web
T000084,C00815,27/12/2024,89.04,1,web
T007167,C00322,"September 23, 2024", 109.13 ,1, mobile
T007732,C00054,2024-04-15, 32.43 ,2,Mobile
T002515,C00757,"June 23, 2024",85.65,3,In-Store
T007891,C00448,2024-11-11T11:01:00Z,$199.27,1,web
T006243,C00450,"June 2, 2024", 200.44 ,4,in-store
T003331,C00098,2024-09-03, 64.82 ,4,In-Store
T002596, C00731 ,2024-03-04T11:18:00Z,246.12,3,Web
T004871,C00467,2024-08-12T04:02:00Z,134.30,1,Web
T001352, C00171 ,"December 14, 2024",$170.98,5, mobile
T005500,C00585,2024-08-08T08:56:00Z,137.71,2, mobile
T007175,C00781,12/08/2024,$175.91,1, mobile
T001578,C00775,2024-04-20T04:57:00Z,$101.35,N/A, mobile
T002487,C00055,2024-03-09,275.09,1,Mobile
T001424,C00460,10/05/2024,$158.44,1,WEB 
T006596,C00830,24/11/2024, 181.31 ,1,In-Store
T001003,C00140,2024-05-16,206.22,,web
T000379,C00033,2024-01-24T12:06:00Z, 239.14 ,5,WEB 
T006776,C00284,2024-07-24T19:14:00Z, 154.59 ,3,in-store
T005792,C00409,"August 8, 2024",$51.74,4,Web
T007731, C00384 ,2024-01-17T19:52:00Z,114.16,2,WEB 
T003994,C00608,2024-06-09,163.37,2,Mobile
T003074,C00442,"August 12, 2024",$122.76,4,Mobile
T004990, C00580 ,2024-08-28,$51.36,3,web
T006927,C00796,2024-08-21T23:16:00Z, 141.86 ,5,web
T006901,C00879,"October 17, 2024",63.87,5,Mobile
T003341,C00852,2024-06-13T13:11:00Z,$169.16,3,In-Store
T000128,C00391,"April 22, 2024",181.42,5,in-store
T002677,C00312,2024-05-26T02:47:00Z,111.11,3,In-Store
T004846,C00262,2024-02-16,$91.07,2,WEB 
T007624,C00060,02/06/2024,229.32,1,Web
T007590,C00158,"October 9, 2024", 51.70 ,4,WEB 
T005440,C00364,"January 25, 2024",163.22,2,Mobile
T006929,C00661,"May 2, 2024",$25.68,1,Mobile
T007450,C00884,2024-02-05, 103.52 ,1,In-Store
T006025,C00191,15/07/2024, 130.40 ,2,in-store
T005132,C00367,2024-08-28T12:59:00Z, 149.59 ,5,Mobile
T005149,C00704,2024-02-13, 90.24 ,2,Web
T000721,C00837,2024-12-28,140.64,4,in-store
T004227,C00704,2024-02-12,$182.20,1,in-store
T006481,C00451,"September 14, 2024",$1.00,5,Mobile
T007614,C00461,2024-07-20T20:01:00Z, 218.58 ,5,web
T003389,C00704,2024-05-13,$155.87,5, mobile
T005371,C00043,2024-11-24,148.19,2, mobile
T002322,C00624,2024-09-14,145.14,3,WEB 
T000013,C00145,2024-01-06, 168.31 ,5,Mobile
T007858,C00389,28/08/2024, 85.88 ,1,In-Store
T002696,C00808,2024-05-20, 98.03 ,2,In-Store
T001504,C00848,14/11/2024,132.10,1,WEB 
T002444,C00214,02/02/2024,$194.06,1, mobile
T001809,C00544,"May 6, 2024", 110.51 ,5,In-Store
T005690,C00280,2024-05-22, 132.41 ,3,web
T006315,C00851,2024-07-02T16:13:00Z,50.35,5,web
T003613, C00527 ,28/05/2024, 216.02 ,4, mobile
T004969,C00108,2024-02-03,196.42,5, mobile
T003323,C00636,"October 10, 2024",$139.94,5,web
T003545,C00604,2024-04-09, 117.15 ,5, mobile
T005559,C00834,2024-06-01T13:58:00Z,116.92,3,web
T002262,C00415,"February 16, 2024",$125.91,3,Web
T002814,C00318,20/08/2024, 83.53 ,5,WEB 
T006208,C00136,2024-04-03T03:08:00Z,78.52,1,Web
T007680,C00187,2024-12-26T15:25:00Z,$140.81,3,WEB 
T000101,C00483,2024-12-03T22:32:00Z,86.45,5,Mobile
T002961,C00107,03/10/2024,$81.43,2,Web
T005867,C00684,28/08/2024,$235.11,4, mobile
T003322,C00389,2024-08-18,1.00,2,web
T004457,C00040,2024-03-26T03:29:00Z,$96.82,NA,in-store
T005567,C00599,"May 11, 2024",$170.56,4,Mobile
T000804,C00079,2024-02-11,$149.74,3,WEB 
T007965,C00235,09/01/2024,$107.62,4,Web
T002736,C00510,2024-04-12,125.58,3,Web
T006293,C00554,"April 22, 2024", 106.78 ,1, mobile
T005711,C00832,2024-12-24T01:55:00Z,106.29,4,In-Store
T002816,C00674,"February 14, 2024",156.88,,In-Store
T004381,C00098,2024-09-23T17:47:00Z,$69.68,2,Web
T002360,C00306,2024-04-17,$166.74,2,web
T003912,C00117,02/07/2024,$122.99,2,Web
T006429,C00268,2024-02-10,50.18,2,Web
T001759,C00886,26/11/2024,$150.80,3,in-store
T004288,C00819,2024-06-08,$90.46,3,in-store
T000922,C00884,"August 22, 2024",119.61,4,web
T000857,C00736,2024-07-04,$194.19,5,WEB 
T004252,C00664,2024-04-15,$150.17,3,WEB 
T002634,C00435,2024-05-15T19:23:00Z,107.71,4,WEB 
T007342, C00074 ,"January 28, 2024",$50.50,4,Mobile
T007478,C00073,2024-09-22T09:02:00Z, 26.65 ,1,WEB 
T007102,C00587,2024-08-21T01:39:00Z, 72.76 ,4,Mobile
T001388,C00272,"January 13, 2024",218.96,2,in-store
T000369,C00443,01/10/2024,51.62,5, mobile
T005116, C00495 ,2024-05-27, 177.41 ,4,Mobile
T001500,C00332,08/12/2024, 162.05 ,3,web
T004369,C00058,"October 2, 2024",102.39,1,web
T001477, C00547 ,2024-07-24T06:18:00Z,144.91,1,Web
T007508,C00039,"June 14, 2024",93.84,2,Mobile
T006102,C00223,"August 7, 2024",100.48,3,Mobile
T001293, C00039 ,2024-09-20, 1.00 ,1,Mobile
T000549,C00198,"October 24, 2024",153.53,2,Mobile
T005871,C00082,11/08/2024,143.58,1,in-store
T004877,C00197,2024-10-02,$73.31,4, mobile
T002912,C00638,2024-05-24T06:21:00Z,147.14,1,In-Store
T002362,C00426,2024-10-04T03:00:00Z,$66.96,4,WEB 
T001211,C00668,"February 24, 2024", 240.57 ,1,Mobile
T002562,C00370,2024-11-14,282.85,2, mobile
T005290,C00411,2024-11-24,$1.00,2,in-store
T000998,C00469,2024-03-05, 128.35 ,4, mobile
T004725, C00772 ,22/01/2024, 146.35 ,5,WEB 
T000088,C00675,2024-05-09,138.65,5, mobile
T003787,C00108,"December 21, 2024",78.53,5,In-Store
T000685,C00625,2024-03-22,117.09,4,WEB 
T003229,C00482,2024-02-28,$184.72,5, mobile
T006423,C00165,12/10/2024,108.59,4,in-store
T004505,C00541,2024-04-04T07:52:00Z, 47.90 ,5,WEB 
T001225,C00396,2024-05-09T20:08:00Z,$203.14,5,In-Store
T002018,C00612,15/06/2024,$121.72,4, mobile
T002931,C00035,2024-01-07T18:22:00Z, 82.38 ,2,web
T004937,C00385,21/02/2024,$90.59,4,Web
T005674,C00900,12/04/2024,184.44,1,WEB 
T004290,C00432,2024-02-01T17:33:00Z,$162.69,3,Mobile
T000539,C00504,2024-03-27,$231.33,3,Mobile
T000878,C00311,"September 28, 2024",102.39,5,In-Store
T000026,C00103,"May 1, 2024",$95.17,3,Web
T007979,C00632,2024-05-28T02:32:00Z, 76.35 ,4,Mobile
T000530,C00180,"May 2, 2024", 167.89 ,1, mobile
T005273, C00441 ,2024-11-14T20:29:00Z,182.50,2,in-store
T004837,C00024,"December 18, 2024",105.48,N/A,Web
T002203, C00477 ,"June 6, 2024", 84.36 ,2,web
T000621,C00759,26/10/2024,$141.51,5,Mobile
T000905,C00748,2024-08-08,61.87,3,in-store
T003307,C00347,14/07/2024,161.98,2,WEB 
T000106,C00051,2024-06-18T18:54:00Z,$185.56,3,web
T004760,C00165,"November 14, 2024", 260.65 ,1,Mobile
T005905,C00867,2024-09-11T16:18:00Z, 57.13 ,1,In-Store
T000297, C00284 ,25/09/2024, 167.57 ,2,Mobile
T007298,C00681,2024-07-22T21:19:00Z, 81.14 ,5,Mobile
T003375,C00590,2024-08-06,21.27,5,web
T000935,C00870,2024-12-21T05:28:00Z, 35.60 ,N/A,in-store
T003206,C00818,"March 23, 2024",96.25,2,in-store
T002739,C00302,2024-09-03T16:13:00Z,$185.53,5,web
T006345,C00168,2024-05-21T12:25:00Z,$96.37,null,Mobile
T003228,C00284,"February 13, 2024",75.48,1, mobile
T005002,C00892,"August 11, 2024", 159.91 ,5, mobile
T007694,C00673,"November 26, 2024",81.11,1,Mobile
T000731,C00648,2024-02-10, 192.08 ,2, mobile
T002788, C00032 ,2024-12-01T08:39:00Z,109.72,2,Mobile
T007806,C00710,2024-08-06T13:43:00Z,$56.15,2,WEB 
T000514,C00177,04/03/2024,$155.27,5,In-Store
T002275,C00095,2024-08-10,$104.91,5,WEB 
T001224,C00146,2024-08-19T18:10:00Z,$122.63,5,WEB 
T006458,C00461,28/04/2024, 23.53 ,5,Mobile
T007548,C00244,2024-04-22T15:19:00Z,$177.95,4,In-Store
T004688,C00756,2024-03-01,131.92,5,in-store
T004543,C00873,2024-01-23,$90.86,5,in-store
T002064,C00873,2024-12-07, 133.72 ,3, mobile
T006939,C00238,03/04/2024,250.99,1,In-Store
T003202,C00146,"November 26, 2024",79.16,5, mobile
T004333,C00540,2024-04-13,182.76,4,In-Store
T001160,C00272,"October 18, 2024",$211.50,2,web
T007189, C00667 ,"September 2, 2024",185.90,2,WEB 
T003651, C00646 ,2024-08-03T12:29:00Z, 186.81 ,5, mobile
T000043,C00015,2024-04-16T15:55:00Z,$167.90,4, mobile
T004146,C00621,2024-08-05,166.22,3,Web
T001595,C00560,"September 18, 2024",136.77,2,In-Store
T001873,C00721,28/07/2024,121.54,1,Mobile
T004544,C00304,"May 12, 2024", 28.80 ,1,Web
T003215,C00297,2024-03-16,$223.04,3,Mobile
T002458,C00073,"March 18, 2024",$1.00,5,In-Store
T005513,C00873,"February 11, 2024",$141.21,2,in-store
T000697,C00058,2024-08-19,210.50,3,Web
T006807,C00664,"March 13, 2024", 107.28 ,2,web
T001624,C00890,"August 26, 2024", 111.09 ,4,web
T007949,C00311,"May 7, 2024", 143.93 ,1, mobile
T005665,C00412,"September 18, 2024",$32.42,3,In-Store
T000177,C00547,2024-07-09T06:23:00Z,147.96,4,Web
T001310,C00136,2024-03-13T03:05:00Z, 176.01 ,3, mobile
T007219,C00685,23/02/2024,41.63,1,web
T006347, C00225 ,2024-01-14T14:09:00Z,$14.69,5,In-Store
T007830,C00065,2024-10-11,74.17,3,web
T001854,C00029,2024-04-07T14:52:00Z, 77.39 ,4,web
T006797,C00473,2024-08-24,$132.45,3,Mobile
T005110,C00113,"October 25, 2024", 32.86 ,5,In-Store
T004041,C00073,"March 5, 2024", 189.91 ,1,in-store
T004268,C00424,"July 11, 2024",72.53,2,Mobile
T001831,C00100,2024-10-02,108.59,1,in-store
T001800,C00318,2024-06-11,48.67,3, mobile
T007855,C00171,2024-07-19, 135.99 ,5,In-Store
T005652,C00024,2024-10-15, 133.02 ,4,In-Store
T002424,C00119,2024-05-12,140.62,3,web
T005862,C00394,2024-08-23T01:23:00Z,187.21,5,WEB 
T004275,C00144,2024-12-23T18:44:00Z,$72.31,5,Mobile
T005324,C00528,2024-09-26,$193.66,1,web
T001621,C00668,"March 25, 2024",$120.96,NA,Web
T001280,C00219,"May 10, 2024",$61.67,2,in-store
T003479,C00875,"January 9, 2024",$158.22,2,in-store
T000088,C00675,2024-05-09,138.65,5, mobile
T003480,C00814,2024-02-15,86.61,5,In-Store
T000758,C00673,2024-11-04T10:28:00Z,109.26,1,in-store
T007083,C00825,"August 16, 2024",$101.46,4,In-Store
T006109,C00131,2024-01-14T07:59:00Z,84.68,3,in-store
T000528,C00190,"October 6, 2024",$68.66,5,Mobile
T001899,C00467,2024-10-18T04:42:00Z, 155.06 ,4,in-store
T000627,C00592,2024-04-15,$211.17,3,in-store
T003137,C00124,2024-02-02T07:40:00Z,65.72,1, mobile
T007515,C00012,04/04/2024,$109.05,2,WEB 
T002269,C00153,2024-02-22,$103.51,4,WEB 
T001172,C00891,2024-08-18T09:44:00Z,$121.41,4,WEB 
T005603,C00454,"March 12, 2024",$103.53,1,WEB 
T004918, C00103 ,"September 20, 2024",176.60,5,Web
T006253,C00356,2024-10-13T18:45:00Z, 165.62 ,4,WEB 
T004601,C00120,22/05/2024,241.55,2,WEB 
T005897,C00830,18/02/2024,194.46,5,web
T001924,C00894,2024-09-25T07:51:00Z,$158.18,5,WEB 
T002716,C00061,08/06/2024, 165.24 ,4, mobile
T003484,C00059,2024-12-25,$49.65,5, mobile
T006175,C00498,2024-02-26,$239.94,3,web
T000882,C00825,2024-10-28,$143.08,3,Mobile
T002325, C00471 ,05/09/2024, 111.37 ,5,Mobile
T007039,C00407,27/02/2024,85.92,5,Mobile
T002814,C00318,20/08/2024, 83.53 ,5,WEB 
T003965,C00798,08/02/2024, 128.39 ,4, mobile
T005542,C00286,2024-08-19T05:37:00Z,21.48,2,Web
T005916,C00597,2024-11-22T22:49:00Z, 149.74 ,3,in-store
T005811,C00074,2024-02-20T14:16:00Z, 19.45 ,4,in-store
T003177, C00093 ,24/02/2024,123.38,1,in-store
T004207,C00398,2024-06-27,184.92,3,Mobile
T007293,C00144,2024-06-17,133.32,  ,In-Store
T002125,C00258,2024-11-11, 154.44 ,4, mobile
T004247,C00835,2024-05-06T22:41:00Z, 203.17 ,4,web
T003978,C00487,2024-05-07,$131.11,5,in-store
T000915,C00546,2024-07-26,$66.05,4,WEB 
T001489,C00481,24/10/2024,105.04,1,Mobile
T001967,C00880,2024-12-20T06:02:00Z,$241.20,5,web
T003179,C00260,12/03/2024,$193.43,5,WEB 
T006925, C00883 ,2024-09-10T10:53:00Z,191.99,1,Web
T005004, C00152 ,2024-11-07T15:56:00Z,$104.29,2,Web
T007944,C00085,04/04/2024, 84.13 ,5,in-store
T004201,C00203,12/04/2024, 42.17 ,1,in-store
T005270,C00793,"March 2, 2024",$163.19,5,In-Store
T006165,C00286,"September 4, 2024",$191.64,4,Web
T004551,C00126,2024-11-05, 215.22 ,2,WEB 
T004155,C00853,19/12/2024, 112.51 ,3,Web
T007723,C00425,2024-12-27,138.04,4,Web
T007683,C00277,2024-03-10T02:18:00Z,139.51,5,WEB 
T004188,C00070,20/05/2024,146.77,4,Web
T007004,C00582,"July 12, 2024", 154.55 ,4,Mobile
T004406,C00274,07/07/2024, 123.57 ,5,WEB 
T002211,C00141,2024-12-26T11:56:00Z,$79.17,2,Web
T000399,C00434,2024-09-12, 176.67 ,3,WEB 
T000849,C00340,"August 27, 2024", 126.32 ,4,WEB 
T006668,C00081,2024-10-18, 146.00 ,3,Mobile
T007818, C00183 ,2024-02-26T05:16:00Z, 195.71 ,1,web
T003131,C00038,26/08/2024,$154.31,1,In-Store
T001222,C00315,2024-12-05T23:18:00Z,$114.65,3,In-Store
T007193,C00639,2024-05-04,197.27,null, mobile
T007406,C00479,2024-02-26,82.57,3,in-store
T005479,C00246,2024-12-10T05:12:00Z,210.71,2,WEB 
T001042,C00396,"May 26, 2024",$125.28,4, mobile
T006845,C00293,2024-09-26T11:41:00Z,$88.89,N/A,Web
T000102,C00465,24/11/2024, 164.68 ,2,Web
T007778,C00787,2024-04-18T05:43:00Z,$47.31,3,web
T001878,C00592,06/09/2024,$95.69,4,web
T000889,C00651,2024-03-13, 194.55 ,5,web
T004170,C00077,10/07/2024,$99.55,3,Mobile
T003361,C00640,"August 5, 2024",$89.23,5, mobile
T003050,C00359,2024-05-05T23:49:00Z,$64.03,4,Mobile
T005152,C00791,2024-04-15, 158.34 ,4,in-store
T002135,C00397,2024-11-16,$254.19,2,web
T003499,C00812,"September 10, 2024",$186.45,5,Web
T003655,C00723,22/09/2024, 236.96 ,5,web
T006889,C00149,"October 10, 2024",$90.23,4,Web
T007532, C00189 ,2024-12-23T17:18:00Z,154.41,4,Mobile
T002623,C00435,2024-09-24T13:00:00Z, 83.82 ,5,WEB 
T000564,C00631,"December 28, 2024", 111.52 ,5,In-Store
T000954,C00490,2024-05-13,$167.33,1,Web
T001126,C00742,28/03/2024,$132.50,2,In-Store
T007777,C00025,2024-04-05,$87.29,2,web
T003515, C00860 ,2024-06-08T15:42:00Z,1.00,4,web
T007828,C00900,"February 24, 2024",1.00,3, mobile
T007860,C00299,"February 6, 2024", 174.64 ,NA,In-Store
T002447,C00343,"August 13, 2024",164.88,5,web
T002704,C00225,06/11/2024, 120.31 ,3, mobile
T004570,C00137,25/12/2024, 140.96 ,4,web
T000383,C00329,"July 15, 2024",32.49,2, mobile
T000924,C00317,03/10/2024,$198.10,5,WEB 
T001017,C00013,26/10/2024,28.34,2,in-store
T004588,C00785,"January 28, 2024",189.62,4,Web
T006197, C00636 ,21/04/2024, 142.89 ,4,web
T000123, C00895 ,2024-04-23,$113.45,1,In-Store
T000881,C00121,2024-10-13,$93.79,2, mobile
T005348,C00644,2024-01-07, 170.45 ,4,WEB 
T000467,C00146,2024-03-02,1.00,3,In-Store
T005183,C00507,2024-04-21, 1.00 ,2,web
T003434, C00845 ,2024-11-25,$125.42,5,WEB 
T004299,C00457,2024-05-12,$187.52,4, mobile
T007840,C00469,17/08/2024,$32.63,  ,Mobile
T002752,C00055,"July 28, 2024", 145.84 ,2,Web
T003283,C00751,2024-01-22,$99.74,4,Web
T001753,C00866,2024-05-05,128.61,2, mobile
T004338,C00518,2024-01-22T10:34:00Z, 133.35 ,4, mobile
T006581,C00037,"March 4, 2024", 232.10 ,1,In-Store
T004489,C00128,2024-03-01T17:47:00Z,57.81,5,Mobile
T002919,C00814,2024-03-14,146.96,5, mobile
T006966,C00351,"December 13, 2024",$138.33,4,WEB 
T005964,C00809,2024-06-11,39.61,NA,Web
T005841, C00476 ,2024-01-13,32.89,2, mobile
T001559, C00520 ,2024-12-04,$250.08,2, mobile
T007299,C00614,2024-10-13,163.16,3,web
T006204,C00871,2024-06-05T08:13:00Z,170.20,2,in-store
T006869,C00162,"August 6, 2024",56.71,5,In-Store
T002894,C00420,06/09/2024, 99.38 ,3,In-Store
T002783,C00046,2024-01-02, 171.40 ,1,in-store
T007972,C00836,2024-05-10T23:00:00Z, 170.21 ,1,WEB 
T007603,C00156,05/11/2024, 51.85 ,2,Mobile
T001704,C00155,2024-03-23,$108.54,5,web
T006747, C00817 ,2024-07-19,$130.04,5,web
T001207,C00891,2024-11-28,$103.33,2,web
T005100,C00840,2024-09-22,$238.59,5,in-store
T001962,C00736,"August 12, 2024",108.15,1,In-Store
T005866, C00891 ,"September 14, 2024",$100.46,2,web
T001786,C00153,2024-09-24, 259.56 ,1, mobile
T001218,C00581,2024-08-26T17:50:00Z,39.58,,Web
T004679,C00503,2024-08-22,59.47,5,Mobile
T000544, C00408 ,07/06/2024,67.66,,in-store
T004649,C00745,2024-05-24T04:03:00Z,85.92,5,WEB 
T007927, C00722 ,13/12/2024,$164.87,4,WEB 
T003682,C00072,12/08/2024,$152.97,1,In-Store
T000220,C00680,2024-11-26T16:19:00Z, 93.96 ,2,in-store
T002725,C00515,2024-11-09T06:27:00Z, 131.43 ,3,Web
T000187,C00264,"July 17, 2024",191.59,1,Mobile
T003016,C00225,2024-06-28,$167.09,2,in-store
T000316,C00743,2024-04-17,$222.92,1,Mobile
T006872,C00720,2024-12-14T03:21:00Z, 208.68 ,4, mobile
T001960,C00312,"June 4, 2024", 224.45 ,2, mobile
T006659,C00208,2024-09-06, 174.90 ,4, mobile
T002776,C00081,"November 7, 2024", 185.97 ,3,in-store
T001673,C00045,18/06/2024,$130.67,3, mobile
T002295,C00873,25/08/2024,91.97,2,in-store
T002737,C00367,01/11/2024, 96.08 ,2,WEB 
T005945,C00099,2024-08-23,152.99,2,in-store
T000277,C00705,18/11/2024,$137.31,5,web
T005642,C00706,"July 15, 2024", 18.16 ,4,WEB 
T007420,C00478,2024-12-11, 139.05 ,1,Web
T006763,C00803,01/04/2024,$108.35,1,Web
T002463,C00858,2024-02-13, 128.24 ,5, mobile
T002162,C00441,27/09/2024,120.19,3,WEB 
T006783,C00589,2024-08-01,$204.06,5,WEB 
T001156,C00853,04/01/2024,238.24,1,web
T004827,C00512,20/11/2024, 215.06 ,5,web
T006556,C00279,12/06/2024,95.08,5,web
T005233,C00686,2024-07-27,$40.60,4,Mobile
T002895,C00823,2024-06-02, 193.87 ,2,In-Store
T005243,C00430,2024-11-15, 93.68 ,2,In-Store
T002199,C00668,21/12/2024, 177.18 ,2,In-Store
T000349,C00235,23/01/2024,$70.81,1,web
T006920,C00474,2024-07-19T16:01:00Z,152.56,2,Mobile
T005460,C00776,2024-07-14, 199.18 ,5,in-store
T004831,C00859,"May 17, 2024",111.50,4,Web
T004363,C00001,21/09/2024,125.85,N/A, mobile
T002111, C00064 ,"May 4, 2024",234.88,3,Web
T007491,C00497,27/06/2024, 53.58 ,3,WEB 
T000865,C00018,15/09/2024, 135.73 ,5,In-Store
T001022,C00785,28/08/2024,120.93,5,Mobile
T005961,C00814,2024-08-22,$125.15,3,web
T004221,C00631,2024-10-18,37.49,4,WEB 
T005091,C00168,2024-02-10T10:33:00Z,58.21,2,WEB 
T003066,C00022,24/11/2024,$162.23,5,WEB 
T004103,C00097,2024-07-10T06:43:00Z,$64.59,3, mobile
T005106,C00037,2024-07-22,$111.30,3,Web
T005339,C00896,12/06/2024,66.66,1,in-store
T005965,C00823,"March 10, 2024",85.06,3,WEB 
T005287,C00739,"June 13, 2024",186.31,3,In-Store
T006959,C00065,2024-10-25T06:42:00Z,$160.17,1,Mobile
T006742,C00258,2024-06-22T09:49:00Z,$175.79,3, mobile
T006958,C00764,2024-12-07T18:48:00Z,171.75,5,WEB 
T006647,C00270,2024-09-10,1.00,4,web
T004772,C00765,2024-04-13T18:08:00Z,$165.74,3, mobile
T002529, C00548 ,"February 25, 2024",$74.32,3,Web
T006010,C00296,2024-08-16T07:59:00Z, 181.80 ,1, mobile
T003761,C00512,"April 24, 2024",$124.06,1, mobile
T000200,C00421,20/06/2024,$168.32,2,In-Store
T006089,C00610,2024-03-09T01:11:00Z,52.75,5,Web
T001791,C00839,2024-11-28, 52.53 ,5,in-store
T006946,C00253,2024-05-19, 156.63 ,2,Web
T001335,C00589,2024-05-11T18:49:00Z,105.47,1,web
T002878,C00299,2024-07-23,166.16,5,Mobile
T007982,C00262,2024-01-26,$61.39,1,Web
T007690,C00693,2024-07-06T06:21:00Z,220.46,3,Web
T004750,C00455,2024-02-13,$127.02,4,In-Store
T004973,C00248,2024-05-07, 258.69 ,4,in-store
T006946,C00253,2024-05-19, 156.63 ,2,Web
T001681,C00025,"November 20, 2024",$103.71,3, mobile
T001072,C00345,"February 7, 2024",165.13,2,WEB 
T004964,C00799,2024-02-01T10:18:00Z, 131.70 ,5,web
T007222,C00223,2024-08-14T10:31:00Z, 148.32 ,1,WEB 
T007485,C00766,2024-11-12T03:51:00Z,$1.00,4,web
T001832,C00308,"December 15, 2024", 172.32 ,3,Mobile
T005904,C00603,2024-07-09T06:37:00Z, 95.95 ,3,Mobile
T003395,C00729,2024-05-18T09:48:00Z, 167.14 ,5,Web
T002778,C00299,28/04/2024, 154.46 ,3,Mobile
T001533,C00104,"April 27, 2024",$172.20,5,in-store
T007409,C00227,04/11/2024, 189.97 ,NA,web
T001818,C00393,21/10/2024,109.73,2,web
T001398,C00210,2024-04-07,$158.47,2,in-store
T001951,C00406,06/07/2024,125.50,5, mobile
T004605,C00726,2024-04-16T14:33:00Z, 238.32 ,5,in-store
T003065,C00163,23/12/2024,$133.33,1,WEB 
T001048,C00018,28/12/2024,$50.12,3,web
T002543,C00774,05/11/2024,123.80,4,WEB 
T001702,C00438,2024-07-15T13:03:00Z,$20.77,4,Mobile
T006624,C00869,08/10/2024, 180.03 ,2,in-store
T004625,C00332,2024-05-07T14:01:00Z,118.05,1, mobile
T003869, C00764 ,28/01/2024,82.28,5,WEB 
T004232,C00206,2024-05-27,61.64,3,WEB 
T004976,C00724,16/05/2024, 219.17 ,5,In-Store
T003106,C00619,2024-05-03T02:09:00Z,39.69,3,web
T000808,C00064,"May 17, 2024", 117.53 ,1,WEB 
T004849,C00445,2024-04-14T14:46:00Z,151.52,4,In-Store
T007442, C00439 ,"November 13, 2024", 86.88 ,1,Web
T000027,C00429,2024-06-27, 195.15 ,4,Mobile
T000125,C00213,04/06/2024, 96.88 ,3,In-Store
T007773,C00296,13/11/2024,143.65,1,Web
T002356,C00150,2024-08-22T16:21:00Z,$37.01,1,Mobile
T001090,C00222,2024-07-25, 198.93 ,5, mobile
T000525,C00188,2024-06-12,$77.90,4,Mobile
T003731,C00515,2024-12-13,223.59,1,web
T006264,C00404,2024-12-27,$35.74,3,in-store
T007984,C00485,08/12/2024,$76.15,4,web
T001787,C00425,08/02/2024,$158.42,3,In-Store
T001903,C00876,2024-09-23T06:19:00Z, 51.99 ,2, mobile
T006913,C00694,22/05/2024,215.63,3,Web
T007002,C00823,"May 13, 2024", 111.33 ,1,In-Store
T002821, C00839 ,"March 27, 2024", 97.99 ,3, mobile
T001231, C00570 ,21/06/2024,$91.32,1, mobile
T007523, C00559 ,"April 19, 2024", 76.11 ,5,In-Store
T001328,C00019,2024-03-08,$76.14,3,In-Store
T006355,C00767,2024-12-10T11:30:00Z,$111.10,5,in-store
T004475,C00110,2024-07-01T04:28:00Z,$104.68,4, mobile
T000023,C00207,"June 3, 2024",118.62,2, mobile
T001216,C00854,2024-03-07,291.73,5,Web
T006513,C00002,"September 18, 2024",78.60,5,WEB 
T004334,C00342,2024-08-21T00:09:00Z,127.62,5,Web
T004949,C00257,2024-08-21T15:42:00Z,$142.22,4,In-Store
T004954,C00607,2024-09-19,28.78,5, mobile
T001740,C00256,16/03/2024,103.03,,In-Store
T006645,C00183,2024-08-16T21:43:00Z,171.76,3,in-store
T002709,C00536,06/09/2024, 89.82 ,5,in-store
T007144,C00112,13/09/2024, 183.97 ,1, mobile
T004017,C00541,2024-06-02,80.25,2,Mobile
T005263,C00512,"January 8, 2024",$74.11,5,In-Store
T007922,C00254,2024-07-26T08:22:00Z, 134.31 ,1,Web
T000280,C00184,"December 2, 2024",151.26,5,WEB 
T001087, C00396 ,02/06/2024,96.01,1,in-store
T002928,C00811,2024-05-01T02:26:00Z, 264.37 ,1, mobile
T004802,C00515,2024-08-22, 131.20 ,1,In-Store
T006139,C00709,2024-07-22, 66.97 ,2,in-store
T006753,C00031,"April 20, 2024",166.75,4,in-store
T003765,C00734,12/09/2024, 28.50 ,5,Mobile
T002673,C00184,"July 17, 2024",$70.68,5,Web
T007113,C00179,2024-03-02T21:25:00Z,$78.77,3,Mobile
T006773,C00374,"December 13, 2024", 318.17 ,2, mobile
T003971,C00310,2024-07-11T16:01:00Z, 146.67 ,5,WEB 
T006839,C00498,2024-05-27T23:17:00Z,200.77,3,WEB 
T002324,C00861,2024-05-28,$181.21,3,Mobile
T002207,C00321,2024-11-23,112.42,4,In-Store
T007601,C00122,03/10/2024,112.42,5,Mobile
T002728,C00059,"August 1, 2024",$137.12,1,in-store
T001301,C00273,26/07/2024, 159.87 ,2,WEB 
T000430,C00462,2024-07-10T22:45:00Z, 39.08 ,4,Mobile
T001860,C00503,2024-07-26T16:29:00Z,190.79,2,Web
T002443,C00337,2024-04-19T03:30:00Z, 77.15 ,4,WEB 
T003285,C00871,2024-01-14T19:20:00Z,111.29,2,web
T005299,C00611,"June 25, 2024", 121.74 ,2,Web
T004795,C00557,2024-01-13,181.73,3, mobile
T005869,C00560,"April 15, 2024",$72.62,1,Web
T000270,C00268,"March 10, 2024",$76.88,1,WEB 
T001520,C00067,2024-09-16T19:20:00Z,$132.71,5,web
T006693,C00740,"November 14, 2024",35.22,  ,In-Store
T002297,C00045,2024-06-23,137.02,1,web
T000676,C00725,"December 8, 2024",$71.55,5,Mobile
T002276,C00767,"May 13, 2024", 234.26 ,3,In-Store
T000844,C00475,2024-11-04T23:28:00Z, 103.11 ,1,WEB 
T007711,C00037,2024-01-11T05:52:00Z, 212.01 ,2, mobile
T002689,C00553,2024-09-18T01:58:00Z,14.14,1,Mobile
T007335,C00774,2024-01-06T01:31:00Z,136.65,2,WEB 
T007550,C00839,2024-12-12T19:18:00Z, 43.04 ,NA,Web
T007573, C00137 ,2024-02-11,291.71,5,web
T005507,C00714,2024-06-01,226.94,3,Mobile
T000105,C00696,15/11/2024,157.30,5,WEB 
T000028,C00203,"April 13, 2024",$74.71,NA, mobile
T003817, C00749 ,2024-03-06T06:51:00Z,138.60,4,Web
T000817,C00481,2024-11-10,$76.25,4,in-store
T002723,C00113,03/01/2024,277.54,1,Web
T007184,C00251,2024-06-22, 225.96 ,2,in-store
T001265,C00267,2024-04-09T11:38:00Z,$79.60,4,web
T002224,C00043,19/07/2024,$67.66,1,Mobile
T007519,C00570,"November 23, 2024",$55.21,5,WEB 
T005844,C00621,"April 4, 2024", 1.00 ,5,in-store
T007008, C00341 ,25/01/2024,227.05,4,In-Store
T007275,C00725,2024-02-02,$84.93,1,Web
T002423,C00200,2024-06-16T13:10:00Z,$75.37,2,Mobile
T002584,C00621,"May 10, 2024",$142.46,null,In-Store
T002647,C00389,2024-10-06T01:59:00Z,147.99,1,WEB 
T000077,C00809,12/03/2024,100.80,N/A,web
T004282,C00254,"October 4, 2024", 69.54 ,3,in-store
T004736,C00276,2024-05-27,246.30,2,Web
T002510,C00179,"October 1, 2024",$78.33,2,web
T002374,C00317,07/08/2024,198.23,4,In-Store
T003694,C00588,21/12/2024,38.53,1,In-Store
T003825,C00536,2024-10-08,$98.14,5,web
T000574,C00061,02/02/2024, 78.27 ,5, mobile
T000183,C00609,2024-10-15T19:37:00Z,115.34,2,WEB 
T000880,C00044,"September 12, 2024",177.72,5, mobile
T006377, C00837 ,2024-09-10T01:11:00Z,89.94,2,in-store
T005560,C00793,2024-04-08, 142.32 ,5,web
T000423,C00586,2024-10-14,84.16,1,in-store
T001272,C00345,"March 11, 2024", 138.14 ,5, mobile
T003551,C00410,2024-12-03T02:12:00Z,$203.52,4,Mobile
T003466,C00259,2024-01-21,$63.14,1,in-store
T001864,C00063,2024-08-14T06:12:00Z,$139.35,2,In-Store
T006711,C00017,19/01/2024,$126.00,3,in-store
T005765,C00036,2024-10-19T08:28:00Z, 107.10 ,2,In-Store
T005635,C00848,"September 8, 2024",$124.08,5,Mobile
T003719,C00195,05/06/2024,164.87,4,in-store
T000967,C00138,06/01/2024,1.00,5,in-store
T007912,C00036,2024-01-07,118.75,5,Mobile
T003873,C00326,15/02/2024,133.16,2, mobile
T003772,C00593,"January 8, 2024", 108.79 ,1,In-Store
T000765,C00613,19/03/2024,5.43,1,In-Store
T006922,C00853,2024-01-10T05:01:00Z,$49.89,4,web
T000170,C00341,2024-01-20T08:17:00Z,$124.62,3,Web
T005742, C00509 ,2024-06-16T04:49:00Z, 82.61 ,2,web
T000771,C00024,2024-10-12,154.86,2,web
T002461,C00454,"May 21, 2024",212.70,4,WEB 
T001532,C00430,2024-09-22T00:55:00Z, 220.45 ,4,web
T003440,C00203,2024-12-21T16:28:00Z, 142.24 ,4, mobile
T006621,C00751,20/12/2024,104.68,1,Mobile
T006953,C00495,"July 16, 2024",174.02,3,in-store
T003826,C00762,08/12/2024, 171.06 ,5,in-store
T002075,C00471,2024-03-08T16:32:00Z, 279.32 ,3,WEB 
T003739,C00201,17/07/2024,1.00,N/A,WEB 
T006576,C00476,2024-11-16T02:09:00Z,$157.31,4,Web
T007326,C00840,"April 19, 2024",1.00,1,web
T001748, C00601 ,2024-06-23, 183.10 ,,web
T000760,C00645,2024-08-08T21:14:00Z,$53.29,5,Mobile
T000606,C00867,2024-03-19, 134.11 ,5,WEB 
T000624,C00536,2024-06-12T11:38:00Z, 224.26 ,2,in-store
T004756,C00098,2024-08-02T07:39:00Z,40.99,2,web
T003278,C00272,2024-06-23T03:16:00Z,$84.06,3,Mobile
T007202,C00854,2024-10-05T18:28:00Z,130.78,5,In-Store
T006037, C00108 ,11/01/2024,142.99,1,In-Store
T007685,C00517,2024-07-08T01:21:00Z,111.78,5,WEB 
T001905,C00004,"October 7, 2024",$184.69,3,In-Store
T004482,C00181,2024-03-18T21:08:00Z, 81.05 ,1,Mobile
T006563,C00092,"August 27, 2024", 119.19 ,2,Web
T003659,C00291,17/05/2024,$166.72,3,in-store
T000189,C00411,2024-06-20, 92.79 ,2,in-store
T004545,C00551,26/10/2024, 52.04 ,3,In-Store
T006627,C00002,21/05/2024,100.38,5,WEB 
T007847,C00513,"April 20, 2024",$94.90,4,Mobile
T003758,C00209,2024-11-17T06:51:00Z, 175.46 ,1,in-store
T003885,C00525,"June 27, 2024", 135.25 ,1,Web
T000296,C00340,2024-08-20T17:37:00Z,$103.17,3,WEB 
T002169, C00154 ,"March 12, 2024",44.22,null,Mobile
T007252,C00668,05/05/2024,$175.61,5,Web
T001632,C00139,27/04/2024, 229.07 ,4,in-store
T006796,C00661,2024-05-10T08:46:00Z, 64.48 ,,Web
T002911,C00166,"October 17, 2024",$65.58,  ,in-store
T007216,C00279,2024-12-04,4.89,5,web
T001210,C00690,13/09/2024,$56.61,N/A,In-Store
T003822,C00321,"February 20, 2024",$16.65,4,in-store
T006368,C00613,2024-10-07T08:35:00Z,143.95,2,in-store
T005976,C00213,2024-08-28, 147.00 ,2,Mobile
T006644,C00139,20/04/2024,$43.13,4,In-Store
T007748,C00557,2024-08-02T07:33:00Z,$164.26,2,Web
T005746,C00143,"October 11, 2024", 3.24 ,5, mobile
T005056,C00599,2024-09-19, 124.03 ,5,in-store
T000790,C00813,2024-12-22T11:31:00Z,$116.97,5,web
T006265,C00556,"September 20, 2024",202.36,3, mobile
T007457,C00795,"June 11, 2024",110.97,5,Web
T006028, C00744 ,2024-04-15T20:58:00Z,103.25,4,web
T006242, C00094 ,2024-04-27T00:27:00Z, 197.10 ,1,Mobile
T002875,C00198,2024-01-06,$70.96,3,web
T002639,C00436,2024-08-25,145.72,4,Mobile
T000976, C00011 ,"February 6, 2024",$47.11,4,web
T000886,C00399,2024-06-04T08:50:00Z,64.78,5, mobile
T002655,C00184,2024-03-26,100.13,2,Web
T002831,C00053,2024-01-11,$136.16,5,in-store
T007225,C00631,2024-09-27,$106.26,2,Mobile
T001111,C00715,2024-12-23,$133.07,3, mobile
T003538,C00101,"December 6, 2024", 189.70 ,4,in-store
T003414,C00368,"December 13, 2024", 55.83 ,3,in-store
T007340,C00189,03/06/2024, 58.52 ,2,web
T006899,C00647,22/02/2024,$74.38,5,Web
T004456,C00851,05/02/2024,$163.30,null,Web
T003559,C00229,10/08/2024,$100.64,5,Mobile
T000286,C00334,2024-02-18,38.17,2, mobile
T004994,C00235,23/07/2024,$63.60,2,Mobile
T000647,C00220,06/01/2024,$140.49,1,web
T001923,C00530,2024-08-07,226.99,2,Web
T005972,C00555,2024-05-17,138.81,3,web
T001601, C00261 ,2024-02-01T08:58:00Z,$147.20,5,In-Store
T006537,C00859,2024-09-20T12:00:00Z,$159.12,1,WEB 
T007269,C00066,2024-09-09T06:45:00Z, 138.29 ,3,In-Store
T002828,C00756,22/09/2024,162.24,5,web
T001122, C00872 ,"October 2, 2024",1.00,3,In-Store
T004105,C00555,2024-01-06T12:52:00Z,139.61,3,web
T000989, C00587 ,"March 21, 2024",109.48,1, mobile
T005351,C00793,"July 24, 2024",193.66,, mobile
T004533,C00576,"May 5, 2024",$131.41,null,WEB 
T004907,C00454,02/04/2024,$145.00,,Web
T007675,C00818,09/10/2024,$115.72,4,In-Store
T003144,C00834,2024-11-25, 47.77 ,2, mobile
T005616,C00073,2024-01-02,44.88,2,Web
T006404,C00444,07/11/2024,83.33,5,in-store
T003444,C00329,"December 24, 2024",$172.37,4,Mobile
T001530,C00196,2024-10-22, 159.13 ,3,in-store
T007429,C00378,2024-08-24T10:52:00Z, 157.37 ,2,in-store
T001869,C00758,13/10/2024, 165.36 ,3,in-store
T000097,C00308,"February 3, 2024", 74.56 ,4,WEB 
T000089,C00670,06/12/2024,174.81,5,Mobile
T006536,C00788,26/11/2024,$73.65,4,in-store
T001349,C00606,2024-08-11T13:11:00Z, 135.44 ,5,WEB 
T003924,C00345,2024-09-15T20:03:00Z,84.27,null,web
T005162,C00254,14/02/2024,151.45,4,In-Store
T002963,C00480,2024-05-27, 181.08 ,4,Web
T001637,C00528,02/11/2024, 158.07 ,4,web
T003832,C00182,2024-11-07,124.42,3,Web
T006541,C00023,2024-03-11,157.69,3,in-store
T003774,C00122,15/03/2024,135.77,N/A,WEB 
T003000,C00095,"February 11, 2024", 144.59 ,4,Web
T003310,C00663,20/04/2024,106.80,3,In-Store
T007417,C00449,2024-12-25,$68.54,2,in-store
T002955,C00737,27/01/2024,$153.53,4,Mobile
T001666,C00735,17/08/2024,83.86,2, mobile
T003337,C00554,"January 17, 2024", 77.80 ,1,in-store
T002626,C00118,2024-08-11T04:42:00Z, 119.30 ,5,Web
T004025,C00499,2024-01-01T09:39:00Z, 207.26 ,4,WEB 
T006743,C00869,22/12/2024, 188.55 ,3,Web
T005417,C00339,23/04/2024, 73.01 ,5,In-Store
T000624,C00536,2024-06-12T11:38:00Z, 224.26 ,2,in-store
T005761,C00808,"November 18, 2024",248.49,3,web
T000011,C00614,06/06/2024,92.06,3,In-Store
T007114,C00074,28/03/2024,$252.46,,in-store
T002853,C00891,06/06/2024,191.38,4,Web
T005902,C00320,"December 24, 2024",43.00,5,Mobile
T002222,C00564,24/08/2024,283.26,3,Mobile
T001411,C00704,22/11/2024,$129.33,1,In-Store
T006602,C00318,"August 13, 2024",$196.41,1,in-store
T005498,C00042,04/08/2024,131.17,4,In-Store
T005366,C00736,23/05/2024,74.95,1,In-Store
T004156,C00231,03/09/2024, 25.31 ,3,in-store
T007947,C00688,"April 20, 2024", 78.32 ,3,in-store
T003732,C00731,2024-05-02,114.09,,web
T003418,C00898,"October 11, 2024", 164.86 ,3,Web
T004039,C00262,2024-09-12,$101.02,4,in-store
T001981, C00889 ,2024-08-19T10:36:00Z,91.96,4,web
T006433,C00857,16/01/2024,$97.65,2,web
T006033,C00475,2024-09-21,$141.91,1,Mobile
T003610,C00804,2024-01-15,$88.01,NA,in-store
T003592,C00583,2024-01-19,103.17,5,WEB 
T005493,C00745,2024-02-16, 80.40 ,1,In-Store
T005272,C00786,2024-11-14T13:22:00Z, 264.41 ,2,in-store
T007165, C00897 ,16/12/2024, 56.09 ,4,in-store
T004013,C00424,2024-07-03T08:25:00Z,$68.09,3,Mobile
T005992,C00400,2024-05-21, 167.78 ,4,In-Store
T002838,C00594,2024-10-05T20:55:00Z,196.52,3,Mobile
T000078,C00316,2024-04-01T04:10:00Z,245.37,5,in-store
T002787,C00073,2024-07-18, 115.86 ,4,Web
T003963,C00142,2024-08-03,$162.33,3,WEB 
T002422, C00257 ,"February 1, 2024",128.97,3, mobile
T007812,C00846,2024-06-04,103.33,2,WEB 
T006936,C00062,2024-09-09, 201.70 ,3,in-store
T002283,C00421,"June 20, 2024",167.81,4, mobile
T002849,C00305,"June 25, 2024", 187.08 ,3,Mobile
T005955,C00662,"July 27, 2024",142.28,  ,web
T001588,C00838,2024-02-13,140.47,1,web
T007177,C00796,2024-12-09T11:06:00Z,$90.73,5,WEB 
T004063,C00126,"February 9, 2024",$122.13,4, mobile
T000799,C00057,2024-08-15,113.27,2,in-store
T007132,C00516,2024-03-05T01:22:00Z, 221.44 ,null,Mobile
T004598,C00460,04/06/2024,145.70,3,in-store
T005697,C00749,2024-11-15T04:21:00Z,$65.97,3,in-store
T001627,C00621,12/02/2024, 171.12 ,3,In-Store
T007180, C00492 ,2024-05-22T16:20:00Z,124.75,5, mobile
T001853,C00050,2024-08-03,$54.42,4,web
T006900,C00833,2024-05-17T01:13:00Z, 136.11 ,1,Mobile
T004894,C00738,2024-11-18T06:15:00Z,214.86,4,Mobile
T004021,C00427,27/11/2024,$62.44,5, mobile
T006465,C00263,09/06/2024, 143.68 ,4,In-Store
T004487,C00147,01/01/2024,1.00,null,Mobile
T002934,C00797,2024-04-25,109.83,5,Web
T006143,C00491,2024-12-18,$162.48,3,in-store
T002073,C00512,2024-02-13T13:24:00Z,$44.20,2,web
T005517,C00254,"October 22, 2024",$81.19,1,WEB 
T001749,C00057,17/02/2024, 147.39 ,2,Web
T003085,C00759,2024-10-16T01:40:00Z,$75.05,4,Web
T002049,C00650,2024-06-01T21:10:00Z, 90.05 ,4,WEB 
T002759,C00300,"March 13, 2024",$128.89,1, mobile
T005647,C00530,"February 9, 2024",45.09,1, mobile
T005220,C00039,2024-06-23,$197.35,2,In-Store
T001659, C00445 ,2024-04-28T05:38:00Z,57.15,4,In-Store
T007045,C00461,2024-11-25, 166.19 ,2,Mobile
T004112,C00276,2024-09-24T05:41:00Z, 173.15 ,2,web
T005787,C00612,2024-02-28T11:56:00Z, 135.52 ,2,Web
T004069,C00551,2024-07-13,163.53,4, mobile
T002002,C00716,2024-06-16T17:10:00Z, 130.54 ,4,Mobile
T000938, C00820 ,2024-01-01T00:42:00Z,$257.40,4,Web
T002499,C00698,2024-01-10,190.53,1,Mobile
T003636, C00839 ,11/09/2024,63.44,1,in-store
T007853,C00058,2024-01-01,$58.22,1, mobile
T002320,C00020,2024-02-14T21:54:00Z,94.05,4,Mobile
T000896,C00231,"September 3, 2024", 32.00 ,5,in-store
T006350,C00209,2024-03-07, 31.10 ,3,In-Store
T000302,C00492,2024-10-03,$90.72,4,web
T003297, C00094 ,"November 18, 2024", 136.18 ,2,in-store
T005876,C00831,"October 24, 2024", 19.88 ,2,Web
T005434,C00220,2024-09-20,131.45,3,Mobile
T001910, C00183 ,2024-10-28,104.08,,In-Store
T002505,C00478,03/11/2024, 53.65 ,1,WEB 
T001877,C00670,27/02/2024, 80.84 ,5, mobile
T000208,C00090,14/02/2024,124.93,3,Mobile
T006836,C00187,"January 1, 2024", 131.22 ,2,WEB 
T003896,C00040,03/04/2024,1.00,2,in-store
T000031, C00608 ,"December 18, 2024",$153.19,4,web
T006924,C00242,2024-11-06, 140.78 ,3,WEB 
T001677,C00826,03/08/2024, 111.71 ,4, mobile
T005039,C00609,2024-03-09T01:07:00Z,125.30,2, mobile
T006468,C00771,27/03/2024,107.64,2,In-Store
T003893,C00866,2024-01-28T18:09:00Z, 244.56 ,5,Mobile
T005358,C00725,2024-06-14T09:03:00Z,181.01,5,Web
T006921,C00722,2024-05-22,100.55,3,web
T005830,C00778,"October 13, 2024",$15.93,5, mobile
T006177,C00202,2024-10-05T01:30:00Z,39.72,4,web
T004603, C00842 ,"March 16, 2024", 97.36 ,1, mobile
T004743,C00879,2024-09-02T04:21:00Z,$237.69,2,In-Store
T003576,C00322,"March 20, 2024", 132.72 ,5,Mobile
T000946,C00596,"February 9, 2024", 118.71 ,null,In-Store
T001200,C00222,06/01/2024, 142.71 ,1,Web
T002170,C00645,2024-04-26,149.65,2,In-Store
T005230,C00823,2024-06-28T09:03:00Z,76.00,1,in-store
T004433, C00487 ,2024-08-15T22:26:00Z,148.41,4,Web
T000944,C00107,2024-07-10T04:30:00Z, 59.43 ,3,WEB 
T005072,C00434,2024-05-02T14:30:00Z,$136.06,5,in-store
T007958,C00777,2024-11-21T15:59:00Z, 44.10 ,1,Web
T006299,C00729,2024-12-25T17:46:00Z, 37.25 ,4,Web
T001442,C00269,2024-10-19T05:21:00Z,$166.31,4,In-Store
T007592,C00236,17/12/2024,$117.06,3,WEB 
T006012,C00366,18/08/2024,81.30,5,In-Store
T005625,C00090,2024-02-13T15:32:00Z, 149.01 ,2,Web
T006131,C00532,17/02/2024,$51.38,5,In-Store
T001479,C00886,2024-07-26T23:52:00Z,$117.70,1,In-Store
T004616,C00103,2024-05-09,$173.32,1,WEB 
T005786, C00269 ,"November 24, 2024", 265.86 ,null,web
T001248,C00763,25/07/2024,169.37,2,in-store
T007968,C00753,"February 25, 2024",$168.74,3,In-Store
T007541,C00315,"July 27, 2024", 172.39 ,3,Web
T006228,C00332,2024-04-11T01:49:00Z,$101.07,3,WEB 
T001095,C00098,18/05/2024,1.00,3,in-store
T007785,C00130,"January 18, 2024", 54.06 ,4,in-store
T005035,C00782,2024-04-14T17:12:00Z, 41.91 ,1,Mobile
T001843,C00647,"June 2, 2024", 194.35 ,2,web
T003568,C00079,13/07/2024,$37.45,3,web
T004116,C00767,2024-03-24T22:54:00Z, 141.94 ,1,web
T007705,C00529,"July 21, 2024", 46.40 ,2, mobile
T000161,C00322,"January 12, 2024", 93.54 ,3,web
T002561,C00290,14/08/2024,23.23,4, mobile
T006640,C00102,2024-12-05,80.46,4,web
T002001,C00287,2024-09-28T00:21:00Z,$93.41,2,In-Store
T004513, C00814 ,2024-07-24T13:21:00Z, 135.36 ,1,In-Store
T006375,C00854,2024-10-06T23:43:00Z,24.47,2,In-Store
T000773,C00474,2024-02-20T19:53:00Z,210.63,1,WEB 
T000960,C00319,"July 12, 2024",$70.70,3,in-store
T000086,C00710,14/10/2024,$126.05,4,in-store
T004811, C00320 ,14/12/2024,178.76,4,In-Store
T000006,C00226,2024-02-06T12:51:00Z, 97.89 ,1,Mobile
T006133,C00429,2024-07-18T13:21:00Z, 214.82 ,2,Mobile
T000578,C00213,2024-06-03T22:43:00Z,210.47,5,In-Store
T005539,C00326,2024-08-02T01:59:00Z, 202.42 ,1, mobile
T007816, C00794 ,27/07/2024,$78.36,2,In-Store
T004720,C00338,2024-07-16,143.36,2,Web
T001472,C00884,16/08/2024,$103.64,2,In-Store
T006289, C00819 ,2024-10-02T13:49:00Z,$99.16,5,in-store
T005847,C00734,03/10/2024,$82.75,5,In-Store
T000412,C00618,2024-07-28,154.22,5,Mobile
T001777,C00233,2024-04-23T08:12:00Z,$208.58,2,WEB 
T002817,C00166,2024-08-05,$171.77,3,web
T007571,C00498,2024-12-01T00:51:00Z, 88.39 ,3,WEB 
T007103,C00732,"October 12, 2024",$75.91,5,web
T004565,C00516,2024-01-03,204.02,5,WEB 
T003764,C00121,"August 22, 2024",176.93,4,web
T003632,C00268,"July 3, 2024",$66.55,4,in-store
T004306,C00874,2024-06-03T04:40:00Z, 243.61 ,2,Web
T005353,C00369,2024-07-26T01:27:00Z,60.43,,Mobile
T000741, C00683 ,"July 3, 2024",$41.29,1,web
T001750,C00790,06/04/2024,139.78,4,Mobile
T002159, C00589 ,2024-01-02T00:51:00Z,82.87,2, mobile
T006658,C00853,24/10/2024, 98.12 ,4,Web
T007578,C00011,2024-11-20T04:30:00Z, 145.81 ,5,Mobile
T001482,C00580,22/03/2024,145.93,1, mobile
T005490,C00132,"September 25, 2024",$105.16,5,in-store
T003990,C00299,01/03/2024,$136.83,2,Mobile
T001931,C00878,2024-10-16,$116.87,3,in-store
T002027,C00459,2024-06-20,$78.92,5,Mobile
T006685,C00819,"December 5, 2024",$187.97,2,in-store
T000740,C00635,"May 5, 2024", 191.03 ,3, mobile
T001902,C00208,"June 8, 2024", 86.25 ,2, mobile
T004906,C00118,"March 5, 2024",$119.50,3, mobile
T004244,C00453,06/10/2024,202.16,NA,Mobile
T000345,C00469,"October 27, 2024",118.48,null, mobile
T003203,C00621,07/04/2024,$213.54,5,In-Store
T000436,C00756,12/01/2024, 25.83 ,3, mobile
T005105, C00077 ,2024-04-13,92.17,4,in-store
T002578,C00696,2024-02-21,109.96,4,In-Store
T006425,C00520,2024-06-25, 145.84 ,1,Mobile
T005856,C00671,2024-09-27,256.91,,In-Store
T000449,C00002,2024-06-10,74.66,3,in-store
T003675,C00326,2024-04-03,94.97,5,WEB 
T006717,C00612,2024-02-03T22:41:00Z, 173.79 ,4,Mobile
T001466,C00844,"September 5, 2024",164.41,3,In-Store
T002598,C00090,"October 2, 2024",$112.21,1,In-Store
T004747,C00244,2024-05-19, 105.96 ,3,Web
T005413,C00241,2024-08-17, 69.30 ,2,In-Store
T007076,C00265,22/10/2024,69.48,3,Web
T006611,C00102,"February 14, 2024",74.92,3,Web
T006326,C00396,2024-10-02T08:36:00Z,4.21,1,Mobile
T001167, C00441 ,2024-06-14T14:14:00Z,124.21,4,web
T001297,C00297,"March 15, 2024",76.07,3,in-store
T006408,C00555,10/02/2024, 54.79 ,null, mobile
T007400,C00368,"November 24, 2024", 47.19 ,2,In-Store
T007573, C00137 ,2024-02-11,291.71,5,web
T003233,C00152,2024-11-01, 253.42 ,4,in-store
T004109,C00329,20/01/2024,$1.00,1,In-Store
T001863,C00341,2024-05-23T10:17:00Z,$97.08,3,Mobile
T004883,C00434,"October 20, 2024", 22.54 ,N/A,In-Store
T004604,C00172,"February 26, 2024",235.59,4,Mobile
T003961,C00165,"July 19, 2024",122.62,5, mobile
T003949, C00427 ,21/07/2024, 148.54 ,3,web
T005058,C00843,"July 23, 2024",$140.78,,web
T003207,C00588,09/08/2024,206.25,5,In-Store
T003407,C00612,2024-01-10, 136.74 ,4,in-store
T001215,C00030,06/12/2024,49.10,5,In-Store
T000329,C00820,22/01/2024,$149.67,5,WEB 
T004315, C00746 ,2024-10-12T17:41:00Z,187.03,2,web
T006598,C00517,2024-08-15T23:16:00Z,$219.32,2,Mobile
T002271,C00741,2024-12-28T14:25:00Z,140.22,N/A, mobile
T007160,C00245,23/04/2024,$134.11,5, mobile
T000890,C00317,2024-09-03T17:30:00Z,146.44,4,Mobile
T006995, C00218 ,"February 28, 2024", 3.58 ,1,Mobile
T001455, C00900 ,12/07/2024, 199.67 ,1,WEB 
T007282,C00421,13/01/2024,$67.28,4,Mobile
T005935, C00262 ,"October 9, 2024",$1.00,4,Mobile
T004134,C00174,01/02/2024,$202.01,5,Mobile
T002845,C00432,"September 22, 2024",67.11,4,Mobile
T007911,C00540,23/05/2024, 28.15 ,1,In-Store
T006894,C00545,"December 4, 2024",$1.00,5,Web
T004808,C00729,2024-05-13T22:43:00Z,$34.67,1,in-store
T006088,C00440,2024-12-27T07:10:00Z, 73.21 ,2,In-Store
T006885,C00085,24/04/2024, 174.80 ,1,in-store
T005276,C00423,"February 28, 2024",218.11,5, mobile
T003775,C00073,"November 28, 2024", 11.67 ,5, mobile
T001605,C00046,"October 15, 2024",$129.03,3,WEB 
T001896,C00186,2024-12-11T04:31:00Z, 181.00 ,3,Web
T003502,C00871,2024-12-27T05:27:00Z,$12.98,5,In-Store
T005229,C00862,"December 14, 2024",$235.30,5, mobile
T006863,C00751,2024-11-02T13:21:00Z, 108.51 ,1,Web
T005854,C00232,2024-10-15, 165.13 ,2,Web
T002594,C00577,09/11/2024, 44.14 ,5,web
T001109,C00362,2024-02-05T14:04:00Z,146.14,3,Mobile
T007069,C00360,2024-11-18, 157.57 ,2,web
T003367,C00153,10/06/2024,$137.22,4,Mobile
T006263,C00594,2024-11-13T12:17:00Z, 50.87 ,2,Web
T005512,C00009,2024-01-16T16:14:00Z, 107.04 ,3,WEB 
T002509,C00138,2024-12-17T04:17:00Z,39.03,null, mobile
T002030,C00819,2024-10-10,104.72,1,Mobile
T006090,C00013,2024-01-06T09:37:00Z,138.87,3,web
T001342, C00430 ,23/09/2024,$87.58,2,Mobile
T005214,C00456,"March 4, 2024",$19.56,3,Mobile
T002218,C00386,"July 23, 2024",$118.58,1,in-store
T005967,C00131,03/06/2024,$50.36,5, mobile
T002396, C00096 ,2024-01-20T13:47:00Z, 75.32 ,1,Web
T007440,C00019,"July 21, 2024",180.19,, mobile
T005009,C00873,2024-05-27, 101.88 ,3,In-Store
T005384,C00184,2024-06-21T12:18:00Z,$91.99,3,in-store
T001291,C00049,"July 8, 2024",159.01,3, mobile
T003529,C00189,2024-09-28T17:25:00Z, 209.34 ,4,Web
T007893,C00293,18/09/2024,151.95,2,web
T004669,C00434,2024-06-04T20:55:00Z, 256.18 ,3,Web
T007674,C00675,2024-07-11, 60.88 ,2,WEB 
T006113,C00105,2024-02-16,$51.53,null,In-Store
T002922,C00244,2024-11-22, 12.05 ,5,in-store
T001814, C00705 ,15/04/2024,$95.75,4,In-Store
T002977,C00051,2024-11-03, 160.16 ,2,Web
T001837,C00074,"April 1, 2024", 161.23 ,1,In-Store
T007837,C00670,2024-02-26T10:05:00Z, 104.86 ,5,In-Store
T005262,C00371,2024-10-05T04:26:00Z, 63.35 ,5,In-Store
T000629, C00023 ,04/03/2024, 91.02 ,4,Mobile
T004614,C00102,03/12/2024,112.21,5,WEB 
T002569,C00607,17/11/2024,$108.60,5,web
T000957,C00702,24/09/2024,$136.63,4,web
T007431,C00778,2024-02-24T12:39:00Z,127.86,2, mobile
T006620,C00030,"August 27, 2024",201.02,5,In-Store
T004319,C00420,2024-09-19, 148.89 ,4,in-store
T005763,C00139,15/04/2024,181.38,2, mobile
T006719,C00733,02/02/2024, 141.31 ,5,Mobile
T005331, C00403 ,2024-02-09T14:57:00Z, 181.68 ,,In-Store
T003718,C00018,2024-09-08T03:10:00Z,171.39,4,In-Store
T004658,C00061,2024-11-02T12:10:00Z,116.35,4,Mobile
T006279,C00260,14/02/2024,$162.67,5,Web
T001569,C00798,"August 23, 2024", 100.16 ,2,in-store
T005238,C00451,28/11/2024, 111.26 ,2,Web
T002681,C00405,2024-12-11,115.04,5,in-store
T002214,C00018,"January 21, 2024",184.01,4,web
T005412,C00359,"October 16, 2024",85.86,5,Web
T005378, C00344 ,24/11/2024, 45.39 ,3,web
T001802, C00381 ,"October 10, 2024",252.02,4,Web
T000620,C00095,"November 6, 2024",$79.66,5,in-store
T003292, C00620 ,"May 17, 2024",109.98,3,Web
T006215,C00849,2024-06-24,$1.00,5,web
T003650,C00372,14/01/2024, 145.27 ,1,Web
T003431,C00874,16/05/2024,$91.80,3,Mobile
T000619,C00523,2024-04-16,$74.54,4,Web
T006696,C00900,2024-10-18,$41.75,2,Mobile
T000346,C00403,2024-06-16,27.74,4,Web
T000333,C00760,2024-09-13,$66.27,1,Web
T002026,C00390,2024-09-24T10:18:00Z,121.32,2,web
T002280,C00835,2024-04-24T13:11:00Z, 133.56 ,3,Mobile
T004680,C00407,2024-06-15,$226.43,3,WEB 
T003867,C00659,2024-02-27T22:11:00Z,41.66,1,web
T002378,C00153,2024-12-15T11:29:00Z, 117.73 ,5,in-store
T002636,C00241,2024-12-01T13:22:00Z, 206.36 ,4,web
T005899,C00816,2024-07-04,$129.66,2,Mobile
T004966,C00427,2024-12-08,130.41,3, mobile
T001956,C00143,2024-08-17,100.64,3,Web
T001998,C00124,27/06/2024,$141.26,4,WEB 
T007900, C00665 ,05/02/2024, 121.79 ,1,In-Store
T000470,C00346,"June 17, 2024",$84.12,4,in-store
T002386, C00885 ,2024-02-25, 127.72 ,5,In-Store
T003646,C00840,"September 3, 2024",$157.69,5,web
T007555,C00281,"January 12, 2024",$65.97,3, mobile
T007554,C00168,19/02/2024,1.00,4,WEB 
T003887, C00681 ,2024-09-11T17:51:00Z, 205.18 ,5,Web
T007241,C00473,"August 14, 2024", 132.66 ,2,web
T004084,C00449,2024-06-27T18:49:00Z,$213.71,5,in-store
T006490,C00611,2024-10-16T12:49:00Z,210.50,1,WEB 
T004540,C00867,2024-07-13,$161.39,3,Mobile
T000598,C00246,2024-12-09T22:46:00Z,$76.81,1,web
T007122, C00481 ,2024-09-13,$82.15,3,web
T005372,C00009,2024-02-12,$239.89,4,Mobile
T005770,C00647,2024-05-02T17:43:00Z,128.85,4,web
T003459,C00436,21/12/2024,$39.35,2,Mobile
T004806,C00694,13/10/2024, 210.60 ,2,Mobile
T001653,C00008,2024-09-02T10:56:00Z, 166.25 ,4,Web
T003600,C00344,"December 11, 2024", 195.19 ,4,WEB 
T003550,C00010,"October 3, 2024",58.27,5, mobile
T004822, C00468 ,25/01/2024,$74.72,3,Mobile
T005760,C00056,2024-04-19,$142.89,3,in-store
T004488,C00512,07/11/2024,175.13,2,In-Store
T003624,C00149,02/03/2024,$164.14,4,Mobile
T007208,C00110,2024-02-25T05:48:00Z,$110.16,3,In-Store
T005432,C00808,"January 7, 2024", 97.59 ,2, mobile
T005883, C00173 ,2024-10-10, 193.42 ,5,web
T004171,C00370,2024-02-01, 147.16 ,2,In-Store
T004491,C00335,2024-05-01T08:12:00Z, 137.47 ,5,Mobile
T004581,C00211,2024-02-11, 218.10 ,1,WEB 
T000095,C00288,19/11/2024,$154.00,2,web
T001255,C00215,21/08/2024,$184.85,4,Mobile
T004068,C00069,04/12/2024,173.12,4,In-Store
T003212,C00133,"October 1, 2024",$89.88,3,In-Store
T007994,C00361,"November 18, 2024", 83.68 ,4,Web
T004612,C00215,"May 19, 2024", 97.76 ,4,in-store
T003037,C00259,2024-08-11T19:49:00Z, 42.44 ,3,Mobile
T001417, C00319 ,2024-01-28T17:04:00Z,62.21,3,In-Store
T001611,C00859,2024-08-28, 43.75 ,4,WEB 
T004721,C00167,02/07/2024,168.67,2,Mobile
T007638,C00031,"March 12, 2024", 132.90 ,4,Mobile
T000212,C00445,"November 9, 2024",$113.02,5,Web
T007829,C00093,"December 10, 2024", 216.78 ,5,Web
T007357,C00377,14/03/2024,$47.00,1,WEB 
T004358,C00434,25/01/2024,$46.81,4,WEB 
T001055, C00536 ,"September 27, 2024", 122.30 ,3,Mobile
T004885,C00276,01/03/2024,12.15,1,Mobile
T006104,C00657,2024-08-01, 143.53 ,  ,web
T005369,C00458,"January 14, 2024",$163.17,4,Mobile
T004793,C00615,2024-11-05, 136.37 ,2,WEB 
T007499,C00426,2024-04-04,$39.49,5,web
T000785,C00530,"May 5, 2024",$117.44,3,In-Store
T002109,C00413,08/09/2024,110.17,3,web
T003798,C00514,"March 21, 2024",49.98,4,WEB 
T003835,C00891,24/03/2024,107.30,5,Web
T004245,C00864,"February 2, 2024",101.82,3,web
T000586,C00819,2024-09-12T16:26:00Z, 76.30 ,5, mobile
T000163,C00245,"October 2, 2024",$123.76,2,web
T000893,C00152,2024-02-09,$208.00,5,in-store
T000452,C00679,2024-01-18T23:21:00Z,199.53,4, mobile
T003741,C00758,2024-03-01T16:57:00Z, 191.91 ,5, mobile
T005373, C00016 ,2024-06-15T14:21:00Z,$135.07,3,In-Store
T004061,C00537,2024-07-11T15:14:00Z,$245.72,5,in-store
T003051, C00567 ,2024-02-02, 47.89 ,3,Web
T000533,C00729,"January 5, 2024",$48.63,5,In-Store
T003062, C00094 ,"November 21, 2024",100.13,5,web
T007139,C00590,2024-03-19T05:24:00Z,239.24,1,Mobile
T004026,C00879,2024-09-22T03:18:00Z,68.35,4, mobile
T005462,C00746,27/05/2024, 126.20 ,2,In-Store
T004815,C00005,27/03/2024,$66.88,4,web
T005609,C00522,"November 11, 2024",$42.47,2, mobile
T000249,C00640,2024-04-09T01:29:00Z,$241.93,4,WEB 
T003976,C00368,08/10/2024, 127.33 ,4,web
T004803,C00513,2024-03-07T20:55:00Z,179.90,2,WEB 
T000667,C00077,19/09/2024,215.50,1,In-Store
T000701,C00850,"February 21, 2024",$28.82,1,WEB 
T000756,C00377,2024-10-07,104.97,4,In-Store
T002785,C00217,2024-05-11T10:12:00Z, 238.27 ,3,in-store
T007330,C00826,23/01/2024, 48.08 ,5,Web
T004145,C00348,08/01/2024,160.22,5,In-Store
T006311,C00361,"October 16, 2024",$92.43,3, mobile
T004786,C00836,"April 7, 2024",$155.58,NA,web
T007888,C00607,2024-05-14T05:16:00Z,115.38,5,WEB 
T007886,C00715,2024-12-13T01:46:00Z,160.89,4, mobile
T004277,C00778,03/03/2024,215.88,4,Web
T007089,C00545,2024-04-10T13:51:00Z,200.35,3,Web
T007879,C00718,2024-07-18, 118.14 ,3,Mobile
T001323,C00837,"September 20, 2024",$7.70,4,WEB 
T002930,C00518,2024-05-28T11:43:00Z,$62.52,4,web
T004126,C00324,"June 11, 2024",191.82,3,Web
T003227,C00322,2024-03-23,$128.54,2,Mobile
T002612,C00430,08/12/2024, 50.99 ,3,In-Store
T002751,C00850,2024-11-26,96.00,3,Mobile
T007244,C00511,2024-10-02,$189.31,4,Mobile
T004468,C00046,"December 24, 2024",162.52,2,In-Store
T000613,C00837,2024-03-10T20:59:00Z,127.53,4,in-store
T007345,C00452,2024-05-01T12:41:00Z,159.13,2,In-Store
T002366,C00575,2024-12-04T08:40:00Z,119.09,1,Mobile
T002441,C00228,2024-08-22T13:12:00Z, 83.79 ,4, mobile
T001983,C00349,2024-10-13,11.64,4,web
T003168,C00684,2024-09-03,$233.17,4,In-Store
T004014,C00692,"April 5, 2024",$110.12,5, mobile
T006575,C00674,07/03/2024, 196.28 ,5,WEB 
T001241,C00331,"March 28, 2024",$156.51,5,web
T003014,C00528,"June 8, 2024",$282.56,N/A,In-Store
T002142,C00604,"April 2, 2024",$81.55,2,WEB 
T007512,C00779,"March 26, 2024",$131.23,2,Web
T001865,C00304,17/04/2024,161.08,5,In-Store
T007290,C00814,2024-04-24T17:59:00Z,183.52,3,In-Store
T004030,C00771,2024-06-09T11:42:00Z,121.24,1,WEB 
T002987,C00593,2024-06-05T16:25:00Z, 179.24 ,3,Web
T000969,C00688,21/04/2024, 149.89 ,3,WEB 
T007378,C00051,"February 24, 2024",$69.69,,WEB 
T001331, C00060 ,"March 21, 2024", 260.36 ,2,web
T003876,C00435,2024-12-06T06:17:00Z,106.73,3, mobile
T004630,C00194,2024-11-15, 144.76 ,4,Web
T004903, C00328 ,"April 7, 2024",$67.07,2,WEB 
T001434,C00711,"July 13, 2024", 136.15 ,3,WEB 
T007910,C00398,2024-01-27,$196.19,2,in-store
T000420,C00547,03/05/2024, 187.81 ,3,WEB 
T000193,C00733,2024-10-22,$88.80,5, mobile
T003870,C00781,2024-05-10T06:07:00Z, 53.23 ,5,in-store
T006230,C00051,2024-07-24T06:16:00Z,204.51,5,In-Store
T006615,C00866,2024-07-13, 107.47 ,,in-store
T006926,C00530,2024-01-24,142.54,5, mobile
T004882,C00570,2024-12-08, 160.12 ,3,in-store
T004745,C00505,27/09/2024,75.20,4,WEB 
T006589,C00626,"December 22, 2024",$146.77,1,web
T001618,C00014,2024-02-10,$149.07,4,web
T003681,C00366,"June 17, 2024",$173.21,3,Web
T003715,C00359,2024-11-05,116.63,1,WEB 
T002876, C00386 ,02/10/2024,$96.88,2,web
T003690, C00333 ,24/03/2024,$108.39,5,In-Store
T004096,C00223,2024-03-28,$63.21,2,Web
T002945,C00632,13/04/2024,$117.85,4,Web
T007766, C00642 ,17/11/2024,$99.23,2,in-store
T004120, C00102 ,01/05/2024,$110.71,3,WEB 
T000404,C00130,2024-07-12,$71.82,1, mobile
T000532,C00795,2024-03-21T10:57:00Z,$130.27,1,Web
T006994,C00287,28/01/2024,105.97,5,web
T001575,C00007,"May 16, 2024",$123.55,4,In-Store
T006804,C00643,28/07/2024, 129.61 ,2,Mobile
T006022,C00880,13/08/2024,$1.00,5,Mobile
T000318,C00227,2024-07-23T02:48:00Z,$70.33,4, mobile
T001075,C00825,"April 22, 2024",$80.71,2,Mobile
T007197,C00280,2024-01-07,105.92,2,Web
T006163,C00460,2024-11-06,$161.62,2,In-Store
T005421,C00620,2024-01-03,$204.89,5,web
T007961,C00735,"September 22, 2024",71.55,3,Web
T000284,C00898,"July 5, 2024",$64.84,2,WEB 
T007438,C00109,"November 16, 2024", 179.66 ,3, mobile
T001781,C00394,"August 17, 2024",$18.13,4,Web
T001830,C00347,2024-07-23T22:42:00Z,$89.31,3, mobile
T007859,C00282,2024-10-26T04:52:00Z,$142.92,3, mobile
T004255,C00694,2024-01-17,119.39,3,Web
T003319,C00182,2024-07-22T04:11:00Z, 120.96 ,4,Web
T001422,C00797,"April 6, 2024", 136.01 ,4,in-store
T004220,C00004,"December 16, 2024",72.80,4,in-store
T005543, C00326 ,2024-05-21T08:14:00Z,$111.23,2,Mobile
T001734, C00007 ,04/04/2024,$216.72,3, mobile
T003410, C00606 ,2024-01-24, 139.31 ,,WEB 
T004580,C00291,2024-11-27T04:31:00Z,126.59,1,In-Store
T006565,C00822,14/08/2024, 1.00 ,1, mobile
T006349,C00199,"August 17, 2024", 1.00 ,2,WEB 
T004965,C00745,06/12/2024,$181.22,5,In-Store
T000670,C00112,2024-07-10T00:53:00Z,$61.39,1,WEB 
T000222,C00314,2024-10-21T05:32:00Z, 94.85 ,1,web
T004481,C00221,2024-09-03T17:20:00Z, 140.48 ,2,WEB 
T006341,C00572,"February 26, 2024", 134.90 ,1,WEB 
T003789,C00681,2024-09-01, 38.90 ,4,In-Store
T005115,C00704,2024-03-01,$114.39,3,In-Store
T001623,C00243,"December 4, 2024", 1.00 ,5,WEB 
T007151,C00416,"October 9, 2024",183.43,2,web
T000930,C00135,2024-02-17,87.70,4,Web
T001221,C00703,13/06/2024,$17.44,2,Mobile
T007696,C00687,2024-02-09,$145.95,4,Web
T003119,C00883,"July 17, 2024",32.62,,in-store
T006024,C00846,"November 7, 2024",104.52,1,in-store
T007588,C00282,"February 12, 2024",174.65,3,in-store
T002296,C00105,2024-04-13T18:05:00Z,145.49,3,In-Store
T007686,C00764,23/02/2024, 179.29 ,4,web
T004467, C00373 ,2024-01-22,65.66,5,In-Store
T001298,C00557,2024-03-14T16:55:00Z, 134.92 ,1,Web
T003882, C00773 ,"December 8, 2024",$140.96,2,web
T005596,C00654,2024-05-03T12:16:00Z, 50.07 ,2,web
T004512,C00014,"August 14, 2024", 164.24 ,1,Web
T007169, C00335 ,2024-10-18,185.53,3,Web
T003058,C00520,14/08/2024,$86.20,3, mobile
T006937,C00073,2024-05-11,95.03,4,in-store
T006405,C00139,15/08/2024,$123.34,5,web
T006980,C00713,"April 4, 2024", 68.64 ,1, mobile
T006632,C00064,2024-01-11T14:32:00Z,186.94,3,Web
T003151,C00355,2024-11-05, 123.82 ,2, mobile
T004567,C00225,2024-10-28, 149.37 ,1,web
T007057,C00197,"December 13, 2024",59.26,2,Mobile
T005079,C00807,06/12/2024,28.60,1,web
T007497, C00659 ,2024-11-16,193.01,5,web
T000065,C00691,"January 25, 2024",201.70,1,WEB 
T002054,C00013,2024-01-08T16:24:00Z,$121.80,2,Web
T003318,C00137,2024-03-08,$16.78,4,Web
T005310,C00821,2024-04-23T11:34:00Z,$54.80,4,in-store
T004472, C00510 ,"May 12, 2024", 78.46 ,3,WEB 
T005556,C00286,2024-05-16T00:46:00Z, 1.00 ,4, mobile
T003683,C00437,2024-03-20,130.01,5,web
T001112,C00520,2024-04-14T21:24:00Z,$74.13,1,WEB 
T004251,C00697,2024-03-07T05:17:00Z,$18.46,1,in-store
T000567,C00114,"August 9, 2024",$76.69,5,in-store
T007980,C00597,11/08/2024,161.06,1,web
T006799,C00344,02/01/2024,39.14,3,in-store
T005598,C00304,"September 25, 2024", 1.00 ,4,web
T001039,C00224,16/07/2024,$146.37,5, mobile
T007568,C00018,2024-11-06T16:00:00Z,20.76,1,Mobile
T005533, C00627 ,"March 8, 2024", 112.37 ,1,In-Store
T006495,C00570,"December 27, 2024",$151.51,5,Web
T007541,C00315,"July 27, 2024", 172.39 ,3,Web
T001604,C00039,10/03/2024, 194.80 ,NA,In-Store
T003964,C00644,2024-09-18,$144.90,1,WEB 
T004619,C00777,2024-02-01,$6.02,5, mobile
T005930,C00737,2024-08-02, 205.81 ,3,in-store
T004077,C00502,"January 15, 2024",154.60,4,In-Store
T003960,C00571,"February 20, 2024",$153.16,5,WEB 
T001317,C00486,11/06/2024,121.59,2,In-Store
T002686,C00599,25/04/2024,$222.88,4, mobile
T007838,C00576,04/11/2024,163.00,5,In-Store
T004549,C00389,2024-12-23, 62.80 ,5, mobile
T006322,C00214,"December 25, 2024", 120.21 ,4,in-store
T001480,C00199,2024-12-20, 71.79 ,5, mobile
T004747,C00244,2024-05-19, 105.96 ,3,Web
T003932,C00025,"May 10, 2024",153.16,5,In-Store
T004643,C00264,19/12/2024, 1.00 ,1,Web
T002043,C00023,11/06/2024,106.16,4,Mobile
T003588,C00173,2024-02-19T16:45:00Z,143.44,4,WEB 
T007492,C00883,2024-02-14, 32.79 ,4,Web
T004398,C00694,20/03/2024,$196.30,N/A,Mobile
T006826,C00334,2024-07-21T22:08:00Z, 89.75 ,5,In-Store
T006867, C00876 ,"December 26, 2024", 82.52 ,4,Mobile
T003906,C00246,2024-08-21T16:19:00Z,141.70,1,In-Store
T006769,C00299,2024-02-18T14:42:00Z,$205.11,4,Mobile
T003907,C00637,"January 17, 2024",$65.60,  ,in-store
T005200,C00587,2024-03-26,181.41,5,WEB 
T004746,C00494,"February 11, 2024", 69.33 ,1,web
T007671,C00362,"April 2, 2024", 46.11 ,5, mobile
T000501, C00636 ,20/11/2024, 150.43 ,2, mobile
T003188,C00374,2024-12-06,$183.93,1,in-store
T001663,C00547,"March 22, 2024",$143.00,2,Mobile
T000354,C00515,"May 15, 2024",$135.21,4,WEB 
T000583,C00010,"September 19, 2024",150.54,3,web
T007703,C00638,"July 20, 2024", 36.15 ,4,In-Store
T003492,C00242,2024-12-13, 73.54 ,1,in-store
T001572,C00794,"March 17, 2024",$143.81,4,In-Store
T001870,C00140,07/09/2024,$102.56,5,Web
T003058,C00520,14/08/2024,$86.20,3, mobile
T006595,C00160,"June 7, 2024",142.24,1,Web
T000194,C00402,06/12/2024,$94.03,null, mobile
T002337,C00687,2024-07-19, 114.44 ,2,in-store
T006678,C00752,2024-03-28T21:42:00Z, 123.84 ,3,in-store
T002773,C00561,05/11/2024, 96.61 ,2,Mobile
T006535,C00611,"April 12, 2024",25.78,5,in-store
T001171,C00055,2024-03-13,$1.00,1, mobile
T006637,C00753,"November 17, 2024",$124.49,3,in-store
T001159,C00523,2024-11-05, 56.93 ,3,web
T005599, C00326 ,2024-01-20T01:28:00Z,$153.01,3,Mobile
T000872,C00809,25/02/2024,$206.90,5,web
T006518,C00146,2024-12-07T14:28:00Z,267.99,3,WEB 
T001437,C00129,2024-05-07T19:44:00Z,$1.00,5,Mobile
T002046,C00326,2024-11-08,$193.13,1,In-Store
T003875, C00771 ,"January 6, 2024",46.60,4,web
T005387,C00561,"December 22, 2024", 151.16 ,2,Web
T005504,C00184,2024-09-06,102.21,5,In-Store
T006236,C00148,2024-11-15,1.00,5,Mobile
T002973,C00314,2024-10-23T22:08:00Z,$173.29,4,Web
T001746, C00185 ,"January 3, 2024",$188.31,3, mobile
T004628,C00894,2024-03-04,145.89,3,in-store
T000833,C00684,23/04/2024, 83.25 ,1,Mobile
T004677,C00170,09/06/2024,$80.90,4, mobile
T003505,C00071,2024-02-10T19:01:00Z,$71.77,3,Mobile
T005248, C00137 ,"March 20, 2024", 32.66 ,3,WEB 
T000033,C00722,"October 21, 2024", 173.29 ,1,Mobile
T007307, C00019 ,2024-03-21,$81.70,4,web
T002998,C00259,2024-08-18,$130.53,5,WEB 
T006928,C00276,2024-08-18,95.73,2,Mobile
T000187,C00264,"July 17, 2024",191.59,1,Mobile
T004239,C00550,06/01/2024,$97.73,4,web
T000843,C00456,2024-07-14, 149.40 ,1,Web
T006772,C00151,"March 10, 2024",$127.80,2,in-store
T004611, C00672 ,"February 9, 2024", 140.37 ,,Mobile
T006965,C00027,2024-03-23,120.76,1, mobile
T006726,C00408,"July 1, 2024", 1.00 ,1, mobile
T003829,C00836,20/05/2024,$162.34,5,Web
T000761,C00007,"November 3, 2024",91.11,5,in-store
T005197,C00131,2024-08-12T04:18:00Z, 141.09 ,3,WEB 
T001335,C00589,2024-05-11T18:49:00Z,105.47,1,web
T000646,C00414,25/06/2024, 213.81 ,2,In-Store
T006604,C00892,2024-04-25, 106.16 ,4,Web
T000970,C00740,2024-01-13T13:08:00Z, 117.94 ,2,Web
T007273,C00484,2024-01-08,257.32,3,Web
T007236,C00848,2024-03-22T17:54:00Z, 89.95 ,4,In-Store
T003679, C00380 ,02/02/2024, 210.28 ,3,Mobile
T001385, C00252 ,25/09/2024,$127.32,2,WEB 
T005630,C00207,2024-06-23T17:32:00Z,68.81,5,Web
T007867,C00552,2024-02-11T22:01:00Z,220.21,3,Mobile
T003291, C00011 ,07/09/2024,$94.44,4,In-Store
T003678,C00826,2024-02-22T04:16:00Z,253.48,5, mobile
T002395,C00057,2024-03-27T15:06:00Z,194.22,1,In-Store
T006982,C00611,19/03/2024,$44.69,1,Web
T007120,C00865,2024-12-02T23:13:00Z,$113.25,3,WEB 
T005823,C00084,2024-09-18T21:28:00Z,$42.74,4,In-Store
T000306, C00827 ,"August 11, 2024",$145.63,, mobile
T005386,C00882,"May 15, 2024", 105.86 ,4, mobile
T001454,C00666,"November 20, 2024", 165.22 ,4,Mobile
T003213,C00573,27/06/2024,162.59,3,Mobile
T006948,C00657,2024-03-26T02:33:00Z,93.13,5,In-Store
T004245,C00864,"February 2, 2024",101.82,3,web
T002525,C00720,2024-05-28T06:10:00Z,$1.00,2,Web
T002993,C00283,2024-03-07, 75.47 ,5,In-Store
T004382,C00682,12/03/2024,$167.84,5,WEB 
T001710,C00099,"November 20, 2024",117.35,5,Web
T005917,C00834,2024-08-28T08:01:00Z, 196.74 ,2,In-Store
T000371,C00449,2024-10-27T09:45:00Z,125.12,3, mobile
T007873,C00021,2024-03-23T01:44:00Z, 205.05 ,4,in-store
T007131,C00555,2024-06-05T19:26:00Z, 153.31 ,2, mobile
T007346,C00564,19/11/2024, 80.00 ,1,in-store
T002916, C00570 ,2024-05-12T08:25:00Z,$233.59,1, mobile
T005218,C00205,2024-10-17T15:33:00Z,$156.35,3,WEB 
T007412,C00451,2024-06-15,$231.31,2,web
T001698,C00645,"April 20, 2024",$33.46,null, mobile
T004952,C00066,19/04/2024, 154.76 ,1,Web
T001952,C00270,2024-07-06, 69.50 ,3, mobile
T003067,C00607,2024-06-11,$1.00,4,In-Store
T003003,C00826,2024-12-19, 205.04 ,null, mobile
T007121,C00030,24/07/2024,$115.91,2,Web
T002826,C00363,2024-02-15T03:59:00Z,$184.34,1, mobile
T000698,C00436,01/08/2024,$141.70,3,In-Store
T002417, C00617 ,25/03/2024,60.30,5,web
T004148,C00354,22/11/2024, 161.64 ,1,web
T006625,C00473,2024-12-08,127.36,5,WEB 
T001945,C00848,11/09/2024,184.16,1,Web
T002687,C00306,03/09/2024, 155.50 ,N/A,In-Store
T006344,C00538,"September 24, 2024",226.59,5, mobile
T002497,C00615,2024-08-24, 29.67 ,2,Mobile
T006414,C00202,"April 24, 2024",$64.97,3,Mobile
T000172, C00579 ,"April 6, 2024",$211.55,1,In-Store
T001450, C00211 ,2024-04-16, 148.79 ,4,in-store
T003983,C00328,"November 15, 2024",74.36,3, mobile
T004648,C00164,"September 9, 2024",129.15,3,Mobile
T002286,C00508,10/04/2024, 67.23 ,null, mobile
T002541,C00112,"August 26, 2024",184.64,1, mobile
T003464,C00542,2024-06-04T16:39:00Z,$90.22,1,in-store
T002863,C00093,2024-11-12, 50.80 ,3,Web
T006756, C00129 ,2024-04-24,67.73,3,in-store
T004106,C00136,"April 28, 2024",$126.94,4,in-store
T006586,C00760,2024-01-14T12:51:00Z,$160.77,4,WEB 
T003159, C00522 ,2024-04-12,$167.07,3,Mobile
T001448, C00138 ,2024-06-08, 164.53 ,1,WEB 
T000416,C00748,"September 1, 2024",151.16,2,web
T001947, C00491 ,2024-10-20T11:59:00Z, 195.00 ,1,WEB 
T000113,C00233,"April 22, 2024", 74.87 ,1,Web
T007471, C00825 ,"December 18, 2024", 115.40 ,1,in-store
T003142,C00480,2024-06-27,$108.34,1,in-store
T007577,C00782,2024-08-14T10:49:00Z, 41.50 ,2,Mobile
T007507,C00723,2024-12-25T18:48:00Z,$146.02,5,Web
T005356,C00646,2024-05-03T23:00:00Z,81.00,4,In-Store
T006125,C00713,2024-11-15,49.26,2,WEB 
T004336,C00139,27/03/2024, 59.61 ,1, mobile
T005821,C00728,12/02/2024, 132.99 ,2,WEB 
T007181,C00144,21/04/2024,100.31,2,WEB 
T006865,C00623,2024-08-17T12:31:00Z,$29.28,4,Web
T007390,C00039,"October 5, 2024", 260.46 ,1,Web
T006810,C00396,2024-06-05,141.40,1,in-store
T004236,C00050,2024-08-22, 78.99 ,5,web
T000925,C00317,2024-05-03T06:07:00Z,$18.66,1,In-Store
T007921,C00339,2024-10-23, 205.11 ,,WEB 
T004154,C00510,2024-08-08,112.60,1,Mobile
T003379,C00198,"November 16, 2024",$217.76,3,web
T000914,C00877,10/07/2024, 197.78 ,2,In-Store
T006778,C00448,2024-04-27,73.77,5,web
T001191,C00283,18/02/2024,69.57,3,Web
T004024,C00665,2024-01-10,$1.00,4,web
T001978,C00346,2024-11-10,$44.21,5,in-store
T006380,C00128,"June 13, 2024",29.99,3,WEB 
T004571,C00740,04/11/2024,139.80,1,web
T000958,C00456,2024-09-13,$270.24,1,in-store
T003453,C00791,21/12/2024, 121.96 ,3, mobile
T002405,C00259,"May 1, 2024",$108.13,5,WEB 
T000679,C00124,2024-09-16T10:04:00Z,131.68,3, mobile
T007110,C00343,2024-04-20, 93.64 ,3,in-store
T003853,C00590,"August 5, 2024", 172.31 ,2,Web
T001053,C00700,2024-03-22T19:25:00Z, 188.52 ,2,web
T005689,C00025,2024-01-04T06:55:00Z, 262.17 ,2, mobile
T000655,C00005,"August 10, 2024",70.56,1,In-Store
T005130,C00363,2024-01-11, 103.58 ,1, mobile
T004185,C00393,25/06/2024, 76.35 ,5,WEB 
T001459,C00734,2024-06-04T22:29:00Z,$200.42,5,In-Store
T007967,C00094,2024-09-23T05:54:00Z, 112.30 ,2,Mobile
T003886,C00494,2024-11-24, 128.95 ,5,Web
T005591,C00646,2024-11-22,$139.93,5,web
T003566,C00100,20/02/2024,135.68,3,in-store
T002574,C00811,"January 8, 2024",111.10,2,WEB 
T001682,C00446,2024-01-25, 70.62 ,4,Web
T002857,C00479,18/03/2024,150.53,2,Mobile
T002298,C00123,"June 15, 2024", 73.88 ,3,in-store
T007296, C00268 ,2024-05-27T18:58:00Z, 179.16 ,4,Web
T006886, C00547 ,20/10/2024,$18.98,4,In-Store
T006164,C00193,2024-05-19,75.52,1,web
T000565,C00574,"March 3, 2024",72.90,5,WEB 
T006026, C00708 ,20/05/2024,80.28,1,web
T005491,C00429,16/06/2024,183.37,1,in-store
T006945, C00284 ,2024-11-09T04:02:00Z,$206.16,1,In-Store
T004158,C00673,2024-05-23T02:14:00Z,$142.71,4, mobile
T003241,C00864,2024-04-17T05:18:00Z,$184.82,3,web
T004178,C00475,2024-06-25T20:28:00Z,109.42,4,Web
T005181, C00165 ,"November 25, 2024",166.63,3,in-store
T000713,C00118,2024-08-28, 72.36 ,3,In-Store
T006935,C00513,20/12/2024,140.23,1,In-Store
T001921,C00707,23/12/2024,95.65,5,Mobile
T004966,C00427,2024-12-08,130.41,3, mobile
T005129,C00373,2024-01-20,$1.00,3,web
T007262, C00388 ,2024-01-16T12:06:00Z,42.66,1, mobile
T000888,C00775,2024-06-24,227.10,4,web
T006389,C00677,2024-08-23T08:09:00Z, 71.21 ,1,in-store
T004430,C00225,2024-07-18T14:29:00Z,$174.19,4,Mobile
T006000,C00854,2024-07-16T12:42:00Z,$112.02,4,Web
T006759,C00849,27/03/2024, 1.00 ,1, mobile
T002078,C00704,"January 12, 2024",$171.65,5,in-store
T004035, C00825 ,2024-04-23T16:48:00Z,147.87,2,in-store
T000906,C00601,03/04/2024,1.00,4, mobile
T003374,C00259,03/03/2024,$128.19,1,Mobile
T002968,C00597,2024-09-10, 82.92 ,2, mobile
T000340,C00168,2024-11-06,$20.98,5,WEB 
T001862,C00417,2024-04-25T17:34:00Z,94.30,2,WEB 
T004401,C00377,24/12/2024,180.86,4,in-store
T004998,C00856,14/04/2024,$57.14,2,Web
T004500,C00054,02/12/2024,$187.28,2,In-Store
T000339,C00246,2024-06-14,85.16,2,in-store
T004076,C00776,06/11/2024,2.25,3,Web
T005600, C00817 ,2024-05-18,$172.33,3,in-store
T005096,C00484,02/12/2024,$38.48,2,Mobile
T000253,C00626,"March 20, 2024",112.78,1,in-store
T005337,C00575,"May 9, 2024", 60.87 ,4, mobile
T005802,C00700,2024-12-13T19:43:00Z,$101.84,3,WEB 
T000972,C00799,2024-09-08,226.81,1, mobile
T005397,C00096,2024-11-26T21:28:00Z,136.60,4,Mobile
T005920,C00549,19/04/2024,206.85,4, mobile
T002451,C00255,2024-06-22T04:32:00Z,44.15,2,In-Store
T001194,C00873,2024-03-22,$90.23,2,WEB 
T004814,C00762,2024-08-19,$66.35,4,Mobile
T004372,C00590,2024-01-09, 163.88 ,5,Web
T006649,C00528,2024-03-09T04:23:00Z,89.98,1,WEB 
T003589,C00097,2024-09-03, 176.42 ,3, mobile
T005165,C00173,"June 7, 2024",141.73,5,Web
T000649,C00648,2024-09-22,$176.50,2,WEB 
T002657,C00295,"December 3, 2024", 189.64 ,2,Web
T001731,C00882,2024-08-10T01:17:00Z, 73.03 ,1,WEB 
T003297, C00094 ,"November 18, 2024", 136.18 ,2,in-store
T007017,C00789,"January 18, 2024",133.61,5,web
T000180,C00080,"October 21, 2024", 148.52 ,4,Web
T005158,C00650,18/12/2024,151.05,,Mobile
T000482,C00427,"September 22, 2024",$78.57,4,in-store
T002267,C00043,2024-09-10,91.37,4,in-store
T003135,C00822,10/07/2024,38.43,4,Web
T004644,C00690,2024-03-11T02:13:00Z, 132.29 ,2, mobile
T007749,C00191,25/03/2024,144.32,4,In-Store
T007147,C00609,"May 1, 2024", 66.52 ,1,web
T001282, C00274 ,23/07/2024, 131.92 ,,in-store
T002390,C00396,19/09/2024, 144.78 ,3,WEB 
T000103,C00773,2024-10-25,138.22,5,web
T001626,C00100,2024-07-26T22:11:00Z,84.52,4,web
T002661, C00604 ,2024-08-13, 123.40 ,4,In-Store
T001695,C00542,2024-09-21T05:24:00Z,$17.94,1,in-store
T007760, C00164 ,2024-12-22T13:24:00Z,$143.36,4,web
T002128,C00038,"June 7, 2024",18.37,5,Mobile
T007839,C00390,"March 6, 2024", 71.07 ,1, mobile
T003991,C00021,2024-01-16, 21.11 ,2,web
T006111,C00900,2024-06-22,60.39,2,In-Store
T001039,C00224,16/07/2024,$146.37,5, mobile
T001069,C00597,13/07/2024, 153.85 ,5,Mobile
T003874,C00530,2024-05-12T05:33:00Z, 102.30 ,2,Mobile
T000840,C00693,2024-09-18,1.00,4,Mobile
T000074,C00446,2024-03-27,84.45,4,In-Store
T007605,C00191,23/12/2024,1.92,1,in-store
T001768, C00770 ,2024-04-15, 35.54 ,4,WEB 
T003974,C00205,27/10/2024, 46.68 ,2,web
T004208,C00841,2024-02-05T05:48:00Z,$175.83,2,In-Store
T007395,C00039,2024-11-22T08:21:00Z,$204.01,1,in-store
T000096,C00875,2024-08-04, 1.00 ,2,WEB 
T005535,C00576,2024-06-10, 115.91 ,5,In-Store
T003498,C00302,04/03/2024,70.01,5,Web
T006312,C00847,2024-08-27,59.98,2,web
T000948, C00866 ,2024-11-11,1.00,2,WEB 
T007230,C00360,2024-03-18,159.16,2,in-store
T007905,C00452,2024-06-09,$42.68,3, mobile
T005631,C00840,2024-01-24,$86.03,1,In-Store
T002092,C00852,2024-11-06T19:27:00Z,$48.76,5,in-store
T005937,C00365,"June 26, 2024",$186.54,1,Mobile
T004079,C00851,2024-09-02T07:40:00Z,151.66,5,In-Store
T001361,C00823,"July 17, 2024",70.35,1,Web
T002003,C00873,2024-03-01T07:08:00Z,$138.96,null,web
T006841,C00135,2024-12-15, 207.64 ,2, mobile
T002062,C00605,2024-03-23,$99.92,4,In-Store
T007426,C00332,23/11/2024, 148.63 ,2,web
T001545,C00889,2024-01-26,43.78,1, mobile
T006364,C00706,"September 19, 2024",55.32,5,Mobile
T001900,C00058,"March 5, 2024",104.13,1,Mobile
T005420,C00311,18/04/2024,149.34,1, mobile
T003157,C00618,"July 15, 2024", 70.26 ,3,Mobile
T004884, C00446 ,"August 9, 2024", 106.63 ,1,In-Store
T003010,C00241,2024-02-25,114.11,5,In-Store
T002553,C00684,2024-06-23, 24.06 ,3,in-store
T004080, C00378 ,2024-01-10,$57.15,  ,WEB 
T005447, C00849 ,22/02/2024,17.11,4,WEB 
T006094,C00800,12/12/2024,$182.97,5,WEB 
T000083,C00554,2024-09-28T19:02:00Z, 30.17 ,1,In-Store
T004324,C00384,28/07/2024,107.80,4,Mobile
T002248, C00116 ,2024-07-02, 241.53 ,1,in-store
T001995,C00027,2024-01-12T19:01:00Z, 77.45 ,5,web
T007152,C00548,15/02/2024, 119.85 ,1, mobile
T001540,C00028,"September 11, 2024",$116.43,2,Web
T007316,C00368,2024-01-11,$87.07,2,Web
T006099,C00390,2024-04-21T23:41:00Z,$161.66,5,Web
T007697,C00279,2024-05-18, 112.15 ,1,In-Store
T000178,C00040,"October 7, 2024",$116.22,1, mobile
T006457,C00142,"September 9, 2024", 157.87 ,2,Mobile
T007119,C00314,"January 15, 2024", 184.53 ,3,In-Store
T003780,C00193,2024-10-08T17:11:00Z, 91.49 ,5,In-Store
T004651,C00699,2024-01-11,$104.58,2, mobile
T006755,C00572,"March 27, 2024",$189.47,5,Web
T006360,C00193,27/03/2024,$59.67,1,Mobile
T000527,C00811,2024-03-26T09:11:00Z, 110.07 ,4,web
T004012,C00066,2024-02-05, 59.02 ,2,Web
T001773,C00407,18/03/2024,133.43,4,Web
T001220,C00672,2024-12-18T23:07:00Z,54.37,NA,In-Store
T004100,C00007,28/07/2024, 113.88 ,, mobile
T001103,C00127,2024-01-12T22:39:00Z,$167.25,4,Web
T001324,C00665,2024-05-06, 215.29 ,3,in-store
T007877,C00736,2024-05-24T04:14:00Z,$107.12,4,WEB 
T007244,C00511,2024-10-02,$189.31,4,Mobile
T005078,C00305,2024-08-22, 103.07 ,5,in-store
T007206,C00387,"August 18, 2024", 150.43 ,1,In-Store
T003406,C00843,2024-01-23T07:07:00Z,229.06,3,WEB 
T002477,C00135,"July 27, 2024", 51.72 ,4, mobile
T002406,C00579,2024-04-28, 74.92 ,2,In-Store
T006730,C00118,2024-06-13T16:38:00Z,$80.62,3,In-Store
T006724,C00846,2024-06-05T08:59:00Z,78.36,3,web
T001828,C00608,"October 19, 2024",$129.27,3,In-Store
T001953, C00482 ,2024-06-04T14:00:00Z,$54.72,4,WEB 
T006765,C00130,"February 11, 2024",130.54,1,Mobile
T006307,C00653,2024-02-13T14:39:00Z,122.45,5,WEB 
T005011,C00781,"February 5, 2024",145.50,1,in-store
T006618,C00027,10/01/2024,63.46,3,in-store
T000778,C00115,04/07/2024,75.90,4,Web
T001833,C00099,2024-07-09,$21.33,5,Web
T004637,C00537,2024-12-27T22:08:00Z,57.03,NA,Web
T004422,C00423,"August 11, 2024",$162.42,2,web
T006469,C00064,05/04/2024, 84.37 ,5, mobile
T003635, C00533 ,08/08/2024, 43.95 ,4,In-Store
T002965,C00123,2024-05-10,$117.55,4,WEB 
T006850,C00188,2024-12-07, 82.23 ,2,web
T004478, C00482 ,2024-05-01T19:35:00Z,151.18,3, mobile
T004323,C00816,03/03/2024,$105.15,1,WEB 
T000236,C00519,"January 28, 2024",128.43,  ,Mobile
T006525,C00691,2024-04-24T00:56:00Z, 156.04 ,3,web
T003902,C00876,"October 18, 2024", 190.98 ,2,WEB 
T000656,C00615,2024-04-14T20:53:00Z,222.76,4, mobile
T001106,C00436,2024-12-09T01:28:00Z,90.79,4,web
T001077,C00476,2024-02-12,$1.00,3,Web
T002329,C00445,"May 9, 2024",$148.34,1, mobile
T000637, C00260 ,2024-10-24,136.79,1,In-Store
T000483,C00676,08/06/2024, 93.76 ,2,Mobile
T004073,C00646,04/10/2024,$41.04,1,in-store
T007589,C00286,2024-09-14, 129.03 ,1,web
T002577,C00751,23/05/2024,$198.76,1,in-store
T001407,C00148,2024-10-15T09:16:00Z,31.91,2, mobile
T002718,C00505,2024-08-12T21:36:00Z, 131.68 ,4, mobile
T005481,C00818,03/01/2024, 201.47 ,2,WEB 
T006225,C00182,2024-07-18T00:43:00Z, 138.87 ,2,Mobile
T000654,C00540,2024-04-12T07:52:00Z, 61.10 ,5,Web
T004131,C00279,2024-09-15,$146.84,4,In-Store
T005515,C00511,09/07/2024,142.01,4,Web
T006460,C00480,2024-08-10,$138.21,1,in-store
T006323,C00505,2024-07-25T03:30:00Z, 153.35 ,1,web
T000757,C00796,2024-08-13T22:51:00Z,244.79,4,in-store
T006391,C00482,2024-12-09T16:58:00Z,185.20,3,In-Store
T001525,C00559,2024-09-02,$67.49,1, mobile
T007755,C00355,2024-12-27, 117.43 ,2,Mobile
T002434, C00182 ,"October 6, 2024", 127.01 ,3,Mobile
T003922, C00665 ,26/09/2024,241.45,2,web
T001307,C00129,2024-11-22,104.19,4,Mobile
T000987, C00441 ,04/06/2024, 28.31 ,5,In-Store
T004629,C00184,2024-07-05, 1.00 ,3,In-Store
T006428, C00521 ,2024-04-13, 141.48 ,3,in-store
T002028,C00631,24/10/2024,78.94,5,in-store
T001279,C00370,2024-07-12T03:55:00Z, 162.21 ,  ,Mobile
T007243,C00292,2024-12-16T05:57:00Z, 297.04 ,4,Web
T005203, C00374 ,2024-06-08T08:59:00Z,171.63,5,in-store
T004854, C00643 ,10/01/2024,150.12,5,WEB 
T002185,C00421,"May 26, 2024",1.00,2,Mobile
T000489,C00101,"December 27, 2024", 1.00 ,5,web
T007024,C00089,2024-06-27,$214.25,5,WEB 
T004908,C00452,2024-05-02T08:25:00Z,$132.74,1,In-Store
T003265, C00873 ,2024-10-27T22:40:00Z,$115.74,2,web
T004936, C00049 ,"February 23, 2024",$16.57,2,Web
T006933,C00737,26/03/2024, 118.86 ,3,Web
T006126,C00579,2024-10-26T06:57:00Z,226.17,3,web
T004596,C00164,"April 20, 2024", 173.81 ,5,Web
T001415,C00796,2024-12-25T01:16:00Z, 80.69 ,5,WEB 
T004004,C00618,"February 9, 2024",137.40,5,Web
T005980,C00745,21/08/2024, 64.66 ,2,web
T007738,C00683,"November 6, 2024",$45.50,3,Web
T007441,C00081,21/07/2024, 133.82 ,5, mobile
T004553,C00352,2024-07-01T23:33:00Z,$36.10,, mobile
T005952,C00823,"October 1, 2024",91.58,2,In-Store
T006262,C00343,06/03/2024,$1.00,5,Web
T000829,C00402,03/06/2024,177.59,3,Web
T007374, C00618 ,"September 11, 2024",$200.10,1,in-store
T001906,C00262,"June 5, 2024", 1.00 ,1,in-store
T004962,C00417,24/10/2024,$170.61,1,in-store
T001469,C00256,2024-02-06T01:57:00Z,$179.10,4,In-Store
T000941,C00649,2024-07-25T03:34:00Z,$50.17,4,in-store
T002042,C00766,"November 16, 2024",$133.80,5, mobile
T004121,C00812,2024-01-08T03:09:00Z, 216.14 ,1,in-store
T007800,C00479,2024-02-07,136.05,1,Mobile
T002757,C00099,2024-09-08T17:56:00Z, 22.44 ,  , mobile
T000075,C00838,2024-11-22T04:32:00Z,154.42,3,in-store
T003928,C00760,2024-05-23T13:40:00Z, 110.10 ,2,web
T006410,C00888,19/04/2024,$133.57,2,WEB 
T005178,C00742,"May 16, 2024",$94.87,5,In-Store
T007604,C00148,"January 26, 2024",49.57,5,web
T002992,C00206,"March 11, 2024",96.23,3,In-Store
T001418,C00855,2024-06-05, 112.42 ,2, mobile
T006805,C00051,2024-05-08T17:59:00Z, 284.67 ,4,In-Store
T006699,C00001,2024-08-26,$137.57,1,web
T003393,C00464,12/11/2024, 268.20 ,2,Mobile
T002802,C00082,2024-07-26T19:48:00Z, 53.80 ,5,In-Store
T007418,C00695,13/08/2024, 143.40 ,3,In-Store
T003013,C00330,2024-04-27, 71.94 ,2,Mobile
T007609,C00782,2024-10-01T20:40:00Z,$113.86,1,Mobile
T004168,C00270,20/08/2024,$68.96,2,Mobile
T006932,C00117,2024-11-15,174.08,5,in-store
T001897,C00174,01/12/2024, 178.88 ,3,web
T002314,C00606,2024-06-27,$121.01,5,WEB 
T007313,C00600,"April 21, 2024", 82.41 ,4,Mobile
T002516,C00169,"August 4, 2024",$56.02,2,web
T001852,C00585,"September 15, 2024",244.63,4, mobile
T003708,C00633,07/06/2024, 103.84 ,1, mobile
T003457, C00521 ,"August 1, 2024",265.72,, mobile
T002500,C00066,"June 25, 2024", 43.91 ,1,Mobile
T004724,C00554,2024-09-23T09:53:00Z,$192.81,5, mobile
T000993,C00774,2024-11-25,$97.53,1, mobile
T001881,C00012,"April 7, 2024", 197.82 ,4,Mobile
T000170,C00341,2024-01-20T08:17:00Z,$124.62,3,Web
T000461,C00433,"January 1, 2024", 1.00 ,2,in-store
T007337,C00210,"April 18, 2024", 68.52 ,4,Mobile
T004665,C00471,2024-09-02, 96.99 ,3,Web
T005164,C00597,2024-02-19,151.93,5,in-store
T006674, C00556 ,20/09/2024,53.95,4, mobile
T006840,C00438,01/09/2024, 94.20 ,2,Mobile
T004193,C00007,2024-04-06, 188.99 ,1,Web
T002870,C00395,2024-06-27T19:57:00Z, 35.12 ,2, mobile
T001940,C00467,10/09/2024,29.22,2,web
T001584,C00817,"September 9, 2024",$78.11,2,web
T004852,C00743,27/04/2024, 200.56 ,1,in-store
T000928,C00700,2024-04-20T20:14:00Z,58.91,3,web
T000438,C00219,"October 12, 2024",$216.00,2,In-Store
T005295,C00476,2024-11-19T01:48:00Z,$261.50,4,In-Store
T005695,C00241,"May 1, 2024",$86.24,1,Mobile
T004213,C00791,"May 26, 2024",76.48,2, mobile
T006634,C00593,21/06/2024,1.00,4,Web
T002488,C00341,"May 22, 2024",48.50,1,Web
T000547,C00867,"August 1, 2024",199.28,2,In-Store
T000816,C00621,2024-09-23,$51.03,2,Web
T005139,C00120,"August 7, 2024", 44.35 ,3,in-store
T005014,C00459,"July 6, 2024",52.58,4,In-Store
T004502,C00196,2024-12-26, 163.32 ,4, mobile
T001558, C00038 ,"January 4, 2024",249.16,4, mobile
T003080,C00495,"April 15, 2024", 172.43 ,5,Web
T004264,C00549,2024-10-17,65.53,2,Mobile
T005443,C00012,09/01/2024,$58.76,2,web
T001181,C00810,2024-08-19T09:11:00Z,$167.71,  , mobile
T002031,C00694,13/11/2024, 111.58 ,4,web
T002710,C00399,18/03/2024, 32.05 ,5,web
T004426,C00151,"June 22, 2024",$123.42,2,In-Store
T001975, C00635 ,"October 25, 2024", 58.03 ,3,in-store
T005655,C00739,15/03/2024,$171.13,4, mobile
T003040,C00628,2024-02-18T19:10:00Z, 136.91 ,1,Mobile
T005023,C00470,"September 27, 2024",$146.51,4,In-Store
T001793,C00758,13/09/2024,$137.98,1,web
T005546,C00317,10/01/2024,136.82,4,In-Store
T004861,C00116,2024-11-15,115.40,2,Mobile
T005623,C00754,2024-06-04T17:02:00Z,$41.96,3, mobile
T007317,C00164,24/05/2024, 117.08 ,null,Mobile
T006390,C00466,"November 11, 2024", 117.64 ,3,In-Store
T002832,C00420,21/10/2024, 199.01 ,  , mobile
T007684,C00787,2024-04-02,$97.48,3, mobile
T006884,C00644,"April 25, 2024", 205.67 ,1, mobile
T003175,C00175,2024-05-12, 67.09 ,null,Web
T006712,C00240,"September 6, 2024", 92.94 ,2,Mobile
T005720,C00568,2024-12-23T10:46:00Z, 172.90 ,1,WEB 
T003947,C00114,"April 25, 2024",64.68,5,in-store
T004961,C00290,10/03/2024,124.83,5,web
T000406,C00517,2024-02-12T12:33:00Z,89.08,3,Mobile
T004892,C00499,2024-02-05, 75.50 ,3,WEB 
T006282,C00034,2024-01-17, 126.75 ,4,WEB 
T003280,C00156,"March 27, 2024",276.48,3,Mobile
T003365,C00813,"October 17, 2024",109.32,2, mobile
T002284,C00466,2024-11-08T16:54:00Z,129.91,5, mobile
T007254,C00234,2024-03-25T02:44:00Z,$108.29,null,Web
T002435,C00181,04/12/2024, 98.81 ,1,web
T005286,C00349,"December 28, 2024",1.00,3,Mobile
T007292,C00130,"March 19, 2024",$22.02,1,In-Store
T007213,C00605,"May 9, 2024", 23.02 ,5,web
T001097,C00558,2024-09-12T17:11:00Z,217.29,NA,web
T000695,C00029,2024-05-17,81.98,2, mobile
T006298,C00665,"June 27, 2024", 80.52 ,3,web
T006523,C00812,06/06/2024,$148.94,5, mobile
T002628,C00787,2024-10-11,111.66,5,web
T000918,C00058,"September 14, 2024",$85.83,2,In-Store
T005683,C00898,2024-09-09T14:10:00Z, 111.91 ,4,Web
T002416,C00534,"February 8, 2024",70.78,2,Mobile
T002393,C00356,"March 5, 2024", 156.70 ,3,in-store
T001249,C00311,"April 20, 2024",$89.41,1,Mobile
T007915,C00364,16/05/2024,42.98,  ,WEB 
T003004,C00219,2024-09-06T17:20:00Z,$141.49,1,WEB 
T001783,C00004,23/11/2024, 247.82 ,5, mobile
T004779,C00867,2024-05-17T15:49:00Z,138.85,1, mobile
T003112,C00565,2024-04-21,82.22,1,In-Store
T007854,C00554,2024-01-24, 124.66 ,4,in-store
T006145,C00301,2024-06-23, 202.68 ,5,WEB 
T001430,C00361,2024-03-24, 155.13 ,2,Mobile
T006956,C00396,27/12/2024,62.07,5,Mobile
T005487,C00023,"March 17, 2024",28.70,3,WEB 
T006529,C00429,"March 16, 2024", 155.04 ,2, mobile
T003553, C00510 ,2024-01-12T22:33:00Z,$115.42,5,in-store
T005562,C00300,2024-02-05T18:18:00Z,55.32,5, mobile
T000213,C00385,2024-02-14,$240.16,4,Mobile
T002861,C00501,07/04/2024,$1.00,4,web
T002475,C00886,20/09/2024, 91.56 ,4,web
T002835,C00444,2024-02-02, 87.32 ,3,In-Store
T006051,C00510,"March 17, 2024", 88.17 ,3,web
T005926,C00768,09/08/2024,155.05,3,web
T005300,C00006,2024-03-17,97.27,3,web
T005807,C00400,"April 15, 2024",252.41,4,in-store
T005494,C00843,07/04/2024,61.46,3,Web
T006798,C00101,2024-10-12T21:25:00Z,158.76,1,Web
T002208,C00487,2024-07-25T16:34:00Z,$137.38,1,Mobile
T002491, C00019 ,2024-02-14T15:01:00Z, 150.45 ,3,in-store
T004788,C00364,12/01/2024,36.02,1, mobile
T007843, C00635 ,"April 2, 2024",40.96,1,In-Store
T001798,C00254,2024-12-03,$84.75,NA,In-Store
T003898,C00599,20/09/2024, 218.37 ,2,In-Store
T007932,C00066,2024-05-06T13:47:00Z,$38.14,1,Mobile
T001985,C00325,"February 11, 2024",110.58,3,WEB 
T007333,C00229,"January 21, 2024",$127.26,4,web
T007005,C00763,"August 16, 2024", 121.19 ,3,in-store
T001236,C00718,2024-04-24,192.82,1, mobile
T002613,C00267,2024-07-16T11:51:00Z,$54.28,2,WEB 
T007098, C00568 ,25/07/2024,73.88,5,in-store
T002698,C00325,2024-03-01T10:00:00Z, 38.22 ,4,In-Store
T002873,C00899,"November 9, 2024",134.26,2,Mobile
T006453,C00528,23/08/2024,$266.10,5,in-store
T007142, C00001 ,05/11/2024,$133.60,5,WEB 
T006247,C00511,2024-12-26T06:20:00Z, 215.48 ,3,Mobile
T002433,C00516,"January 17, 2024", 178.76 ,4,web
T004242,C00615,2024-04-24, 48.89 ,2,web
T005429,C00373,2024-04-15T00:02:00Z,$128.35,2,In-Store
T007096,C00091,23/09/2024,220.74,NA,In-Store
T003675,C00326,2024-04-03,94.97,5,WEB 
T005657,C00698,22/09/2024,154.52,3,web
T004062,C00696,07/11/2024, 180.07 ,4,WEB 
T001925,C00010,"May 19, 2024", 40.03 ,4,web
T003282,C00275,"May 15, 2024", 168.29 ,1,WEB 
T000137,C00032,2024-10-09T08:11:00Z, 217.40 ,N/A,WEB 
T006424,C00493,"December 5, 2024",$57.43,2,web
T001120,C00094,"October 13, 2024",$82.67,3,Web
T003948,C00564,2024-09-24T13:42:00Z,$50.72,1,in-store
T001096, C00208 ,2024-03-19T01:30:00Z,67.99,4,in-store
T001513,C00088,2024-04-27T08:02:00Z, 104.73 ,5,WEB 
T001204,C00426,2024-07-16, 123.09 ,4,In-Store
T000705,C00461,27/11/2024,81.46,4,Mobile
T000022,C00334,2024-11-10T02:09:00Z, 140.29 ,4,Mobile
T003812,C00537,"April 21, 2024", 75.77 ,4,web
T003854,C00384,"May 6, 2024",177.95,5, mobile
T001175, C00130 ,25/07/2024, 122.20 ,3,Mobile
T007809,C00887,2024-07-01T01:06:00Z, 166.77 ,5,WEB 
T006733,C00801,2024-11-22, 167.47 ,4,in-store
T000680,C00665,02/10/2024, 171.71 ,4,Web
T006871,C00696,03/02/2024,1.00,4,web
T006240,C00769,"August 23, 2024",$93.44,4, mobile
T001173,C00297,"September 11, 2024",$80.50,5,web
T005928,C00881,"June 24, 2024",92.32,5,in-store
T005383,C00372,2024-06-03T05:15:00Z,$35.47,4,In-Store
T007647,C00191,2024-03-09T09:49:00Z,$71.72,1,in-store
T002445, C00232 ,2024-02-26T23:56:00Z,109.78,2,WEB 
T006522,C00123,2024-03-02,$101.10,3,in-store
T000545,C00886,"September 10, 2024",1.00,4,in-store
T005036,C00127,2024-05-13T17:16:00Z,$1.00,5,Web
T005469,C00007,"August 7, 2024",$133.21,4, mobile
T000793,C00245,2024-05-17T01:35:00Z, 141.81 ,3,in-store
T006155,C00572,23/02/2024, 128.65 ,4,Mobile
T002367,C00408,2024-09-19, 154.66 ,1, mobile
T000855,C00598,02/08/2024, 194.74 ,1, mobile
T007336,C00464,2024-10-08,36.76,4,web
T001587,C00721,2024-09-05T21:20:00Z,$242.77,5,WEB 
T007527,C00152,"August 18, 2024", 239.35 ,3,Mobile
T000517,C00706,2024-03-17T00:45:00Z, 72.97 ,3,Web
T004962,C00417,24/10/2024,$170.61,1,in-store
T005007,C00093,2024-12-22,$111.42,2,In-Store
T003563,C00260,"November 28, 2024", 112.76 ,4,web
T004805,C00602,04/07/2024, 123.92 ,1,In-Store
T003664,C00539,"August 12, 2024",$85.97,2,Web
T007297, C00852 ,19/10/2024,151.71,5,web
T004818,C00364,2024-03-21T01:57:00Z,$122.57,  ,WEB 
T001453,C00476,2024-11-09T05:44:00Z,120.65,3,In-Store
T006184,C00812,2024-12-19, 88.64 ,2,Web
T004440,C00751,2024-08-05T17:29:00Z,$157.55,N/A,In-Store
T006879,C00368,21/07/2024,145.70,1,in-store
T003081, C00589 ,06/02/2024,$138.50,3,Web
T002373,C00827,2024-04-04,$164.77,4, mobile
T004292,C00842,"August 13, 2024",$112.83,3,In-Store
T004493,C00290,"December 14, 2024",62.29,1,in-store
T002239,C00370,2024-09-08T12:10:00Z, 196.60 ,3,in-store
T002279,C00621,2024-06-24T19:46:00Z,1.00,4,Web
T005365,C00163,2024-05-25,120.60,4,In-Store
T004521,C00474,"August 22, 2024",$155.91,2,In-Store
T003724,C00365,2024-12-25,230.26,5,In-Store
T002935,C00144,"August 4, 2024",88.72,1,Web
T004218,C00170,25/12/2024,$161.78,5,web
T004583,C00879,2024-12-18,187.55,1,Mobile
T002394,C00479,2024-06-18,$100.90,2,web
T004670,C00589,2024-10-28T15:44:00Z,$253.23,3,Mobile
T003736,C00898,2024-09-13,5.93,4,Mobile
T001269,C00560,"February 20, 2024",177.76,4,In-Store
T000359,C00741,"May 14, 2024", 93.83 ,2, mobile
T004667,C00514,2024-08-22T19:58:00Z, 176.94 ,2,Web
T002124,C00272,"February 10, 2024",$4.59,5,Mobile
T001943, C00465 ,03/10/2024, 158.41 ,3,web
T006001, C00031 ,2024-12-14,$145.84,3,WEB 
T003970,C00015,2024-06-15T23:21:00Z,67.29,5, mobile
T006647,C00270,2024-09-10,1.00,4,web
T004872,C00292,"August 23, 2024", 22.96 ,3, mobile
T007925,C00057,2024-08-02,$177.61,3,in-store
T006914,C00306,02/06/2024, 62.32 ,3,Mobile
T002357, C00402 ,02/02/2024, 135.57 ,4,Mobile
T003929,C00195,2024-05-03T09:58:00Z, 95.30 ,1,Mobile
T002264,C00487,08/04/2024,$211.61,1,web
T003514,C00021,2024-11-07,$110.39,1, mobile
T001051,C00249,11/09/2024,101.78,1,in-store
T001465,C00272,2024-11-14,$86.33,4,Mobile
T001503,C00554,"February 15, 2024",$126.90,4,web
T004624,C00610,2024-10-20T20:47:00Z, 112.61 ,5,Mobile
T007111,C00257,"April 10, 2024",117.18,5,WEB 
T000985,C00484,2024-06-28T05:22:00Z, 115.50 ,4,Mobile
T005557,C00508,2024-06-16, 126.21 ,3,Mobile
T005266,C00417,"February 17, 2024",$73.67,NA, mobile
T003910,C00834,2024-08-19T02:50:00Z,$130.56,2,Web
T002715, C00284 ,2024-04-10T04:16:00Z,$193.17,2,Mobile
T007174,C00666,"March 3, 2024",$159.28,5, mobile
T005409,C00329,19/08/2024,179.35,2,in-store
T001534,C00270,2024-04-27T07:48:00Z,$84.04,2,Web
T005086, C00483 ,2024-10-11T15:18:00Z,$154.47,5,In-Store
T002603,C00628,10/03/2024, 120.63 ,4,in-store
T002451,C00255,2024-06-22T04:32:00Z,44.15,2,In-Store
T007516,C00831,"April 14, 2024",$157.47,4,web
T007242, C00120 ,2024-08-09,$109.64,5, mobile
T006638,C00652,"February 25, 2024",112.13,4,In-Store
T003572,C00409,18/12/2024,$110.51,2,In-Store
T005903,C00528,2024-03-07T19:56:00Z,$146.49,2,in-store
T002217,C00310,07/01/2024, 198.99 ,3,web
T000157, C00485 ,23/03/2024,177.17,1, mobile
T002641,C00708,24/09/2024,$147.47,4,Web
T000940,C00197,04/05/2024, 38.37 ,3,web
T007669, C00291 ,07/12/2024, 124.53 ,2,in-store
T003661,C00458,2024-01-07,137.14,1,Mobile
T004146,C00621,2024-08-05,166.22,3,Web
T006115,C00786,"April 10, 2024",124.57,5, mobile
T006835,C00285,2024-04-08,37.35,3,WEB 
T004663,C00212,2024-06-05T02:08:00Z, 83.07 ,3,Web
T004851,C00556,2024-05-04,164.14,1, mobile
T007658,C00897,2024-11-28, 181.28 ,3,WEB 
T005024,C00223,"June 6, 2024",145.78,4,Web
T003266,C00061,20/04/2024,$186.78,3,in-store
T003138,C00334,2024-09-18,$75.14,2,In-Store
T007221, C00250 ,2024-04-06T17:28:00Z,137.91,2,WEB 
T001620,C00171,10/11/2024,111.50,2,in-store
T004099,C00871,17/03/2024, 133.82 ,4,in-store
T000440,C00732,2024-04-04T04:49:00Z,167.05,1,Mobile
T006703,C00751,2024-10-05T07:29:00Z, 129.07 ,1,web
T005362, C00657 ,19/08/2024,28.01,1, mobile
T003794,C00682,2024-06-23, 100.18 ,4,web
T000079,C00035,07/05/2024,$103.78,4,web
T004230,C00622,2024-09-20,$92.22,3,WEB 
T006011,C00749,2024-01-24, 109.31 ,2, mobile
T002512,C00133,2024-01-24T07:26:00Z,$105.49,2,Web
T003934,C00789,26/05/2024,105.60,2,In-Store
T002563,C00221,22/06/2024,116.13,3,Web
T003165,C00598,13/07/2024,230.77,1, mobile
T002375,C00845,2024-02-06,106.91,4,web
T006052,C00774,2024-12-25,$43.93,2,Web
T003979, C00553 ,"January 12, 2024",163.61,,Web
T001194,C00873,2024-03-22,$90.23,2,WEB 
T005849,C00452,2024-10-24T08:34:00Z,$165.93,1,Mobile
T002559,C00300,"August 21, 2024",103.90,3,Mobile
T005253,C00682,2024-10-04T03:02:00Z,187.72,1,Web
T006166,C00620,"June 5, 2024",$1.00,1,web
T003351,C00221,2024-12-07,187.13,4,WEB 
T005837,C00157,08/09/2024,$83.24,  ,Mobile
T005264,C00043,2024-12-08,$47.51,4, mobile
T003488,C00748,2024-02-03T06:43:00Z, 84.08 ,5,in-store
T004681,C00708,2024-04-05T08:51:00Z, 118.47 ,3,WEB 
T006268,C00109,2024-03-21,$1.00,NA,Mobile
T002495,C00508,2024-06-25,$65.40,3,in-store
T005755,C00238,"May 13, 2024", 156.59 ,4,web
T004610,C00683,2024-07-18T01:41:00Z,$142.84,1, mobile
T000199,C00340,"April 23, 2024",$77.96,1,web
T005206,C00385,2024-09-21,181.37,1, mobile
T002847,C00328,2024-04-21T08:01:00Z, 102.96 ,5,WEB 
T006189,C00168,2024-06-21,$1.00,2,Mobile
T001401,C00869,2024-09-18,$170.03,4,web
T000252,C00728,"April 25, 2024",$42.73,3,in-store
T001676,C00182,2024-10-04T11:07:00Z, 176.68 ,3,WEB 
T000892,C00882,2024-02-01T18:11:00Z,$130.19,3,WEB 
T007659,C00762,"September 26, 2024",163.57,,In-Store
T005355,C00496,"July 23, 2024",233.06,3,Web
T005234,C00803,2024-05-13T12:34:00Z,$105.23,4,WEB 
T003968, C00664 ,2024-07-26,$66.45,1, mobile
T001879, C00620 ,2024-12-27,$148.38,4,WEB 
T000433,C00179,2024-05-24T09:48:00Z,$1.00,5,Web
T004194,C00336,"January 27, 2024", 217.61 ,3,Web
T004928,C00267,2024-08-02T23:37:00Z,1.00,5,in-store
T003132,C00811,27/05/2024, 126.99 ,null,in-store
T001456,C00262,2024-10-19T12:51:00Z,159.35,3,Web
T004253,C00406,2024-05-16,$104.18,4,Mobile
T006805,C00051,2024-05-08T17:59:00Z, 284.67 ,4,In-Store
T000484,C00857,2024-11-26T05:54:00Z,$102.03,5,web
T002806,C00506,2024-07-16T00:19:00Z,285.07,5,Mobile
T002015,C00496,03/03/2024,$260.14,1,web
T004391,C00510,2024-12-25T20:29:00Z,$174.63,2,Web
T000358,C00074,"December 23, 2024",$148.99,1,Web
T002648,C00487,20/09/2024,167.48,3, mobile
T003629,C00310,2024-01-23, 58.02 ,3,web
T001538,C00571,27/11/2024,$113.03,1,web
T001636,C00833,"May 27, 2024",$65.32,5,Mobile
T004730,C00760,2024-11-01T06:54:00Z,$129.84,3,Web
T000112,C00686,2024-02-06, 160.25 ,3, mobile
T006501,C00556,19/04/2024,$152.27,4,in-store
T000977,C00693,07/04/2024, 136.50 ,4,In-Store
T005001,C00725,"January 18, 2024",$103.62,5,WEB 
T002231,C00085,2024-08-09T18:17:00Z,109.45,3,WEB 
T000053, C00311 ,"March 23, 2024",$74.59,3,WEB 
T003773,C00147,2024-03-03,110.61,null,web
T007803,C00862,"February 22, 2024",42.08,5,in-store
T006943,C00290,2024-11-22,117.51,4,WEB 
T003597,C00039,16/12/2024,$121.23,2,in-store
T003784, C00676 ,05/12/2024,$94.66,1,Mobile
T005032,C00739,25/04/2024,$58.27,  ,WEB 
T006359,C00305,2024-08-28T00:48:00Z,196.59,2,in-store
T005986,C00199,2024-12-23,$133.33,null,Web
T005679,C00843,2024-01-07T22:39:00Z,$131.24,1,Mobile
T003778,C00485,15/01/2024, 41.33 ,5,web
T005047, C00228 ,08/01/2024,177.20,1,in-store
T007115, C00431 ,2024-05-02T13:48:00Z,144.34,3,in-store
T004607,C00848,2024-02-03T14:03:00Z,218.18,4,In-Store
T000694,C00532,"August 8, 2024", 167.59 ,5,in-store
T001763,C00436,2024-03-08,96.22,3,Mobile
T007645, C00547 ,"March 17, 2024", 174.01 ,4,WEB 
T000931,C00703,2024-03-09,34.20,2,In-Store
T007384,C00247,"October 20, 2024", 94.04 ,5,Mobile
T003219,C00806,"January 20, 2024",$275.61,1,Web
T005451,C00755,"March 5, 2024",29.64,3,in-store
T005628,C00372,2024-12-01,68.96,3,Web
T007253,C00162,2024-04-28,$107.09,2,In-Store
T003281,C00886,2024-04-03T08:48:00Z,167.97,2, mobile
T007772,C00774,18/01/2024, 100.33 ,5, mobile
T006461,C00271,"September 17, 2024", 149.18 ,4, mobile
T005780,C00513,02/11/2024, 152.82 ,2,web
T001451,C00797,2024-01-02, 37.69 ,4,web
T005586,C00859,2024-11-08, 105.45 ,1, mobile
T001771,C00219,2024-08-28,$164.84,1,Web
T002014,C00606,2024-08-21T12:10:00Z,$187.41,4,Web
T004243,C00541,19/12/2024, 105.43 ,1,Mobile
T001148,C00303,"August 20, 2024",56.03,4, mobile
T004586,C00350,16/02/2024,190.64,5,Web
T002249, C00049 ,2024-09-02,$112.81,1,Web
T003969,C00622,"December 27, 2024",$88.08,5,In-Store
T003895,C00623,2024-09-14, 76.54 ,3,Web
T002644,C00034,"September 3, 2024",163.20,4,in-store
T005815,C00357,2024-04-04, 133.08 ,3,in-store
T000831,C00454,2024-05-21, 77.30 ,3,WEB 
T005368,C00127,2024-06-03T18:30:00Z, 67.29 ,4,in-store
T001307,C00129,2024-11-22,104.19,4,Mobile
T005144,C00227,2024-04-23,$60.36,3,WEB 
T007655,C00888,2024-06-06, 209.72 ,3,Mobile
T004165,C00061,2024-06-23,156.55,1,In-Store
T003171,C00647,2024-06-13,$107.11,2,In-Store
T002508,C00736,24/03/2024,23.25,3,Mobile
T007108,C00875,2024-12-09T15:16:00Z,$205.72,4,Web
T000357,C00090,"December 21, 2024",54.19,2,Mobile
T005724,C00208,05/05/2024,$149.69,3,web
T003300,C00314,24/04/2024, 47.42 ,5,WEB 
T000278,C00705,2024-02-13T02:48:00Z,$197.83,2,WEB 
T007199, C00894 ,01/06/2024, 138.33 ,2,web
T005966,C00291,2024-01-06,$225.93,2,WEB 
T004755,C00471,2024-05-22T23:38:00Z,124.30,2,Web
T000020,C00084,22/07/2024,186.25,4,web
T004346,C00885,"November 17, 2024",$83.94,5,In-Store
T003108,C00580,2024-12-17T22:57:00Z,144.93,5,WEB 
T002852,C00892,25/05/2024, 102.17 ,3,in-store
T000451,C00685,"September 24, 2024",115.07,3,In-Store
T004469,C00385,"November 17, 2024",7.75,2,WEB 
T005207,C00110,10/05/2024, 20.41 ,4,web
T006725,C00817,06/08/2024, 66.51 ,4,web
T002952,C00485,"December 20, 2024", 190.63 ,null,In-Store
T004272,C00097,22/03/2024, 261.65 ,1,Mobile
T002792,C00292,2024-10-14,$145.06,4,WEB 
T003394,C00356,"November 5, 2024", 156.11 ,N/A,Mobile
T004511, C00259 ,09/05/2024,$188.89,2,in-store
T007163,C00481,2024-06-12,55.55,5,In-Store
T003422,C00342,2024-05-01T19:15:00Z,$148.00,5,In-Store
T003909,C00486,"August 10, 2024", 139.14 ,5,Mobile
T004809,C00517,2024-12-28T22:59:00Z, 6.64 ,3,In-Store
T005000,C00150,17/09/2024,$142.03,4,web
T003611,C00119,2024-06-08T13:11:00Z,$121.98,4,web
T000361,C00038,09/10/2024, 1.24 ,4,web
T000325,C00416,2024-10-07, 18.13 ,4,in-store
T004697, C00107 ,13/07/2024, 155.93 ,4,WEB 
T003860, C00762 ,2024-12-22,$166.33,3,Web
T006794,C00859,2024-03-16,104.07,4, mobile
T006888,C00032,"October 24, 2024",173.86,5,In-Store
T003287,C00623,2024-12-12T21:22:00Z, 84.13 ,5,Mobile
T002032,C00741,2024-03-10,$6.76,2,Mobile
T001136,C00440,18/09/2024, 247.32 ,4,WEB 
T005274,C00035,"January 3, 2024",220.27,5,in-store
T001868,C00703,2024-08-28, 107.75 ,1, mobile
T006020,C00819,2024-03-10, 52.21 ,4,Web
T007832,C00329,2024-10-26T19:48:00Z, 41.10 ,  , mobile
T001219,C00148,"October 9, 2024",125.79,3,Mobile
T005452,C00692,15/06/2024,164.09,3,Mobile
T004552,C00135,10/08/2024,$124.37,3, mobile
T001043,C00337,05/08/2024,174.64,2,web
T001678,C00055,02/09/2024,$84.97,1,In-Store
T006874,C00245,25/08/2024, 207.83 ,5,in-store
T002010,C00702,2024-11-13, 96.76 ,1,WEB 
T002671,C00857,2024-05-14T09:18:00Z, 111.27 ,4, mobile
T000802,C00108,2024-09-04,$109.26,2,in-store
T004176, C00690 ,2024-09-24,119.80,4,Web
T006062,C00397,05/10/2024, 153.27 ,2, mobile
T007510,C00699,2024-12-03T05:45:00Z, 87.54 ,3,web
T003950,C00231,"April 18, 2024", 184.26 ,5, mobile
T001942,C00660,21/05/2024, 143.06 ,5, mobile
T005179,C00052,2024-10-20, 49.28 ,4,In-Store
T000041,C00292,07/05/2024,102.33,2, mobile
T000929, C00743 ,22/08/2024, 158.20 ,4,web
T005195,C00206,08/03/2024, 57.11 ,5,Mobile
T004731, C00314 ,2024-06-19, 155.50 ,5,In-Store
T007808,C00236,18/06/2024,$114.85,5,web
T007380,C00460,2024-12-20,$112.78,5,In-Store
T006909,C00575,2024-06-15,$45.32,3,Mobile
T003435,C00137,07/05/2024,121.69,1,In-Store
T001528,C00900,23/01/2024, 86.98 ,4,web
T007621,C00338,"November 24, 2024", 105.93 ,5,Web
T006698,C00404,16/04/2024, 174.04 ,4,in-store
T005447, C00849 ,22/02/2024,17.11,4,WEB 
T007347,C00270,13/07/2024, 36.12 ,2,WEB 
T006261,C00729,2024-01-11T12:27:00Z,$187.36,1,Mobile
T004223,C00359,2024-12-03,217.29,3,Web
T001858,C00414,2024-10-23,$83.31,3,Mobile
T003714,C00648,2024-03-08T20:03:00Z,$1.00,3,In-Store
T002023,C00274,2024-09-27, 230.57 ,3, mobile
T005101,C00040,2024-05-02T19:47:00Z,$142.43,3,Web
T001460,C00453,05/03/2024,$120.26,5,WEB 
T006780,C00128,"July 15, 2024", 76.92 ,3,WEB 
T000387,C00579,03/04/2024,$128.52,2,WEB 
T006957,C00076,05/09/2024,139.01,1,in-store
T003309, C00792 ,2024-09-17T14:49:00Z, 21.22 ,5,web
T003199,C00136,2024-06-08,$56.72,1,web
T003223,C00892,2024-09-25,$16.22,5,in-store
T007736, C00867 ,2024-03-20T21:17:00Z,199.22,1,WEB 
T002538,C00829,"June 22, 2024",93.50,4,Mobile
T007693,C00608,2024-01-08T04:12:00Z,126.23,4, mobile
T001755,C00037,2024-07-01, 52.68 ,1,Web
T000004,C00375,2024-10-26,$100.06,5,Web
T002019,C00505,19/02/2024,$139.25,5, mobile
T007410,C00456,12/07/2024, 1.00 ,5,Web
T005767,C00657,09/01/2024,37.56,1,WEB 
T001760,C00029,2024-01-15T09:01:00Z,$175.18,2,In-Store
T007139,C00590,2024-03-19T05:24:00Z,239.24,1,Mobile
T004152,C00136,07/06/2024,27.61,N/A, mobile
T003802,C00377,2024-05-23,62.07,1,WEB 
T005352,C00257,25/03/2024,$185.26,3,in-store
T006599,C00110,2024-04-24T17:56:00Z,177.83,5,Mobile
T004664,C00411,"April 28, 2024",221.72,NA, mobile
T002990,C00218,23/02/2024, 92.29 ,2,in-store
T001341,C00353,"October 25, 2024", 164.74 ,4,Web
T001784, C00141 ,11/01/2024,252.87,5,in-store
T001237,C00294,28/01/2024,$66.16,4,In-Store
T003997,C00700,20/09/2024, 134.56 ,4,In-Store
T004696,C00135,2024-05-22,$52.65,2,Mobile
T002654,C00876,"April 18, 2024",155.01,2,Mobile
T001541,C00562,21/03/2024, 109.08 ,3,WEB 
T007831,C00865,2024-02-24,$43.19,N/A,Mobile
T000322,C00519,22/01/2024, 116.96 ,1,web
T004085,C00324,"June 24, 2024",$207.05,5,Mobile
T007977, C00411 ,2024-08-19, 49.65 ,2,In-Store
T004074,C00150,2024-04-20,$188.95,1,web
T005734,C00635,2024-07-25T00:18:00Z,217.35,3,web
T007620,C00629,"August 13, 2024",$232.00,5,WEB 
T003321, C00223 ,2024-12-26,$50.63,1, mobile
T004509,C00682,"October 7, 2024",$117.39,4,WEB 
T005444,C00551,2024-10-20T02:33:00Z, 84.95 ,3,Web
T000207,C00706,2024-05-28, 156.33 ,1,Web
T005565, C00227 ,05/08/2024,181.89,2,in-store
T004320,C00358,2024-07-11T13:26:00Z,159.42,2, mobile
T006369,C00616,27/02/2024,$181.61,5,WEB 
T003236,C00336,"January 13, 2024",$151.29,null,WEB 
T001816,C00535,"March 16, 2024", 110.82 ,3,web
T007635,C00306,2024-02-22T07:21:00Z,$194.34,4,Web
T006991,C00032,2024-10-21, 49.96 ,1, mobile
T004262,C00702,2024-03-18T22:18:00Z,179.08,5,web
T006074,C00005,"July 7, 2024", 152.42 ,4,WEB 
T006962,C00224,2024-01-10,153.99,3, mobile
T000500,C00175,2024-11-19T08:49:00Z,173.41,4,In-Store
T000164,C00458,"August 10, 2024",5.28,3,in-store
T006688,C00703,"November 17, 2024", 115.10 ,3,In-Store
T007277,C00758,20/07/2024,188.78,4,WEB 
T000385,C00073,2024-10-04,84.04,5,in-store
T006473,C00040,2024-02-07T01:20:00Z, 180.66 ,3,in-store
T000766,C00731,12/06/2024, 116.77 ,3,WEB 
T007037,C00863,"January 25, 2024",1.00,4,WEB 
T004274,C00851,02/09/2024,$14.48,4,Web
T000742, C00289 ,01/09/2024,124.93,5, mobile
T003688,C00330,03/10/2024, 106.37 ,2,Web
T004719,C00832,2024-07-03,$59.40,3,In-Store
T006271,C00513,"March 14, 2024",$70.09,1,Web
T001419, C00509 ,2024-01-07,$69.64,3,in-store
T000769,C00305,"August 1, 2024",98.18,5, mobile
T000299,C00824,09/08/2024,234.62,5,web
T000686,C00250,18/09/2024, 113.07 ,5,Mobile
T005405,C00338,"June 24, 2024",$136.98,3,in-store
T000507, C00442 ,"May 16, 2024",130.16,3,In-Store
T006813,C00078,27/08/2024, 153.09 ,5,In-Store
T007725,C00741,07/09/2024, 49.84 ,3, mobile
T001730,C00146,2024-03-06T10:51:00Z,75.44,3,In-Store
T000723,C00805,2024-09-28T22:20:00Z, 150.10 ,4,WEB 
T005754,C00133,20/01/2024, 109.25 ,3,in-store
T003600,C00344,"December 11, 2024", 195.19 ,4,WEB 
T002331,C00629,"May 5, 2024",$77.41,1, mobile
T004774,C00763,"August 5, 2024",1.00,2,in-store
T004303,C00603,2024-06-18,31.40,5,Mobile
T004025,C00499,2024-01-01T09:39:00Z, 207.26 ,4,WEB 
T004585,C00826,2024-09-25T11:13:00Z,$116.66,1,Mobile
T002346,C00135,2024-07-28T15:49:00Z,165.99,3,WEB 
T000911,C00872,2024-09-07, 123.20 ,4,Web
T002272,C00628,2024-05-20,$129.31,3,Mobile
T001296,C00695,10/06/2024, 163.42 ,3, mobile
T007016,C00072,2024-05-04T07:03:00Z,$163.67,5,In-Store
T005688, C00613 ,"October 19, 2024",177.12,3,WEB 
T003237, C00437 ,2024-09-01,$75.75,4,Web
T007070,C00299,"September 2, 2024", 87.04 ,5,web
T000999,C00526,"February 21, 2024",47.37,5,web
T004164,C00561,15/06/2024,$78.19,5,In-Store
T007407,C00270,2024-06-08T19:59:00Z,$160.60,5,In-Store
T000471,C00193,"January 24, 2024",$147.15,null,web
T007109,C00664,"May 10, 2024", 35.06 ,3,Web
T002251,C00878,"March 16, 2024",107.53,4, mobile
T007467,C00260,14/03/2024, 62.21 ,1,Mobile
T007708,C00069,09/02/2024,137.81,1, mobile
T006292,C00386,2024-10-28T04:59:00Z,82.32,3, mobile
T002252, C00020 ,"October 18, 2024",96.63,1,In-Store
T000291, C00696 ,21/12/2024, 36.11 ,3,WEB 
T006739,C00744,02/01/2024,51.08,5,in-store
T005757,C00652,2024-11-14,$48.81,4,In-Store
T003617, C00088 ,2024-11-12,91.67,4,in-store
T006787,C00845,14/07/2024,81.54,5, mobile
T006340,C00418,"June 3, 2024",143.96,3,Web
T007718, C00260 ,2024-06-25T01:04:00Z,$103.23,5, mobile
T007379,C00002,2024-02-24T04:15:00Z,123.15,5, mobile
T003927,C00514,"March 27, 2024", 218.29 ,4,In-Store
T001129,C00218,"December 6, 2024",$98.44,5,in-store
T007371,C00567,2024-11-01, 86.59 ,1,Web
T001686, C00063 ,2024-04-05T11:41:00Z,89.88,3,In-Store
T006347, C00225 ,2024-01-14T14:09:00Z,$14.69,5,In-Store
T000754,C00199,06/10/2024, 188.77 ,2,web
T004455,C00332,"December 18, 2024",$88.94,1,WEB 
T000787,C00633,"January 17, 2024",$132.48,2,web
T005957,C00326,"December 5, 2024",$91.95,4,In-Store
T005990,C00789,2024-08-08T16:34:00Z, 178.36 ,4,WEB 
T002837,C00675,2024-12-22T22:22:00Z,$179.40,5, mobile
T000017,C00731,"November 20, 2024", 111.90 ,3, mobile
T007868,C00290,2024-02-15,$114.68,1,web
T000233, C00877 ,2024-09-01T04:43:00Z,95.04,3,web
T007882,C00559,"June 6, 2024",$42.43,4, mobile
T004140,C00893,2024-02-27T06:02:00Z, 59.37 ,2,in-store
T000887,C00605,2024-10-11, 121.81 ,2,in-store
T004136,C00253,"October 28, 2024", 151.63 ,4,Web
T005946,C00324,17/02/2024,185.75,3, mobile
T004003,C00276,01/06/2024,$183.77,1,in-store
T005401,C00747,2024-01-16T10:44:00Z, 86.66 ,5, mobile
T001778,C00593,"June 25, 2024",32.69,,In-Store
T001368,C00302,"August 2, 2024",143.89,2,Mobile
T007729,C00099,"January 15, 2024",98.57,1,In-Store
T006223,C00309,2024-03-27T17:23:00Z,$130.96,2,Mobile
T004301,C00860,12/01/2024,$79.13,2,Web
T006154,C00714,2024-03-19, 47.86 ,4,Mobile
T003654,C00553,05/07/2024, 214.68 ,3,WEB 
T001281,C00405,"January 25, 2024",195.90,1,web
T007917,C00295,2024-04-11T13:50:00Z, 135.07 ,3, mobile
T000423,C00586,2024-10-14,84.16,1,in-store
T006201,C00718,"January 6, 2024",147.78,3, mobile
T003205,C00775,2024-06-13T12:48:00Z,176.66,2,in-store
T002350,C00323,2024-05-11,111.84,3,web
T000683,C00251,2024-08-19T10:27:00Z,8.44,3,web
T005049,C00690,03/09/2024,38.91,1,WEB 
T007009,C00831,"June 16, 2024",$202.37,4,web
T001729,C00035,2024-05-18,232.53,1,web
T001439,C00643,2024-05-24, 13.39 ,2,in-store
T003851,C00568,"June 10, 2024", 103.20 ,3,WEB 
T000594,C00142,"February 12, 2024",123.32,2, mobile
T003412,C00724,2024-08-10T04:03:00Z,$156.27,2, mobile
T003097, C00445 ,"June 3, 2024",$176.42,4,WEB 
T003977,C00304,2024-02-19,101.69,1,Web
T004441,C00597,"October 7, 2024",$51.26,3,in-store
T002755,C00194,"April 5, 2024", 85.39 ,4, mobile
T005261,C00780,2024-10-12, 72.54 ,1,In-Store
T007754, C00452 ,2024-07-27,81.32,5,web
T000002,C00464,16/07/2024,72.86,1,In-Store
T005128,C00425,2024-06-04T10:00:00Z, 124.83 ,4,in-store
T004337,C00795,"January 22, 2024", 116.23 ,5,Web
T004732,C00524,"August 13, 2024", 19.35 ,2,WEB 
T003089,C00110,2024-08-07,34.46,3,Web
T002941,C00412,2024-07-04, 4.66 ,4,in-store
T002183,C00314,20/10/2024,$154.03,4,Web
T003557,C00291,2024-09-13T15:11:00Z,$151.20,3,WEB 
T004206,C00387,2024-11-08T04:10:00Z,92.30,3,In-Store
T007203,C00167,2024-03-03, 185.75 ,5,in-store
T003430,C00126,"February 5, 2024", 100.31 ,5,in-store
T000199,C00340,"April 23, 2024",$77.96,1,web
T007003,C00402,2024-05-08T21:01:00Z,172.29,5,Mobile
T003419,C00830,2024-02-21, 72.40 ,4,WEB 
T002471, C00025 ,2024-03-26T13:08:00Z,55.18,5,Mobile
T007608,C00186,07/03/2024,141.30,2,WEB 
T000581,C00867,2024-05-10T04:34:00Z, 85.90 ,2,web
T001070, C00617 ,2024-11-08T04:41:00Z,147.20,1,WEB 
T006851,C00859,2024-12-09T03:34:00Z,64.04,1,web
T003095,C00700,"October 28, 2024", 1.00 ,3,WEB 
T000497,C00843,01/10/2024, 222.19 ,N/A,in-store
T001315,C00244,"June 7, 2024", 249.51 ,3,WEB 
T005103,C00833,2024-07-19T03:00:00Z, 187.79 ,3,In-Store
T001824,C00727,2024-09-07,114.94,1, mobile
T000395,C00257,"June 22, 2024", 100.61 ,2,Web
T002830,C00515,2024-08-14,88.65,2,web
T006552,C00366,2024-10-20,86.97,3,Web
T006630,C00021,13/11/2024,$154.79,4,WEB 
T005524,C00470,2024-09-04T23:16:00Z,$1.00,1,Web
T004646,C00827,18/12/2024,$96.86,  ,web
T004922,C00018,2024-07-08T11:00:00Z, 72.03 ,1, mobile
T003208,C00215,"February 5, 2024",24.61,5,Mobile
T006283,C00274,04/04/2024,74.83,1,WEB 
T007705,C00529,"July 21, 2024", 46.40 ,2, mobile
T002400,C00284,02/06/2024,192.16,2,web
T007572,C00487,2024-09-14T11:04:00Z, 160.85 ,4,WEB 
T001052,C00415,2024-10-11, 81.64 ,2,in-store
T004953,C00427,2024-12-05T13:25:00Z, 111.02 ,1, mobile
T007871,C00108,18/02/2024,45.29,1,WEB 
T004404, C00211 ,11/11/2024,$1.00,1,Web
T000052,C00645,2024-03-13T18:48:00Z, 214.33 ,2,In-Store
T002153,C00392,18/02/2024,$145.92,5, mobile
T007129,C00063,2024-10-14,146.52,1,In-Store
T000710,C00417,2024-10-25,24.35,5,WEB 
T007130,C00475,"January 11, 2024",$141.16,5,In-Store
T004162,C00722,20/12/2024,$20.61,3,In-Store
T002616,C00700,2024-12-24T13:24:00Z,$116.81,5,WEB 
T006086,C00527,2024-09-22, 167.71 ,NA,Mobile
T007030,C00330,"March 20, 2024", 189.60 ,4,in-store
T006082,C00460,2024-09-21T08:10:00Z,$1.23,2,Mobile
T005993,C00470,2024-02-19T00:25:00Z,$83.36,5,WEB 
T006554,C00127,2024-05-07,90.18,5,in-store
T005602,C00136,"October 17, 2024", 60.23 ,4,WEB 
T002905,C00351,2024-09-12T19:11:00Z,1.00,4,WEB 
T005097,C00863,12/01/2024, 142.02 ,5,Web
T006367,C00193,2024-05-17, 75.09 ,NA,web
T005040,C00783,15/04/2024,$143.12,2,Mobile
T004023,C00078,17/10/2024,$76.72,2,WEB 
T002315,C00625,"November 2, 2024",$72.27,3,WEB 
T004609,C00194,"June 8, 2024",85.57,4,Web
T007309,C00033,"March 18, 2024", 182.59 ,3,web
T005190,C00779,"July 13, 2024",$90.95,4,web
T004318,C00188,28/12/2024,$1.00,1,In-Store
T005580,C00166,"September 1, 2024",85.73,4,in-store
T003619,C00040,2024-01-17T23:06:00Z,$109.58,1,Web
T003752,C00368,2024-07-27,$141.08,4,web
T005094,C00065,2024-10-13T11:08:00Z,$37.09,5,In-Store
T002382,C00712,"October 10, 2024",200.69,N/A,Web
T002846,C00226,2024-10-15T08:42:00Z, 199.27 ,5,Mobile
T002370,C00810,"December 23, 2024",$241.55,1,Mobile
T004943, C00144 ,03/10/2024,$112.39,3,WEB 
T005089,C00652,03/10/2024, 80.68 ,3,WEB 
T004210,C00542,"June 2, 2024",$225.21,4,Mobile
T004507,C00031,2024-11-12,$66.51,4,In-Store
T003810,C00348,2024-12-28,$3.33,4,Mobile
T002537,C00391,2024-02-10T14:11:00Z,122.97,2,In-Store
T005518,C00724,"March 21, 2024", 138.88 ,, mobile
T002127,C00877,"July 20, 2024",99.47,4,Mobile
T004523,C00551,02/12/2024, 111.87 ,3,in-store
T002527,C00645,2024-10-01T05:50:00Z,$97.56,2,web
T006190,C00782,2024-03-21,166.02,5,Mobile
T007579,C00394,"July 23, 2024", 4.72 ,4,WEB 
T006560,C00527,2024-12-16,123.97,3,web
T002398, C00362 ,2024-03-24, 176.35 ,4, mobile
T006065,C00660,"February 6, 2024", 154.61 ,4, mobile
T003762,C00887,2024-07-28T21:02:00Z,56.43,3,WEB 
T006641,C00644,2024-03-16,$53.89,3,Web
T007540,C00361,2024-05-04, 1.00 ,2,WEB 
T001631,C00895,2024-07-19T08:14:00Z,114.78,2,web
T007898,C00061,2024-10-04T11:21:00Z,$171.24,5, mobile
T002974, C00036 ,"March 6, 2024",$17.01,5,WEB 
T006019,C00777,2024-08-15,$73.81,4, mobile
T000733,C00644,"January 25, 2024", 181.94 ,4,Mobile
T007792,C00890,16/05/2024, 90.97 ,5, mobile
T006388,C00599,"September 14, 2024",$108.98,1,in-store
T004367,C00238,2024-01-06T05:28:00Z,249.24,4,WEB 
T001012,C00436,2024-05-23, 50.93 ,4, mobile
T002652,C00296,20/11/2024, 145.36 ,3,web
T001092,C00581,2024-06-02T02:10:00Z,112.99,3,WEB 
T000811,C00004,01/05/2024,$73.00,3,Web
T001155,C00329,"March 5, 2024", 180.73 ,2,WEB 
T000119,C00353,2024-09-14T03:16:00Z, 35.87 ,1,In-Store
T004693,C00452,2024-07-28T18:09:00Z,$187.79,5,WEB 
T005696, C00236 ,2024-12-21T20:56:00Z,203.26,1,Web
T007791,C00804,17/08/2024, 131.14 ,5,Mobile
T006445,C00080,2024-03-21, 1.00 ,1,Mobile
T000197,C00403,"February 11, 2024",$200.42,5,web
T003343,C00473,18/11/2024,76.44,2, mobile
T006631, C00450 ,2024-06-18,101.78,3,In-Store
T005759,C00501,2024-11-27,$151.56,4,in-store
T003055,C00547,11/03/2024,$56.97,5,in-store
T001980,C00140,2024-10-07T17:41:00Z,116.66,4,Web
T006938,C00573,"May 2, 2024",$177.37,2,web
T006193, C00698 ,2024-12-19T23:49:00Z,144.49,5,in-store
T004453,C00599,23/04/2024,$160.78,5,in-store
T004222,C00310,2024-05-19,$1.00,1,Web
T006510,C00046,2024-09-14T15:39:00Z,$126.22,4,In-Store
T002721,C00577,16/04/2024,$67.50,5,in-store
T002521,C00108,2024-12-25T21:11:00Z,135.48,2,WEB 
T005574,C00641,23/08/2024, 99.98 ,1,web
T001591,C00263,"May 15, 2024",$201.71,4,in-store
T004110, C00244 ,2024-08-19, 174.18 ,1,WEB 
T000979,C00427,2024-06-15,$152.14,2,web
T002371,C00636,17/11/2024, 167.20 ,3,WEB 
T005194,C00494,"May 2, 2024", 130.97 ,5,web
T006181,C00698,"November 19, 2024",$121.81,4,Web
T006482,C00536,2024-05-21T14:24:00Z,$128.20,4,WEB 
T003245,C00883,12/07/2024,$157.08,4, mobile
T000246,C00686,"March 6, 2024", 101.19 ,5, mobile
T006680,C00110,04/03/2024,$191.19,3,WEB 
T003889,C00213,"April 8, 2024", 63.99 ,3,web
T006329,C00367,23/02/2024,123.16,3,web
T007904,C00432,2024-11-02T14:15:00Z, 208.55 ,  ,Mobile
T002642,C00299,"April 12, 2024",$113.49,5,in-store
T004657,C00644,2024-10-26T15:15:00Z,119.08,5,Mobile
T003804,C00028,2024-10-23,$158.66,2, mobile
T006683,C00323,"April 10, 2024",$227.85,N/A,In-Store
T007563,C00417,03/12/2024,143.78,5,Mobile
T001074,C00895,2024-09-15T15:46:00Z,$55.05,3,web
T007997,C00669,"January 10, 2024", 43.56 ,5, mobile
T006492, C00578 ,2024-03-17, 163.21 ,3,Mobile
T003943,C00405,02/08/2024,129.64,2, mobile
T000521,C00558,2024-12-08, 109.67 ,3,Web
T000048,C00837,2024-03-26, 77.87 ,5,Web
T003915,C00207,2024-12-22,$223.46,3,In-Store
T000166,C00291,2024-10-27, 270.56 ,4,In-Store
T004340,C00545,21/10/2024, 121.42 ,2, mobile
T004354,C00630,"January 11, 2024",$153.56,1,In-Store
T003716,C00160,25/07/2024,$34.32,1,web
T000292,C00470,20/08/2024, 124.59 ,4,WEB 
T006714,C00017,2024-08-28,$110.41,1,Mobile
T007366,C00756,02/06/2024,158.50,1, mobile
T002860,C00658,2024-10-11, 98.56 ,5,WEB 
T003197,C00879,2024-12-06,142.38,4,WEB 
T000276,C00635,2024-04-24T19:09:00Z,130.43,5,web
T007909,C00396,"January 23, 2024",$202.04,5,Web
T007850,C00441,2024-12-13T14:00:00Z, 166.25 ,1,In-Store
T005495,C00770,19/08/2024,190.91,3,In-Store
T001705,C00572,2024-03-23, 157.17 ,3,in-store
T005062,C00064,2024-07-07,$76.76,4,Mobile
T007344,C00706,2024-10-11T20:08:00Z,29.11,5,In-Store
T005256,C00891,"January 7, 2024", 253.76 ,4,In-Store
T007652,C00487,"January 21, 2024", 105.51 ,5,Mobile
T004356,C00061,2024-02-03T06:24:00Z,110.11,5, mobile
T007888,C00607,2024-05-14T05:16:00Z,115.38,5,WEB 
T006071,C00121,2024-11-28,$157.56,5,Web
T003039,C00533,2024-08-13T19:06:00Z, 165.06 ,3,In-Store
T002925,C00339,"February 21, 2024", 166.21 ,2,Web
T001810,C00113,28/10/2024,73.93,2,web
T000134,C00468,2024-02-10T18:08:00Z, 261.42 ,2,WEB 
T002091, C00281 ,02/07/2024,119.83,4,WEB 
T005343,C00278,2024-01-24, 91.66 ,2,Mobile
T002401,C00038,"April 9, 2024", 122.25 ,2,Web
T001166,C00898,2024-08-15T20:03:00Z, 247.98 ,3,web
T000634,C00167,2024-03-15,151.42,4,in-store
T004850,C00176,"September 24, 2024",207.81,2,WEB 
T001539,C00889,2024-12-26,162.28,1,web
T005342, C00465 ,"September 7, 2024",$271.81,2,web
T000596,C00010,08/09/2024,107.23,3,in-store
T002971,C00022,16/06/2024, 260.97 ,1,web
T000459,C00633,2024-11-03T12:58:00Z, 120.24 ,4,Web
T000904, C00056 ,"April 11, 2024",$152.78,4,Mobile
T007224,C00516,2024-05-07T22:11:00Z, 156.34 ,4,Mobile
T005644,C00235,03/01/2024, 15.45 ,4,In-Store
T001441,C00657,"January 5, 2024",$127.66,2, mobile
T004397,C00559,"August 23, 2024", 195.64 ,, mobile
T003952,C00123,"December 7, 2024",186.86,5, mobile
T004959,C00019,2024-03-07T22:27:00Z,175.06,,WEB 
T003297, C00094 ,"November 18, 2024", 136.18 ,2,in-store
T000453,C00752,"September 21, 2024", 108.37 ,4,Mobile
T001377,C00780,2024-04-09T08:56:00Z, 139.14 ,1,in-store
T005018,C00600,"July 22, 2024",134.99,1,WEB 
T004673,C00662,2024-09-13,$208.16,2,In-Store
T007035,C00891,2024-05-20T10:51:00Z,$149.29,4,In-Store
T006015,C00103,2024-01-28T05:56:00Z,$281.02,3,Mobile
T005739,C00747,"May 13, 2024", 240.88 ,2, mobile
T000434,C00742,2024-01-25T10:05:00Z,$1.00,4,In-Store
T003462, C00802 ,2024-07-02,$153.69,1, mobile
T007730,C00024,08/07/2024,$218.87,2,Mobile
T001232,C00630,2024-07-09,143.27,2,Mobile
T002624,C00817,2024-09-11T06:34:00Z,$163.54,5,Mobile
T001696,C00564,2024-04-12T17:57:00Z,$95.05,1, mobile
T007479, C00108 ,2024-06-22T04:34:00Z, 194.58 ,5,Web
T007817, C00144 ,"January 19, 2024",$164.70,1,WEB 
T000143,C00428,"June 12, 2024",$155.51,1,Web
T005006, C00854 ,2024-11-26T08:51:00Z, 159.91 ,3,web
T005332,C00882,2024-07-20T15:00:00Z, 38.30 ,4,in-store
T004361,C00546,2024-05-11,$69.77,1,Mobile
T006896,C00128,2024-02-12T07:31:00Z,$138.40,5,Web
T002566,C00621,"September 10, 2024", 66.95 ,1,in-store
T000493,C00789,2024-09-01T22:06:00Z,35.27,4,in-store
T006450,C00806,2024-05-23T18:00:00Z,$85.37,2,WEB 
T007985,C00128,"May 10, 2024",$84.73,4,Web
T003124,C00539,2024-08-28T04:58:00Z,$139.55,5,WEB 
T005150, C00296 ,"October 2, 2024", 125.11 ,4,in-store
T007159,C00807,2024-10-24, 148.19 ,1,Web
T006239,C00796,28/05/2024,73.85,3,in-store
T005624, C00024 ,06/08/2024,$1.00,2,Web
T001593,C00503,"January 22, 2024", 66.65 ,2,Web
T000413,C00576,"August 14, 2024",$170.39,5,Web
T005271,C00600,2024-05-27,95.25,1,WEB 
T003549,C00012,2024-03-11, 169.66 ,4,in-store
T001961,C00399,"April 23, 2024", 200.68 ,4,in-store
T001944,C00539,"November 8, 2024",174.28,1,In-Store
T006214,C00172,"March 15, 2024",44.41,1, mobile
T007971,C00620,2024-05-28T06:24:00Z,$108.55,1,In-Store
T003747,C00359,2024-02-10T05:36:00Z, 283.24 ,4, mobile
T007465,C00244,2024-06-14T03:25:00Z, 196.63 ,5,In-Store
T001792,C00497,2024-10-19,1.04,null,Mobile
T004622,C00762,08/01/2024,$152.43,5,Web
T005907,C00090,09/01/2024, 179.14 ,1,in-store
T007662,C00072,24/06/2024, 155.82 ,4,in-store
T007962,C00703,2024-06-25T18:07:00Z,123.27,1,web
T003578,C00187,2024-10-11,$198.74,5,Mobile
T001016,C00697,2024-08-20, 101.46 ,1,Mobile
T004690,C00329,2024-09-11T02:00:00Z,$157.24,5,WEB 
T005940,C00402,07/04/2024,210.79,3,Mobile
T007632,C00242,12/06/2024, 49.20 ,null,Mobile
T001035, C00789 ,12/01/2024,80.84,3,Web
T006319,C00300,"October 16, 2024",$142.65,1,web
T004316,C00836,2024-02-03T23:35:00Z,98.83,2,web
T002556,C00074,"July 5, 2024", 103.63 ,5,WEB 
T000462,C00819,2024-06-24,114.19,2,WEB 
T002408,C00830,10/10/2024,131.69,2,Web
T004632,C00443,18/03/2024,$85.16,4,web
T001590, C00281 ,2024-08-17, 129.87 ,5,Web
T000852,C00433,"September 6, 2024", 155.94 ,1, mobile
T004992,C00437,15/05/2024,$122.79,3,Web
T000082,C00722,2024-02-19,82.54,1,Web
T007413,C00870,2024-07-26T15:05:00Z,88.68,1,WEB 
T000425,C00490,2024-12-04,154.43,5,WEB 
T006002,C00450,04/03/2024,$15.46,3,in-store
T006812,C00194,2024-05-27,$117.86,1,in-store
T006237,C00206,2024-06-11,120.06,  ,Mobile
T000722,C00213,2024-02-01T16:37:00Z, 102.67 ,2,WEB 
T002597,C00749,03/10/2024, 193.17 ,4, mobile
T001529,C00147,"March 22, 2024",$122.89,1,in-store
T003386,C00814,03/11/2024, 26.46 ,5,web
T003700,C00390,02/08/2024,$143.69,1,web
T003800,C00307,"February 20, 2024", 95.79 ,4, mobile
T006676,C00537,15/08/2024,141.35,1,web
T005208, C00752 ,17/10/2024,125.92,4, mobile
T006378,C00523,2024-07-10T20:35:00Z,113.29,4,web
T004769,C00801,2024-12-14,166.14,2,web
T003579,C00651,"August 19, 2024",206.49,3,Web
T001713, C00515 ,23/10/2024,261.60,4,in-store
T005933,C00340,2024-02-24, 138.84 ,3,Web
T003059,C00700,2024-08-13T06:40:00Z,145.05,2,in-store
T002592,C00003,20/02/2024, 1.00 ,4, mobile
T006505,C00598,2024-10-20,132.64,1,web
T004330,C00682,23/01/2024,109.20,2,in-store
T006159,C00685,2024-10-21T02:20:00Z,77.86,1,in-store
T000201,C00463,2024-05-14T05:21:00Z, 110.07 ,5,In-Store
T001690,C00571,"July 19, 2024",$117.60,5,in-store
T007629,C00886,2024-10-19,$94.42,2,WEB 
T006220,C00553,"December 21, 2024",$177.95,5, mobile
T004494,C00100,2024-06-15T19:34:00Z, 170.93 ,4,Web
T005436,C00229,2024-11-21, 55.99 ,5, mobile
T001668,C00476,01/08/2024,$229.70,1,In-Store
T002365,C00130,09/03/2024,124.91,3,in-store
T001063,C00765,"September 21, 2024",$158.75,4,In-Store
T002007, C00021 ,2024-09-04T21:21:00Z,$198.94,4,in-store
T001144,C00533,2024-02-01,$240.53,4,Mobile
T000234,C00289,16/09/2024,116.09,4, mobile
T001544,C00324,2024-02-10T09:17:00Z,121.73,4,in-store
T004368,C00868,2024-02-01, 281.09 ,4,web
T002833,C00258,2024-01-27, 174.94 ,4,WEB 
T000439,C00765,"February 8, 2024",102.43,2,in-store
T004695,C00167,28/08/2024,$1.00,5,Mobile
T002263,C00457,2024-06-08T19:09:00Z,112.45,2,web
T007351,C00345,2024-08-25,$147.30,3, mobile
T003431,C00874,16/05/2024,$91.80,3,Mobile
T007556,C00697,"September 8, 2024",$140.41,4, mobile
T006287,C00570,2024-07-11T06:28:00Z, 20.45 ,5, mobile
T003262,C00460,"June 24, 2024", 226.47 ,2,Web
T004917,C00801,15/04/2024,205.21,5,Mobile
T007651, C00127 ,2024-07-08,164.25,4,WEB 
T002937,C00887,2024-02-20T00:06:00Z,$131.74,1, mobile
T005947,C00674,01/06/2024, 183.20 ,1,in-store
T006152,C00128,"May 23, 2024",150.01,1,WEB 
T001634,C00758,2024-11-19,$90.71,4,Web
T002743,C00705,"June 22, 2024",$96.32,3,Web
T000607,C00287,2024-02-24T09:42:00Z, 1.00 ,2,In-Store
T002683,C00511,2024-04-21, 28.02 ,3,In-Store
T004161,C00447,2024-11-14T22:55:00Z, 211.21 ,3,Mobile
T005251, C00439 ,"June 11, 2024",89.91,5,In-Store
T004705,C00170,2024-05-21T06:40:00Z,193.11,1,Web
T005963,C00274,"August 7, 2024",202.44,1, mobile
T007875, C00635 ,2024-01-14,$109.52,5,In-Store
T006654,C00692,"February 21, 2024",$24.78,2, mobile
T005236,C00017,"June 10, 2024",149.08,5,Mobile
T000761,C00007,"November 3, 2024",91.11,5,in-store
T003125,C00604,10/09/2024, 203.67 ,1,in-store
T003399,C00411,2024-06-24T06:49:00Z,$148.34,1, mobile
T004199,C00778,2024-04-06T01:34:00Z,39.79,1,In-Store
T007482,C00533,2024-01-23, 114.80 ,2,web
T004331,C00290,"September 25, 2024",$51.35,5,Mobile
T000374,C00824,2024-12-28,189.16,2,Web
T003512,C00631,05/10/2024, 182.54 ,5,In-Store
T007765, C00142 ,2024-03-01T06:29:00Z,$55.13,3,Web
T007844, C00319 ,2024-10-18T21:01:00Z, 119.98 ,3, mobile
T007866, C00654 ,"June 11, 2024",107.43,4,Web
T000591,C00617,22/12/2024, 131.74 ,3,web
T002126,C00286,"July 6, 2024", 23.12 ,2,in-store
T001258,C00328,05/06/2024, 117.48 ,5,WEB 
T000652,C00021,17/07/2024,$134.21,5,WEB 
T005671,C00259,2024-04-25,178.58,4,WEB 
T005193,C00372,2024-04-01T16:43:00Z, 90.72 ,1,in-store
T003656,C00566,2024-09-12T02:54:00Z,$128.88,1,WEB 
T005536,C00797,2024-03-03,104.12,1,in-store
T000827,C00546,07/03/2024,$65.74,1,web
T001176,C00721,2024-04-25,$122.35,2,in-store
T004880,C00768,25/08/2024,314.23,3,web
T001950,C00532,13/11/2024,$30.68,5,web
T001049,C00840,2024-12-22T18:53:00Z, 114.58 ,4,Web
T004350,C00082,2024-07-24,$125.79,5,In-Store
T004470, C00137 ,27/08/2024,117.51,5,Mobile
T002274,C00533,2024-03-07,129.35,4,web
T007283,C00032,"September 28, 2024", 148.78 ,1,In-Store
T004635,C00006,"July 21, 2024",$178.14,5,WEB 
T005171,C00491,2024-10-24,$127.03,2,Web
T001309,C00142,2024-02-10T14:35:00Z,102.25,1,WEB 
T001356,C00458,2024-04-24,25.96,1,In-Store
T005886,C00015,"January 2, 2024", 255.37 ,5,in-store
T000744,C00168,2024-08-19T21:57:00Z,79.00,5,Mobile
T002719,C00041,2024-10-18,85.29,1,Web
T001795,C00246,09/12/2024,28.54,1,In-Store
T001351,C00709,"October 14, 2024",$79.78,1,in-store
T004683, C00192 ,19/04/2024, 195.28 ,3,WEB 
T003057, C00451 ,2024-10-22T23:33:00Z,$44.18,3,in-store
T004925,C00822,2024-02-04T18:14:00Z, 209.88 ,1,Mobile
T005111, C00049 ,2024-06-04, 86.48 ,3,WEB 
T003225,C00070,28/12/2024,$103.10,5, mobile
T005722,C00303,"March 20, 2024",183.59,1,Web
T004157,C00374,"December 26, 2024",$183.91,5,Web
T004205,C00795,17/09/2024,$97.15,3,Mobile
T005825,C00173,"December 27, 2024", 119.79 ,4,web
T000492,C00642,2024-04-12T01:44:00Z,$166.34,5,in-store
T004241,C00864,"August 24, 2024", 192.41 ,4,Mobile
T004909,C00137,2024-01-05T23:15:00Z,$149.33,5,WEB 
T002867,C00534,"March 24, 2024",124.12,4,In-Store
T007081,C00487,2024-08-23,5.16,5,In-Store
T001286,C00007,"February 7, 2024", 59.02 ,2,Web
T004095,C00060,23/09/2024,$96.86,1,in-store
T004650,C00258,"May 16, 2024",$143.92,1,Web
T005437,C00240,24/01/2024,$43.49,2,Mobile
T000640,C00559,2024-12-27T15:24:00Z, 104.65 ,2,Web
T002311, C00722 ,2024-10-10T02:30:00Z,$45.17,1,web
T000176,C00284,"May 15, 2024",134.64,4,web
T007865,C00783,02/09/2024, 173.05 ,3,Web
T006498, C00290 ,2024-01-02, 62.26 ,5,WEB 
T006973,C00878,2024-04-09, 142.48 ,5, mobile
T002841,C00726,03/11/2024,121.18,5,web
T000689,C00081,"September 9, 2024",$92.87,3,WEB 
T001785,C00825,2024-03-08, 120.09 ,3,web
T005185,C00555,2024-03-02T23:17:00Z, 80.51 ,1,Mobile
T007023,C00248,2024-08-01,1.00,3,in-store
T002257,C00050,"July 15, 2024",140.20,1,In-Store
T005583,C00529,21/06/2024, 165.43 ,4,Mobile
T000812, C00470 ,2024-03-22T15:58:00Z,$160.58,3,web
T001235,C00519,2024-06-14,$149.69,N/A,WEB 
T006387,C00088,19/03/2024,31.79,2,WEB 
T005893,C00786,"December 1, 2024",$75.36,N/A,in-store
T000258,C00374,2024-03-28T22:32:00Z,145.61,3,WEB 
T007894,C00815,2024-01-23,$189.78,2, mobile
T001839,C00167,28/12/2024, 181.29 ,4,Web
T004072,C00829,"August 20, 2024",86.65,3,in-store
T002319,C00733,2024-05-14T11:15:00Z, 125.84 ,3,Mobile
T000237,C00749,2024-11-18, 125.74 ,1,In-Store
T004993,C00015,"August 15, 2024", 122.63 ,5, mobile
T005330,C00360,2024-10-28T12:47:00Z,$1.01,1,in-store
T003880, C00257 ,"August 28, 2024",$162.82,1,WEB 
T005584,C00701,2024-10-15,173.58,1,Mobile
T006068,C00002,2024-01-16T23:45:00Z,8.81,3,in-store
T002714,C00557,2024-02-01T04:56:00Z,1.00,3, mobile
T007970,C00354,2024-08-12,200.16,1,WEB 
T006608,C00603,05/02/2024,109.83,1,WEB 
T003243,C00432,27/01/2024,203.28,5,web
T002549,C00419,"July 13, 2024",228.09,1,in-store
T001340,C00178,"August 15, 2024",$187.28,3, mobile
T007869, C00132 ,2024-10-08T23:50:00Z,79.15,2,Mobile
T001021,C00824,2024-05-05T07:42:00Z,$75.09,  ,Web
T003845,C00447,03/07/2024, 126.61 ,4,WEB 
T007058, C00025 ,18/11/2024,99.47,2,Web
T004923, C00709 ,2024-01-24T22:24:00Z, 155.38 ,4,in-store
T003378,C00806,"July 8, 2024",212.45,1,web
T000568,C00595,2024-03-18,$158.09,4,WEB 
T007034,C00313,2024-11-12T23:11:00Z,14.24,N/A,in-store
T004741, C00438 ,"May 27, 2024",$53.57,2,web
T007691,C00424,2024-09-02,178.05,2,in-store
T006707,C00265,"February 6, 2024",181.91,4,in-store
T006856,C00885,2024-04-22,$222.31,2,WEB 
T001378,C00420,2024-02-25T12:26:00Z,$96.95,2,In-Store
T000571,C00869,2024-11-24T15:56:00Z,$93.33,2,WEB 
T007424,C00300,2024-01-26T14:47:00Z,6.57,4, mobile
T007396,C00385,08/01/2024, 49.63 ,5, mobile
T004001, C00761 ,"February 4, 2024",105.66,4,in-store
T000789,C00226,"October 21, 2024",156.17,3, mobile
T000142,C00247,03/03/2024,109.25,3,web
T007324,C00840,15/04/2024,56.79,1,in-store
T001183,C00556,26/03/2024,46.47,1,Web
T004322,C00812,2024-04-26,$104.71,2,Mobile
T002824,C00847,2024-11-08, 93.24 ,3,In-Store
T001922,C00438,13/01/2024,$130.33,5,in-store
T007046,C00797,2024-04-12T19:57:00Z, 27.58 ,4,In-Store
T006806,C00576,2024-04-17T11:47:00Z, 89.88 ,3,WEB 
T002166,C00812,23/02/2024, 104.78 ,4,Mobile
T005320,C00283,"November 10, 2024",73.11,5, mobile
T002524,C00378,2024-09-20T20:10:00Z,164.15,3,Web
T006496,C00740,25/08/2024,$1.00,1,Web
T002896,C00626,2024-06-25,$120.68,5,Web
T002518,C00465,2024-10-17T03:41:00Z,1.32,1,in-store
T001782,C00872,2024-02-19T10:56:00Z,67.10,4,in-store
T004610,C00683,2024-07-18T01:41:00Z,$142.84,1, mobile
T007619,C00140,"June 4, 2024",$211.59,3,Mobile
T001567,C00777,"October 28, 2024",$96.50,3,In-Store
T006695,C00557,13/04/2024, 109.44 ,2,WEB 
T007272,C00222,"April 2, 2024",$151.23,5,In-Store
T002746,C00388,21/08/2024,$97.39,3,Mobile
T004939,C00370,2024-09-15T19:47:00Z,181.86,3,in-store
T002192,C00609,2024-08-02,$82.19,3,web
T005943,C00308,2024-09-23,33.73,1,Mobile
T003513,C00880,"November 9, 2024", 135.98 ,2,WEB 
T005999,C00659,2024-06-15,$55.80,1,WEB 
T003173,C00792,2024-11-18,173.71,2,web
T002167,C00352,"February 19, 2024", 190.26 ,2,In-Store
T005283,C00849,25/06/2024,47.88,5,web
T003090,C00297,2024-01-27T04:41:00Z, 330.63 ,3,WEB 
T005346,C00469,"September 7, 2024",$145.54,4,in-store
T005425, C00465 ,2024-08-18,88.04,5,Web
T007746,C00014,2024-12-05T21:53:00Z,$61.67,1,In-Store
T006195,C00550,2024-12-26T19:49:00Z,36.54,3,Mobile
T005622,C00545,"May 22, 2024",64.91,2,Web
T001270,C00382,11/07/2024,$203.13,2,WEB 
T004554,C00810,2024-07-24T01:49:00Z,$13.98,2,WEB 
T001046,C00669,08/09/2024,$57.94,1,Mobile
T000478,C00022,2024-09-13, 129.31 ,4,Web
T006758,C00844,2024-03-17, 78.81 ,5,Web
T003769,C00300,"January 21, 2024",$41.62,1,in-store
T003550,C00010,"October 3, 2024",58.27,5, mobile
T000344,C00498,05/12/2024, 184.88 ,4,In-Store
T006144, C00093 ,2024-09-24,$69.42,2,in-store
T006828,C00069,"November 6, 2024",$106.73,3,Mobile
T007833,C00041,"December 9, 2024",152.67,1,WEB 
T001936,C00665,2024-08-16,$1.00,2,In-Store
T003710,C00605,"June 9, 2024",$124.13,NA,In-Store
T007983,C00090,"January 24, 2024",49.66,4,web
T004765,C00211,2024-04-25,54.77,4,WEB 
T002419,C00277,"May 1, 2024",114.97,4,Web
T007616,C00715,"October 21, 2024",135.26,3,WEB 
T003166,C00404,2024-09-06T11:47:00Z,$198.12,3,In-Store
T003091,C00771,2024-05-10,$47.45,4,Web
T002639,C00436,2024-08-25,145.72,4,Mobile
T004464,C00831,2024-04-09T15:30:00Z, 50.42 ,1, mobile
T003174,C00859,19/10/2024, 230.19 ,4,web
T006978,C00093,2024-01-10,$78.69,5,In-Store
T002371,C00636,17/11/2024, 167.20 ,3,WEB 
T005281,C00285,2024-11-04T14:25:00Z,35.06,3,Mobile
T000381, C00027 ,2024-08-11, 87.04 ,5,Mobile
T005659,C00529,2024-06-11T16:43:00Z,132.54,2,in-store
T003564,C00398,"March 10, 2024",$176.16,1,Mobile
T003691,C00285,11/10/2024, 154.57 ,1,Mobile
T002122, C00701 ,10/09/2024, 1.00 ,4,Mobile
T000092,C00234,2024-12-05,163.37,1,Mobile
T002351,C00758,19/05/2024,116.26,2,Web
T005639,C00121,2024-09-26T15:49:00Z,$138.44,4,in-store
T007753,C00604,2024-04-05,$165.11,4,WEB 
T007492,C00883,2024-02-14, 32.79 ,4,Web
T001711, C00568 ,2024-07-15T04:21:00Z,141.60,NA,WEB 
T003623,C00059,2024-04-05T15:35:00Z,$136.26,3,web
T007079,C00164,17/08/2024,$90.13,1,in-store
T002817,C00166,2024-08-05,$171.77,3,web
T001841,C00654,"March 25, 2024", 1.00 ,2,WEB 
T004429,C00890,2024-10-24T19:10:00Z, 86.06 ,1,In-Store
T006781,C00568,2024-02-15T10:25:00Z, 3.97 ,2, mobile
T001643,C00709,2024-02-07,58.98,4,WEB 
T002744, C00899 ,"May 28, 2024",$70.61,3,Web
T002145, C00439 ,2024-08-15,$76.55,2,In-Store
T000466,C00783,2024-06-18T20:54:00Z,154.66,5,in-store
T004541,C00055,"October 13, 2024",$79.28,5,web
T007857,C00285,2024-03-14T02:32:00Z, 146.60 ,N/A,Web
T005846,C00886,25/06/2024,$141.58,4,in-store
T001982,C00882,13/05/2024,99.49,1, mobile
T000909,C00781,11/07/2024,$108.33,3,Web
T001197,C00398,2024-04-09T16:44:00Z,115.89,2,Web
T005910,C00180,"October 24, 2024",$169.75,2,In-Store
T000274,C00870,2024-08-24, 153.13 ,2,In-Store
T001468, C00787 ,2024-08-22,$130.68,2,In-Store
T005468,C00567,17/11/2024,$91.31,3,in-store
T002129,C00640,2024-01-28,$65.39,1,In-Store
T002573,C00462,13/02/2024, 188.78 ,2,Web
T005099,C00252,2024-07-08,221.59,4,Web
T006023,C00736,2024-05-12T18:10:00Z, 62.85 ,5, mobile
T005798,C00063,12/10/2024,$333.65,4,WEB 
T007289,C00549,"March 12, 2024",$76.19,1,web
T001056,C00355,2024-05-10,160.69,3,web
T006290,C00093,19/12/2024,47.68,3,In-Store
T007022,C00337,17/09/2024, 227.08 ,3,in-store
T003129,C00635,2024-01-16,95.72,1,in-store
T005364,C00087,2024-08-28T10:20:00Z,85.16,4,in-store
T000509,C00136,"December 20, 2024",$105.86,4,web
T001436, C00235 ,2024-05-20T04:25:00Z,51.72,3,web
T000230,C00311,2024-01-28, 131.83 ,4,Web
T004606, C00200 ,2024-09-21, 122.44 ,3,In-Store
T004713,C00251,26/09/2024,$136.50,4,Mobile
T007926,C00285,2024-02-22T17:01:00Z,$233.43,4, mobile
T003917,C00069,"October 8, 2024",130.76,1, mobile
T000579,C00823,20/01/2024, 31.98 ,1,In-Store
T006876,C00809,"February 2, 2024", 101.42 ,N/A,WEB 
T002710,C00399,18/03/2024, 32.05 ,5,web
T005700,C00562,"July 2, 2024", 121.83 ,2,Web
T007581,C00481,2024-08-11,99.41,3,WEB 
T000974,C00050,"December 23, 2024", 177.57 ,4, mobile
T000196,C00287,"March 14, 2024",$123.83,4,Mobile
T003602,C00657,2024-02-26, 281.66 ,5,web
T003785,C00728,2024-03-19,$180.43,4, mobile
T003751,C00277,"November 28, 2024", 135.75 ,N/A,in-store
T006540,C00780,"October 14, 2024", 25.11 ,5,In-Store
T002978,C00731,"October 23, 2024",180.15,5, mobile
T007128,C00509,2024-07-20,$280.31,2,in-store
T000734,C00341,"April 14, 2024",42.35,5,In-Store
T000239,C00737,2024-09-09T00:22:00Z, 209.46 ,2,In-Store
T005146,C00698,"September 16, 2024",1.00,4, mobile
T002468,C00642,2024-02-15,109.53,4,Web
T001693,C00045,"November 2, 2024", 141.73 ,2,In-Store
T003362,C00352,01/11/2024,253.82,2,Mobile
T002093,C00482,16/01/2024, 1.00 ,1,WEB 
T000432,C00531,2024-07-14T19:45:00Z, 69.15 ,1,web
T004841,C00015,2024-12-19T01:23:00Z,133.30,5,In-Store
T006508,C00701,2024-05-06T00:57:00Z,69.00,4,in-store
T000541,C00720,"July 6, 2024", 103.45 ,4,Mobile
T002175,C00466,23/10/2024, 117.20 ,3,Mobile
T007031,C00896,2024-03-25T05:10:00Z,182.39,3,in-store
T006443,C00072,"December 12, 2024",116.25,4,web
T001580, C00452 ,13/01/2024, 127.88 ,5,In-Store
T000503,C00091,"May 19, 2024",$101.76,3,WEB 
T007011,C00765,"November 20, 2024",$118.51,3,web
T007496,C00452,"August 5, 2024",169.50,3,Web
T003671,C00404,"May 24, 2024", 134.36 ,4, mobile
T006488,C00569,"March 25, 2024", 72.45 ,4,web
T002238, C00892 ,2024-08-22,$49.38,1,Mobile
T005426,C00316,2024-06-25T11:47:00Z,185.62,1,In-Store
T006998,C00068,14/11/2024, 90.56 ,1,WEB 
T007329,C00670,2024-11-18, 158.22 ,4,In-Store
T005969,C00239,13/03/2024,101.97,3,in-store
T002786,C00769,2024-07-20,156.72,2,web
T002082,C00517,"September 7, 2024", 56.89 ,2,In-Store
T003200,C00061,2024-12-05T02:17:00Z,157.97,1,WEB 
T003913,C00841,05/12/2024,155.71,null,Mobile
T003355,C00134,2024-12-08,$39.07,5,web
T003405,C00422,2024-05-17, 92.75 ,4,web
T006140,C00246,2024-12-18,$104.51,4,Mobile
T000752,C00529,"April 5, 2024", 111.33 ,3,web
T002171,C00361,2024-02-15,$92.72,2,Mobile
T007677,C00338,2024-03-17,134.85,4,web
T004539,C00681,14/01/2024, 17.35 ,4, mobile
T003396,C00138,"December 4, 2024",$57.01,4,Web
T005982,C00524,02/12/2024,188.46,2, mobile
T003796,C00424,2024-06-03T06:16:00Z,$79.59,1,web
T002225,C00640,"October 22, 2024",165.85,1,in-store
T006449,C00426,2024-05-14,109.87,3,web
T005768,C00816,2024-01-06,161.53,1,in-store
T000731,C00648,2024-02-10, 192.08 ,2, mobile
T007373,C00059,05/03/2024,115.75,3,Mobile
T006406,C00293,2024-05-03T22:53:00Z,$119.21,5,In-Store
T003019,C00183,"June 24, 2024",80.01,1, mobile
T005306,C00301,2024-11-04T01:01:00Z,30.62,5,WEB 
T006305,C00672,2024-09-16T17:48:00Z,$100.49,2,in-store
T005819,C00038,2024-10-18T03:07:00Z,75.78,4,in-store
T001245,C00411,"August 28, 2024",165.11,2,WEB 
T000413,C00576,"August 14, 2024",$170.39,5,Web
T000955,C00707,"September 26, 2024", 56.44 ,3, mobile
T003100,C00540,2024-05-17,$57.66,5,Mobile
T005124,C00263,23/12/2024,74.93,1,web
T005035,C00782,2024-04-14T17:12:00Z, 41.91 ,1,Mobile
T007566,C00619,01/09/2024,$117.88,4, mobile
T004437,C00670,2024-08-09T11:29:00Z, 156.62 ,3, mobile
T000628,C00225,17/12/2024,69.89,3,WEB 
T002741,C00486,2024-11-05T03:32:00Z,$69.79,2,Web
T001987,C00802,2024-07-23T11:39:00Z, 118.17 ,2, mobile
T002855,C00747,2024-05-17, 86.32 ,3,Mobile
T003105,C00546,"October 25, 2024",196.58,1,Mobile
T007495,C00632,14/06/2024,$186.97,3,In-Store
T000982,C00433,"June 21, 2024", 85.43 ,2,in-store
T007308,C00484,2024-04-18T00:22:00Z,159.40,1, mobile
T004878, C00740 ,2024-09-18T12:30:00Z, 44.14 ,3,WEB 
T005098,C00801,2024-11-07T07:53:00Z,1.00,4,Web
T000421,C00234,25/02/2024, 132.95 ,4, mobile
T000429,C00712,"October 17, 2024",207.05,2,WEB 
T006393,C00386,07/08/2024,$75.13,4,Web
T000165,C00015,08/07/2024, 163.03 ,,In-Store
T006801,C00766,2024-09-27,96.23,5,In-Store
T002819,C00681,09/08/2024,44.76,1,In-Store
T004343,C00796,2024-06-11T21:42:00Z,$62.26,N/A,web
T001701,C00186,2024-08-24T20:05:00Z,$179.34,5,Mobile
T001119,C00815,"March 19, 2024",$149.81,3,WEB 
T006464,C00031,2024-03-28,$92.47,5,web
T006063, C00106 ,2024-10-07T23:20:00Z,44.73,4,In-Store
T007552, C00749 ,2024-03-12,$100.67,2,WEB 
T001070, C00617 ,2024-11-08T04:41:00Z,147.20,1,WEB 
T004042,C00634,"March 3, 2024", 28.29 ,1,Web
T003959,C00598,"October 2, 2024",$1.00,1,Mobile
T003818,C00285,"June 24, 2024",43.97,5, mobile
T001935,C00482,2024-11-23T05:26:00Z, 89.93 ,2,web
T000587,C00057,24/04/2024,$203.12,1, mobile
T006246,C00713,2024-08-14T12:32:00Z, 75.23 ,4,WEB 
T000821,C00732,2024-06-10T22:40:00Z, 114.72 ,3,web
T000665,C00775,02/02/2024,133.46,2,In-Store
T003130, C00020 ,20/01/2024,$161.55,4,WEB 
T004287,C00539,2024-05-24T17:53:00Z, 139.30 ,1,web
T000770,C00782,2024-11-17T00:22:00Z,$177.54,2, mobile
T002882,C00128,2024-09-17,$51.42,3,Web
T005744,C00868,"August 5, 2024",$154.69,5,Web
T004916,C00730,2024-02-12, 215.45 ,3,In-Store
T005975,C00764,2024-05-26,$89.25,4,in-store
T007387,C00079,19/08/2024,$16.13,1,In-Store
T000140,C00101,2024-04-16,$174.17,5,WEB 
T003521,C00540,2024-06-11,183.18,4,in-store
T003032,C00565,17/08/2024,165.76,3,Mobile
T002829,C00658,2024-03-13T16:24:00Z,221.40,4,Web
T006258,C00743,"December 12, 2024", 75.13 ,4,web
T004419,C00306,2024-05-20T11:36:00Z,$168.54,3,web
T006030, C00741 ,2024-11-06T00:31:00Z, 130.77 ,5,Web
T001949,C00178,2024-04-28T01:57:00Z, 188.24 ,3,web
T001105,C00300,2024-07-22, 96.77 ,2,in-store
T000502,C00613,"October 2, 2024", 46.96 ,3,In-Store
T005341,C00391,"October 23, 2024", 137.87 ,1,In-Store
T002016,C00663,2024-08-22T13:00:00Z, 67.24 ,2,web
T003360, C00862 ,"December 11, 2024",$160.77,1,in-store
T001994, C00782 ,"September 27, 2024",180.39,4,in-store
T007489,C00125,"October 12, 2024", 148.75 ,1,Web
T003677,C00836,2024-02-25T08:38:00Z,104.57,1, mobile
T004376,C00011,2024-11-16, 187.12 ,1,Web
T005278,C00579,2024-12-21,$9.04,NA, mobile
T007509,C00583,2024-11-12,$229.72,3, mobile
T001969, C00158 ,2024-02-12T14:43:00Z,89.81,2,in-store
T000232,C00202,2024-01-20T10:06:00Z,$173.01,1,Mobile
T003792,C00315,"February 8, 2024", 99.46 ,3,in-store
T000768,C00265,"February 20, 2024", 46.69 ,3,web
T005545,C00791,2024-02-19T08:02:00Z, 191.13 ,4,Mobile
T002502,C00127,25/01/2024,$163.28,1,in-store
T003486,C00069,2024-06-05, 138.29 ,2,In-Store
T000457,C00572,2024-05-22,$137.93,5,In-Store
T001930,C00584,09/12/2024, 67.07 ,4, mobile
T004516,C00291,21/02/2024,4.63,4,web
T006853,C00665,2024-08-14, 56.81 ,5,Web
T003951,C00669,2024-01-11T02:04:00Z, 76.39 ,3,in-store
T004280,C00358,10/09/2024,42.25,1,in-store
T004622,C00762,08/01/2024,$152.43,5,Web
T006227,C00861,2024-08-08T18:03:00Z,83.28,2,in-store
T007062,C00266,"November 9, 2024",$119.72,2,WEB 
T001443, C00844 ,2024-07-03T13:28:00Z,223.63,1,Mobile
T004355,C00103,15/02/2024,$1.00,1,Web
T004260,C00399,2024-03-13T11:14:00Z, 165.88 ,3,WEB 
T002558,C00208,2024-03-13T05:04:00Z,223.40,N/A,Mobile
T005379,C00623,2024-12-13, 151.38 ,1,in-store
T004402,C00045,"April 24, 2024",166.77,5,in-store
T004092,C00450,2024-03-28, 158.30 ,2, mobile
T007538,C00862,04/01/2024,162.39,4, mobile
T006199,C00562,2024-07-12T10:32:00Z,204.05,N/A,WEB 
T003218,C00241,2024-06-18T19:23:00Z, 157.33 ,4,web
T004172,C00808,"March 23, 2024",195.77,5,WEB 
T000146,C00285,03/04/2024,79.44,5,In-Store
T000147,C00069,"June 24, 2024", 129.93 ,4,web
T006105,C00531,"April 25, 2024", 129.43 ,3,Web
T002120,C00268,"May 10, 2024",$95.75,1,Mobile
T005114, C00089 ,2024-04-10,$134.79,2,in-store
T006356,C00156,19/12/2024, 164.44 ,1,WEB 
T007665,C00043,2024-04-14T07:13:00Z, 99.79 ,3, mobile
T006127,C00406,14/11/2024,1.00,5,Mobile
T004421,C00207,2024-12-24T16:32:00Z, 44.30 ,3,Web
T002672,C00662,2024-03-23T09:48:00Z,160.72,5, mobile
T006911,C00796,08/02/2024, 92.23 ,2,Web
T007545,C00065,"October 13, 2024", 60.34 ,3,In-Store
T004563,C00471,07/10/2024,$167.95,5,WEB 
T003115,C00277,2024-07-01,$164.85,4,Web
T004359,C00516,2024-09-16T16:01:00Z, 110.29 ,2,Web
T001603,C00515,2024-08-08,$182.27,4,In-Store
T001506,C00730,"November 17, 2024",126.38,2,Mobile
T004202,C00881,"February 20, 2024",$178.12,3,Web
T003063,C00787,"October 16, 2024",145.01,1,in-store
T002236,C00162,2024-07-01T08:09:00Z,$48.00,1,In-Store
T002353,C00102,2024-10-05, 146.35 ,3,WEB 
T005541,C00427,2024-12-09,88.27,3,in-store
T004108,C00882,"March 18, 2024",172.12,3,Web
T000526, C00552 ,2024-04-22,$43.68,3,web
T003824,C00184,"November 14, 2024",$243.92,2,web
T005727,C00264,09/12/2024,102.22,3, mobile
T003606,C00508,2024-09-20, 100.64 ,null, mobile
T006930,C00479,26/03/2024,$220.50,1, mobile
T003002,C00786,2024-10-26T21:16:00Z,$94.69,1,WEB 
T001724,C00294,2024-08-26,171.23,3,web
T000080,C00761,2024-08-01T02:55:00Z,156.60,5,in-store
T004190,C00693,"March 27, 2024", 98.56 ,4,in-store
T004958,C00031,01/01/2024,180.46,2,web
T007653,C00731,"July 26, 2024", 48.13 ,5,in-store
T006509,C00688,"May 19, 2024",70.73,2, mobile
T005395,C00241,2024-04-09T04:24:00Z,$88.16,4,Web
T002327,C00428,2024-01-03,132.32,5,web
T001314,C00471,25/10/2024,$135.41,5,Mobile
T001796,C00241,"April 23, 2024",$202.42,4,in-store
T002246,C00294,2024-05-27, 1.00 ,1,WEB 
T003448, C00835 ,2024-05-14T02:56:00Z,$110.33,5, mobile
T002682,C00822,13/06/2024,$7.47,3,web
T005921,C00502,2024-02-23T16:31:00Z, 139.13 ,1,web
T006814,C00416,"August 1, 2024", 232.67 ,4,In-Store
T007628,C00132,2024-09-24T12:24:00Z,69.66,2, mobile
T005595,C00330,2024-02-24,28.88,3,web
T007780,C00434,2024-06-16,106.55,5, mobile
T003140,C00023,"December 26, 2024",$1.00,1,web
T000407,C00188,2024-03-01T02:28:00Z,121.09,2,Mobile
T007421,C00889,12/07/2024, 165.81 ,  , mobile
T005293,C00477,2024-07-18,103.65,2,Web
T007695,C00621,08/12/2024, 162.16 ,5,in-store
T001958, C00879 ,"July 23, 2024", 85.35 ,3,WEB 
T004739,C00056,2024-09-06,127.72,3, mobile
T006269,C00761,2024-04-22T19:04:00Z,$211.46,4,Mobile
T003770,C00316,2024-06-27T18:09:00Z,$50.16,4,Web
T005593,C00440,24/02/2024,188.50,3,In-Store
T001135,C00765,2024-11-14T08:14:00Z,$209.32,1,in-store
T000875,C00317,"April 16, 2024",$134.40,3,Mobile
T007204,C00612,2024-10-17T18:58:00Z,116.01,3, mobile
T003562,C00791,28/05/2024,$162.01,4,Web
T001228,C00171,18/05/2024,183.18,3,web
T002932,C00246,10/01/2024, 98.25 ,2,Mobile
T007546,C00046,"January 10, 2024",$62.60,4, mobile
T005548,C00703,20/12/2024,97.25,3,In-Store
T005240,C00815,16/08/2024, 47.75 ,4,in-store
T000796,C00027,2024-12-18, 103.66 ,5,web
T000809, C00138 ,2024-01-23T16:53:00Z,162.35,5,WEB 
T000010,C00691,2024-01-16, 68.24 ,5,Mobile
T007029,C00170,13/05/2024, 37.15 ,5,web
T006296,C00397,"September 23, 2024",228.62,2,in-store
T000238,C00089,2024-09-12,89.38,4, mobile
T003866,C00382,2024-01-08,$61.32,5, mobile
T000181,C00078,2024-01-09T06:32:00Z,102.59,4,WEB 
T003806,C00052,"January 22, 2024", 114.42 ,2,Mobile
T007228, C00207 ,2024-06-07,1.00,5,web
T002565,C00410,04/05/2024,177.74,2, mobile
T002635, C00166 ,12/02/2024,143.26,1,web
T000673,C00761,2024-02-02,$114.52,1,Web
T007318,C00324,"March 14, 2024",$169.55,1,web
T005134,C00470,11/01/2024, 171.19 ,5,Web
T006254,C00381,"June 21, 2024", 145.20 ,2, mobile
T003139,C00505,2024-06-21, 135.34 ,5,web
T003190,C00443,"April 21, 2024",$145.29,3,in-store
T006304,C00454,2024-01-14,$117.39,4,Mobile
T000495,C00732,"October 4, 2024",238.65,5,Mobile
T007423,C00814,17/10/2024, 150.55 ,3,Web
T000273,C00689,2024-02-15T19:29:00Z,$45.23,3,in-store
T007656,C00337,2024-08-13T19:04:00Z, 78.84 ,5,Web
T007923,C00507,11/12/2024, 154.36 ,5,In-Store
T000798, C00627 ,18/11/2024,$122.53,2,Web
T006176,C00207,2024-01-03,206.89,5,In-Store
T007650,C00537,22/03/2024,$189.46,1,in-store
T003221,C00100,11/11/2024,183.81,NA, mobile
T001913, C00191 ,"November 19, 2024", 207.30 ,5,Mobile
T005174,C00471,2024-05-25,145.73,4,Mobile
T000850,C00370,2024-03-14T07:01:00Z,$248.80,4, mobile
T007741,C00401,"May 23, 2024", 152.72 ,1, mobile
T003709,C00832,2024-03-09T05:00:00Z, 6.40 ,3,Web
T004621,C00371,"January 10, 2024",68.29,2,In-Store
T000794,C00799,2024-02-01T21:15:00Z,$152.03,5,WEB 
T002811,C00089,2024-09-19,102.07,3,in-store
T006110,C00365,2024-01-28T03:45:00Z,$103.13,2,web
T006422,C00245,"March 20, 2024", 217.60 ,null,web
T002587,C00625,27/10/2024,$1.00,4,web
T000625,C00052,2024-12-06,128.27,2,Web
T002528, C00311 ,2024-05-01, 124.17 ,3,web
T001410,C00866,2024-06-22,151.90,4, mobile
T003214,C00650,09/10/2024,69.25,3,Mobile
T001428,C00564,27/06/2024,$104.78,3,Web
T002552,C00478,"October 27, 2024",$198.95,4,Mobile
T004459,C00545,2024-01-11T18:02:00Z, 64.34 ,2,In-Store
T003807,C00621,06/12/2024,107.84,4,web
T004675,C00092,2024-12-25T12:18:00Z, 268.83 ,1,WEB 
T007908,C00469,06/01/2024, 201.25 ,3,Web
T000877,C00655,2024-04-17T23:49:00Z,$64.42,2,Web
T000588,C00650,22/07/2024,148.68,5, mobile
T001212, C00095 ,2024-01-19,123.75,4,WEB 
T006194,C00768,06/10/2024,269.91,N/A,Mobile
T004647,C00825,2024-08-18T13:09:00Z, 177.53 ,5,WEB 
T005296,C00658,"February 26, 2024",132.61,2,web
T007455,C00098,"December 11, 2024",$68.30,5,Mobile
T005865,C00886,2024-06-15T03:30:00Z, 17.04 ,3,in-store
T003814, C00225 ,17/03/2024,$98.35,4,Mobile
T000422,C00648,2024-06-21,$103.16,3,Web
T001292,C00289,2024-02-16,108.98,3,Mobile
T004791, C00401 ,2024-01-02,$155.70,3,Web
T003954,C00156,2024-12-26T09:57:00Z, 167.92 ,2,Mobile
T003303,C00371,02/01/2024, 86.24 ,4,Web
T002884,C00693,2024-08-06T14:42:00Z,159.77,NA,in-store
T004379,C00505,2024-02-01T05:36:00Z, 148.31 ,4,in-store
T006168,C00791,2024-12-16T20:27:00Z,$29.07,5,web
T004518,C00636,"May 3, 2024", 125.33 ,2,WEB 
T006005,C00599,2024-11-13T03:47:00Z,164.03,5,web
T005521,C00730,"October 3, 2024", 102.32 ,2, mobile
T007073,C00206,01/08/2024, 36.56 ,1, mobile
T005686,C00830,"May 11, 2024", 74.66 ,5,Web
T000593,C00027,19/03/2024,$53.03,2,Mobile
T004118,C00297,2024-01-15T02:30:00Z,$199.62,2,In-Store
T005939,C00625,09/04/2024,99.31,5,Mobile
T005037,C00678,2024-07-04,99.46,3,WEB 
T006574, C00111 ,"April 21, 2024",173.07,5,WEB 
T006353,C00032,2024-02-23T16:10:00Z,$173.80,3,Web
T005243,C00430,2024-11-15, 93.68 ,2,In-Store
T004256,C00572,06/12/2024,$152.85,4,web
T001416,C00319,2024-05-18,145.47,null,Web
T006054,C00065,2024-03-05,93.02,5,in-store
T001957,C00223,"August 1, 2024",$58.27,1,Mobile
T007868,C00290,2024-02-15,$114.68,1,web
T004988,C00029,13/10/2024,$244.19,5,WEB 
T004942,C00532,2024-04-24T20:43:00Z, 73.95 ,1,Web
T007782,C00540,2024-12-08T23:33:00Z,$1.00,3,WEB 
T005839,C00059,2024-02-12T21:19:00Z,237.60,5,Web
T002201,C00191,2024-06-05T12:17:00Z,$18.84,2, mobile
T003328,C00694,"March 13, 2024",116.75,1, mobile
T003992,C00226,2024-09-09, 88.76 ,4,Mobile
T004059, C00083 ,2024-07-15T09:47:00Z, 114.03 ,5,web
T002110,C00404,2024-01-20,$205.91,2,WEB 
T000523,C00023,2024-12-18,67.36,2,web
T003103,C00585,17/12/2024,178.28,2,In-Store
T003250,C00364,2024-08-12T13:53:00Z,$1.00,4,WEB 
T006361,C00851,18/08/2024, 180.38 ,4,WEB 
T004804,C00190,07/12/2024, 161.73 ,5,web
T001244,C00150,08/05/2024, 76.02 ,2, mobile
T000029,C00408,2024-05-02,214.32,2,web
T005735,C00774,2024-08-11T13:27:00Z,81.63,2,Mobile
T003707, C00073 ,"September 15, 2024", 126.79 ,3,Web
T006210,C00426,06/09/2024, 255.59 ,4,in-store
T004974,C00128,2024-02-21,7.17,5,In-Store
T003748,C00627,"July 17, 2024",$44.80,2,Mobile
T003916,C00318,24/03/2024,$1.00,5,Mobile
T005633,C00167,"August 8, 2024",$153.84,1,WEB 
T007044, C00505 ,"December 14, 2024",$79.18,4, mobile
T004868,C00203,13/10/2024, 180.89 ,4, mobile
T004008,C00348,"September 2, 2024",$135.74,4, mobile
T005319,C00302,2024-03-25, 110.74 ,4,web
T007061,C00602,27/11/2024,$2.44,4,Mobile
T003407,C00612,2024-01-10, 136.74 ,4,in-store
T005042,C00715,"January 27, 2024",$157.43,4,WEB 
T002705, C00762 ,12/10/2024, 87.51 ,3,In-Store
T007403,C00626,"December 10, 2024",$255.66,3,web
T007493,C00540,25/10/2024, 232.76 ,3,web
T003043,C00313,"November 26, 2024", 179.06 ,2,WEB 
T003023,C00868,2024-10-18T20:38:00Z,142.70,4,WEB 
T004353,C00327,2024-06-01, 168.62 ,2,in-store
T006416,C00037,2024-11-24T08:36:00Z, 204.89 ,3, mobile
T003046,C00118,"October 19, 2024",$139.61,2, mobile
T006960, C00782 ,04/08/2024,$51.04,5,Web
T000301,C00310,15/06/2024, 108.17 ,1,In-Store
T002369,C00293,"September 22, 2024",1.00,2,in-store
T001974,C00289,2024-07-10T04:11:00Z, 209.23 ,2,WEB 
T001384,C00455,06/03/2024, 17.93 ,3,In-Store
T003435,C00137,07/05/2024,121.69,1,In-Store
T003315,C00219,18/05/2024, 307.24 ,3,Mobile
T003693,C00375,07/06/2024,128.09,1,Mobile
T000090,C00077,2024-10-16,111.63,1, mobile
T002576,C00208,2024-07-02T20:28:00Z,241.81,5,Web
T003711,C00022,"January 2, 2024",$147.63,4,Mobile
T001161,C00355,28/05/2024, 114.52 ,1,Mobile
T007533,C00893,"December 20, 2024", 1.00 ,4,web
T000926,C00628,2024-11-07,157.57,5,In-Store
T003561,C00158,2024-05-25T15:24:00Z,$111.94,3,Mobile
T003189,C00644,2024-03-24, 139.11 ,3,Mobile
T001027,C00368,2024-07-17T18:40:00Z, 183.00 ,1,Mobile
T004313,C00056,2024-02-24,$33.32,2,WEB 
T003972,C00239,"March 23, 2024", 226.37 ,1,Mobile
T000818,C00646,2024-04-12,$79.10,1,WEB 
T004717,C00804,2024-03-15,$180.23,5,in-store
T005242,C00695,"November 16, 2024",15.58,5,in-store
T007797,C00727,18/02/2024,18.39,3,Mobile
T002172, C00344 ,28/08/2024,$138.19,2,Mobile
T005427,C00767,2024-06-14, 131.85 ,3,web
T004321,C00148,2024-12-22T13:09:00Z,174.78,3,Web
T004858,C00317,"May 8, 2024",139.96,1,in-store
T003252,C00799,2024-03-24T12:55:00Z,$119.74,3,Web
T001013, C00708 ,03/02/2024,$82.21,3,In-Store
T006320,C00408,"March 9, 2024",59.13,5,Mobile
T001038,C00623,2024-11-06T00:41:00Z,$154.42,3,In-Store
T004757,C00699,"May 5, 2024",182.26,4,In-Store
T007112,C00530,2024-10-05T12:03:00Z, 117.33 ,4,Web
T002104,C00832,"August 8, 2024",144.25,1,WEB 
T000762,C00183,24/02/2024,$171.53,5,Mobile
T001495,C00830,2024-12-11T11:40:00Z, 124.81 ,3,in-store
T000883,C00630,17/08/2024,$156.98,3,Web
T002800,C00793,10/12/2024, 156.78 ,3, mobile
T004137,C00358,2024-03-21T14:50:00Z, 93.65 ,1, mobile
T002254, C00159 ,2024-03-15, 184.36 ,2, mobile
T004276,C00318,2024-01-06T18:08:00Z, 79.51 ,3,In-Store
T000965,C00237,2024-04-04,$148.36,1,WEB 
T002285,C00634,2024-08-03T21:26:00Z, 21.72 ,1,Mobile
T001551,C00338,"March 19, 2024",64.32,4,In-Store
T004101,C00650,2024-06-12T07:06:00Z,$272.93,5,Web
T002339,C00088,2024-07-27,124.71,4,In-Store
T000894,C00657,25/07/2024,$159.29,3,in-store
T006546,C00424,02/08/2024,182.83,2,In-Store
T006993,C00617,"September 23, 2024",121.79,3,In-Store
T002029,C00262,2024-12-12T13:48:00Z, 8.45 ,3,In-Store
T001209, C00574 ,2024-08-11, 187.09 ,4,Mobile
T003622,C00887,2024-09-21T06:09:00Z,$193.65,4,web
T002964,C00556,2024-02-18,195.22,1,In-Store
T001697,C00808,"August 6, 2024",1.00,3,Mobile
T006583, C00620 ,2024-05-16T09:48:00Z,123.44,2,In-Store
T005685,C00358,2024-02-11, 73.78 ,5,WEB 
T003580,C00862,2024-03-18,60.51,3,Web
T004662,C00371,"February 3, 2024",190.83,3,WEB 
T005672,C00832,"July 25, 2024",$38.28,3,In-Store
T000983,C00137,2024-11-25,187.46,3,In-Store
T004932,C00353,"August 2, 2024", 116.21 ,3,Web
T002749,C00484,2024-08-15,2.87,2,Mobile
T004088,C00834,2024-08-11, 219.26 ,5,In-Store
T003222,C00389,2024-09-28, 78.83 ,5,WEB 
T002221,C00393,18/10/2024,68.09,4, mobile
T005442,C00224,"July 10, 2024", 4.28 ,4,WEB 
T005013, C00277 ,2024-02-06,$190.18,N/A, mobile
T001121,C00237,2024-10-22T05:46:00Z, 77.15 ,1,Mobile
T004238, C00777 ,18/09/2024,$105.56,4,web
T000445,C00365,2024-08-13T09:30:00Z,$184.71,1,Web
T002118,C00536,"July 12, 2024",$81.76,  , mobile
T007988,C00271,15/05/2024, 112.77 ,2, mobile
T004113,C00358,20/08/2024, 174.73 ,2,in-store
T003327,C00091,2024-10-20T15:46:00Z,$41.61,4,Web
T000851,C00410,17/07/2024, 135.41 ,1,web
T001765,C00412,"June 27, 2024", 190.80 ,N/A, mobile
T005933,C00340,2024-02-24, 138.84 ,3,Web
T001564,C00002,03/12/2024,95.84,2, mobile
T003354, C00713 ,11/07/2024,$201.46,3,Mobile
T003116,C00336,2024-03-09,$154.67,4,web
T006469,C00064,05/04/2024, 84.37 ,5, mobile
T002161,C00835,"January 21, 2024",180.25,4,in-store
T001523, C00745 ,2024-09-22,$87.96,4,in-store
T007522,C00608,2024-09-24,$194.28,4, mobile
T000494,C00593,"March 11, 2024", 1.00 ,4, mobile
T003211,C00219,2024-09-16,$181.91,5, mobile
T000575,C00596,2024-12-26,$153.20,2,In-Store
T005492,C00321,2024-01-04,$179.80,3,web
T001514,C00143,2024-01-07,$77.70,1,Web
T005344,C00722,26/01/2024,$218.82,1,WEB 
T003001,C00218,06/08/2024,$135.21,3,WEB 
T007872, C00181 ,2024-07-01T00:05:00Z, 110.47 ,5,in-store
T007127,C00103,2024-04-27,$225.58,3,in-store
T006149,C00829,2024-05-11,1.00,3,WEB 
T001946,C00634,"December 2, 2024",140.57,2,in-store
T006463,C00864,"November 13, 2024", 6.88 ,2,Web
T006705,C00392,"December 3, 2024", 176.51 ,2,in-store
T005471,C00142,"May 19, 2024",$153.68,5,WEB 
T003627,C00674,14/10/2024, 53.24 ,3,WEB 
T001143,C00247,18/08/2024, 196.05 ,5,web
T004019,C00448,2024-03-01,$170.73,1, mobile
T000755,C00827,2024-04-19T00:01:00Z,263.25,5,in-store
T007343, C00877 ,"October 15, 2024",$1.00,1, mobile
T004391,C00510,2024-12-25T20:29:00Z,$174.63,2,Web
T000034,C00294,04/03/2024,$115.37,5,In-Store
T002774,C00726,"July 2, 2024", 150.77 ,NA,in-store
T001645,C00330,"January 14, 2024", 69.92 ,2,WEB 
T006708,C00526,06/06/2024, 150.04 ,5,web
T001521,C00647,03/09/2024, 147.51 ,4,in-store
T000444,C00093,2024-06-02, 106.98 ,4, mobile
T006077,C00183,2024-11-21T03:20:00Z, 102.98 ,2,Mobile
T000947,C00114,2024-01-21T10:12:00Z,158.66,5,Mobile
T007789,C00777,2024-09-07T09:44:00Z,140.41,2,WEB 
T000403,C00345,2024-02-18,119.93,5,Web
T001440,C00075,"May 24, 2024",$61.43,1,Mobile
T003995,C00719,"November 15, 2024", 107.73 ,3,Mobile
T002478, C00593 ,27/09/2024, 104.88 ,3,Web
T002979,C00289,03/07/2024, 171.80 ,1,Mobile
T000664,C00037,17/12/2024, 181.96 ,1,Mobile
T000698,C00436,01/08/2024,$141.70,3,In-Store
T002494,C00123,2024-10-17,$257.10,3, mobile
T005057,C00776,"April 25, 2024",1.00,2,Mobile
T003982,C00449,2024-02-18,$88.88,4,in-store
T003305,C00731,2024-11-20T08:11:00Z, 224.96 ,2,Web
T002571,C00123,2024-02-20T02:13:00Z,76.46,2,In-Store
T000328,C00596,17/08/2024, 66.67 ,5,web
T002806,C00506,2024-07-16T00:19:00Z,285.07,5,Mobile
T000981,C00644,"October 13, 2024", 175.97 ,4,in-store
T006324,C00079,"May 26, 2024",91.73,2, mobile
T003238, C00555 ,"April 22, 2024",$38.87,3,web
T000774,C00064,20/12/2024,$111.46,2,Mobile
T003511,C00302,2024-08-20T18:04:00Z,98.09,4,Web
T001037,C00498,2024-02-21,1.00,1,WEB 
T006809,C00755,2024-01-28,$192.89,4,Mobile
T005834,C00587,03/01/2024, 44.49 ,2,web
T002517,C00412,28/02/2024, 212.29 ,3,in-store
T002735,C00558,"August 13, 2024", 75.61 ,1,in-store
T003742,C00223,2024-10-22T21:41:00Z, 124.30 ,3,Web
T001168,C00015,"August 14, 2024", 179.31 ,5,Web
T000068,C00402,25/05/2024, 202.12 ,5,WEB 
T000692,C00528,2024-09-14T15:19:00Z, 90.59 ,5,Mobile
T002703,C00253,2024-11-14T07:22:00Z, 76.21 ,3,Mobile
T003725,C00049,2024-11-12T03:13:00Z,$83.47,5,in-store
T001955,C00185,"May 1, 2024",$121.52,1,In-Store
T002795,C00416,2024-04-26,$54.33,4,In-Store
T001313,C00283,2024-06-19T16:33:00Z, 129.55 ,4, mobile
T004294,C00108,2024-12-22, 112.17 ,5, mobile
T007596,C00895,25/12/2024,$288.64,4,In-Store
T002756,C00268,2024-12-03T01:02:00Z,137.50,3,Web
T003738,C00850,"April 24, 2024",$145.59,1,in-store
T001680,C00671,15/09/2024,$80.57,3,WEB 
T001689,C00002,"November 19, 2024", 78.89 ,2,in-store
T003737,C00464,2024-11-01T08:13:00Z,17.63,2, mobile
T006748,C00193,2024-11-14,$159.34,5, mobile
T002288,C00083,"May 23, 2024",82.34,2,Mobile
T006291,C00851,2024-04-12T10:50:00Z,$209.25,5, mobile
T006891,C00370,2024-09-10T12:47:00Z,189.73,3,Mobile
T002640,C00133,12/01/2024, 133.38 ,  ,Web
T004081,C00806,2024-04-20, 176.51 ,1, mobile
T002918,C00068,2024-01-11T19:19:00Z,108.19,5,In-Store
T007475,C00706,2024-08-18T21:07:00Z,111.19,null,in-store
T007226, C00640 ,2024-02-08T15:53:00Z,$200.84,3,in-store
T005340,C00617,22/04/2024,$103.21,3,in-store
T000703,C00460,15/11/2024,87.60,  , mobile
T005789,C00867,08/09/2024,154.74,5,web
T004633,C00039,2024-02-21T03:29:00Z,$182.52,2,Mobile
T007719,C00377,2024-07-26T08:46:00Z,68.21,5,in-store
T007301,C00250,"June 14, 2024",$68.29,2,Web
T000190,C00659,"April 13, 2024",$237.99,5,In-Store
T000431,C00581,2024-04-19,83.53,2,web
T003041,C00736,2024-07-13, 85.85 ,5,WEB 
T007889,C00172,12/01/2024,257.69,5,web
T004214,C00438,2024-08-14T19:14:00Z,$52.72,1,web
T006351,C00365,16/03/2024,$71.93,1,in-store
T006665, C00869 ,01/09/2024,$150.89,1, mobile
T005020,C00592,12/07/2024, 164.10 ,5,web
T004254,C00515,2024-11-05T01:53:00Z,85.49,5,In-Store
T002464,C00301,"August 5, 2024",$135.87,3,In-Store
T000218,C00428,2024-05-08T16:49:00Z, 221.84 ,1,web
T002013,C00534,2024-04-15, 131.27 ,2, mobile
T000366,C00074,"August 5, 2024", 176.91 ,2,web
T002885,C00868,2024-03-25, 33.73 ,2,in-store
T007141,C00395,19/09/2024, 132.66 ,5,WEB 
T002667,C00503,2024-05-13T10:17:00Z,$246.08,2,Web
T003565,C00676,2024-02-18T01:19:00Z,225.68,1,In-Store
T000718,C00839,2024-12-16T08:07:00Z, 184.51 ,5, mobile
T000263,C00421,"November 9, 2024",$160.52,3,web
T001515,C00792,"September 9, 2024",$25.30,5, mobile
T003068,C00350,"December 26, 2024",$69.06,4, mobile
T007643,C00423,2024-08-08,$104.97,1,web
T006419,C00066,23/04/2024,$61.79,3,In-Store
T006591, C00561 ,2024-08-22,120.95,1,Mobile
T002140,C00123,2024-09-21,262.00,  ,Web
T005971,C00312,2024-04-20T07:36:00Z,$265.57,1, mobile
T002582,C00793,2024-02-11,139.60,3, mobile
T006521,C00026,2024-08-04T19:17:00Z, 99.70 ,2,In-Store
T004233,C00013,"January 10, 2024",127.43,2,WEB 
T002536,C00722,2024-05-10,$71.11,3,in-store
T004737,C00043,2024-11-03,$96.46,4, mobile
T003209,C00254,2024-04-01T00:05:00Z,13.49,5,WEB 
T007161,C00791,05/08/2024,$280.73,3,in-store
T002627,C00211,"May 9, 2024", 135.95 ,1,web
T001155,C00329,"March 5, 2024", 180.73 ,2,WEB 
T004864,C00733,"September 20, 2024",68.87,3,WEB 
T002328, C00194 ,2024-11-09T04:06:00Z, 145.23 ,5,Web
T007937,C00038,2024-11-28T11:57:00Z,$135.58,1,Web
T004384,C00714,"February 26, 2024",$175.61,1,web
T001719,C00003,2024-06-14,$113.71,5, mobile
T004195,C00434,2024-04-21,137.46,3,Web
T000842,C00886,"January 21, 2024", 43.16 ,5,WEB 
T007178,C00566,2024-03-26,$167.00,2,Web
T001199,C00613,2024-05-09, 136.73 ,3,In-Store
T001776,C00218,21/02/2024, 168.33 ,4,In-Store
T000008,C00796,"August 8, 2024",$129.31,2, mobile
T001445,C00467,12/12/2024,137.63,,Mobile
T000035,C00566,2024-04-01T16:39:00Z, 217.32 ,3,Mobile
T002815,C00161,2024-06-23T23:29:00Z,$173.28,1,WEB 
T005463, C00435 ,2024-04-22T06:43:00Z,$92.39,3,in-store
T007513,C00588,21/11/2024,$97.69,1,Web
T000019,C00595,15/08/2024,$143.54,4,WEB 
T006506,C00721,04/05/2024,$226.84,4,Mobile
T007092,C00238,15/08/2024, 84.71 ,1,Web
T007233,C00227,2024-01-23T01:44:00Z,6.32,5,web
T005781, C00530 ,2024-05-05T18:02:00Z, 76.04 ,3,Web
T001876,C00248,"April 10, 2024",75.09,3,web
T005052,C00205,"July 7, 2024",$194.49,5,web
T007593,C00459,"December 18, 2024",102.11,1, mobile
T006412,C00351,2024-12-09,94.47,3,in-store
T003501,C00309,15/08/2024,$145.70,5,Mobile
T001181,C00810,2024-08-19T09:11:00Z,$167.71,  , mobile
T005908,C00203,2024-01-24T02:52:00Z, 1.00 ,5, mobile
T004029,C00291,2024-02-16T01:39:00Z, 196.34 ,4,in-store
T000913,C00497,2024-07-17T20:56:00Z, 205.09 ,1, mobile
T001856,C00542,2024-10-07,$150.93,3,web
T007323,C00074,2024-07-20,$160.15,5,In-Store
T007721,C00105,14/02/2024,$54.88,5,Mobile
T000907,C00108,"May 13, 2024",$44.27,4,WEB 
T002939, C00081 ,2024-12-20T05:42:00Z,125.82,2,web
T006373,C00511,"August 2, 2024", 156.88 ,3,WEB 
T002535,C00668,28/10/2024,136.94,4,In-Store
T006545,C00310,11/12/2024, 80.15 ,1, mobile
T006861,C00267,24/11/2024,144.75,5,In-Store
T002278, C00134 ,"April 10, 2024", 35.69 ,3,In-Store
T005983,C00436,"November 22, 2024", 186.51 ,5,web
T001499, C00603 ,13/11/2024, 166.78 ,3,in-store
T001076,C00063,2024-01-11,66.88,  ,web
T006555,C00892,26/04/2024, 128.93 ,1,in-store
T000636,C00238,2024-08-04, 118.59 ,2,in-store
T006684,C00207,2024-01-24, 1.00 ,4,Web
T005015,C00409,"June 8, 2024",$41.84,4, mobile
T003833,C00851,"August 27, 2024", 135.19 ,4,Web
T006101,C00835,"October 8, 2024",$80.99,1,Mobile
T001029,C00034,2024-12-02T16:33:00Z,$179.98,5,in-store
T004130,C00218,15/11/2024,$150.38,5,Mobile
T001887,C00325,2024-05-22T14:52:00Z,37.59,4,Web
T000806,C00701,"June 24, 2024",97.55,2,In-Store
T007185,C00056,2024-07-22T19:32:00Z, 124.63 ,null, mobile
T007945,C00380,2024-04-25,55.47,5,Mobile
T007907,C00110,11/12/2024, 141.26 ,  ,in-store
T002184,C00089,2024-03-13T11:12:00Z, 100.11 ,4,in-store
T003827,C00637,16/07/2024, 91.16 ,1,In-Store
T003577,C00373,2024-07-10,161.45,3,web
T002481,C00012,2024-06-22,126.07,4,Web
T005095,C00762,"July 5, 2024",92.26,2,in-store
T000707,C00847,"October 7, 2024",$44.35,2,Web
T004707,C00469,2024-02-11,202.85,,web
T001481,C00731,25/04/2024,$43.84,1,in-store
T001001,C00656,2024-08-23T20:26:00Z,158.69,NA, mobile
T003623,C00059,2024-04-05T15:35:00Z,$136.26,3,web
T001188,C00730,2024-02-15T14:12:00Z,168.10,3,Web
T000174,C00691,"April 7, 2024", 19.77 ,1, mobile
T000018,C00696,2024-01-02T05:48:00Z,$188.95,3, mobile
T001550, C00239 ,2024-08-18T09:17:00Z,84.64,3,WEB 
T002243,C00172,2024-09-26T23:51:00Z, 175.48 ,4, mobile
T003834,C00084,"June 1, 2024",$228.20,3, mobile
T001058,C00296,2024-04-25T01:55:00Z,110.84,5,web
T006108,C00370,2024-12-08T14:59:00Z,23.72,2, mobile
T001775,C00288,"June 17, 2024", 141.52 ,4,in-store
T004246,C00355,2024-05-02T14:28:00Z,$21.24,2,web
T006075, C00320 ,10/12/2024,91.66,4,Mobile
T004796,C00225,2024-05-05T09:40:00Z,198.70,2,in-store
T007164,C00052,2024-06-17,$197.72,4,In-Store
T003226,C00487,2024-10-06T10:24:00Z,$88.74,1,in-store
T007536,C00887,2024-04-26,$45.23,4,Mobile
T003908,C00760,"January 17, 2024",122.64,2,Web
T002917,C00146,2024-11-07T22:23:00Z,125.88,3,web
T007975,C00771,"October 27, 2024",$133.45,4,in-store
T005587,C00596,2024-02-04, 103.69 ,5, mobile
T006949,C00249,"October 7, 2024",$25.98,2,Web
T005788,C00668,07/01/2024, 111.38 ,4,WEB 
T003841,C00348,"July 10, 2024",129.15,3,in-store
T001568,C00173,2024-10-24T14:16:00Z,$64.83,3,in-store
T002234,C00656,"January 17, 2024", 88.66 ,4,web
T001104, C00810 ,14/05/2024,$157.27,4,web
T001554,C00405,"January 5, 2024",$47.00,2,WEB 
T007745,C00040,26/01/2024,$132.13,1,WEB 
T005411,C00762,"July 4, 2024",$195.13,4,Mobile
T006049, C00787 ,2024-03-17,82.06,3,web
T000121,C00485,10/08/2024,$1.00,4,WEB 
T001806,C00664,2024-09-28T17:03:00Z,$206.30,5,WEB 
T005127,C00606,"December 17, 2024", 135.23 ,3,in-store
T000337,C00344,22/09/2024,$93.46,2,Web
T000372, C00832 ,2024-11-10T22:41:00Z,$180.53,5,web
T000714,C00031,"January 2, 2024",134.01,5,in-store
T000260,C00275,2024-11-06T00:59:00Z,165.03,1,Mobile
T003380,C00256,2024-10-27, 185.36 ,5,Web
T004789,C00224,"December 7, 2024",1.00,4,Web
T005852,C00369,2024-03-20T01:52:00Z, 63.86 ,4,Mobile
T006290,C00093,19/12/2024,47.68,3,In-Store
T003859,C00695,2024-07-05,$126.82,5,Web
T006979,C00537,2024-05-24T22:42:00Z, 210.33 ,3,Mobile
T003204,C00159,09/11/2024, 147.41 ,3,WEB 
T002457,C00658,"January 6, 2024",$113.56,1,Web
T005954,C00592,2024-11-07,$120.87,1,Web
T005418, C00288 ,04/02/2024,13.35,1,in-store
T003249,C00389,2024-09-12,$16.67,1,web
T005548,C00703,20/12/2024,97.25,3,In-Store
T002404,C00024,2024-02-10, 61.01 ,4,Mobile
T007211,C00760,2024-12-11T19:06:00Z,$35.23,4,In-Store
T002150,C00720,01/07/2024, 89.83 ,3,Mobile
T004258,C00107,2024-04-26,264.66,1,WEB 
T001615,C00288,2024-08-07T19:35:00Z, 50.71 ,2,WEB 
T003548,C00568,25/05/2024,$86.06,5,Mobile
T002432,C00817,23/04/2024,$165.66,1, mobile
T007190, C00537 ,07/06/2024,$155.96,2,Web
T007956,C00524,2024-06-28T16:04:00Z,214.32,4,WEB 
T007462,C00313,2024-11-27,$13.54,3,in-store
T000111,C00222,2024-06-01T06:01:00Z,60.18,5,in-store
T004312,C00051,2024-06-03,101.11,1,web
T006042, C00234 ,27/02/2024, 86.05 ,4,WEB 
T004338,C00518,2024-01-22T10:34:00Z, 133.35 ,4, mobile
T004783,C00606,2024-04-27T06:14:00Z, 71.86 ,4,in-store
T004860,C00658,"January 23, 2024", 129.28 ,4,web
T000504, C00182 ,18/05/2024, 69.47 ,2,Mobile
T007618,C00893,08/01/2024,113.22,2,in-store
T001619,C00753,"March 14, 2024",77.85,2,Web
T004526,C00547,12/12/2024,$122.59,1,Web
T002364, C00680 ,22/04/2024,63.00,3,web
T007300,C00802,"August 27, 2024", 185.38 ,5,Mobile
T004261,C00189,12/09/2024, 116.36 ,1,in-store
T005749,C00829,"April 11, 2024",$91.67,1,Mobile
T000603,C00367,20/12/2024, 91.18 ,4,in-store
T004123,C00240,2024-04-16,$42.69,4,Mobile
T000185,C00401,2024-07-07, 104.44 ,2,Web
T003616,C00125,2024-12-27T22:00:00Z, 71.65 ,5,in-store
T007786,C00037,2024-06-21T08:43:00Z,$80.06,3,Mobile
T001490,C00213,13/02/2024,$171.61,4,Mobile
T004071,C00027,2024-08-10,91.26,1,web
T002341, C00759 ,"July 7, 2024", 143.63 ,3, mobile
T004417,C00251,16/10/2024,214.21,5,web
T001394,C00563,02/11/2024,$109.66,1,web
T005314,C00830,06/12/2024, 65.75 ,3, mobile
T003877,C00113,"February 28, 2024", 10.42 ,5,in-store
T007938,C00374,2024-01-05,71.84,NA,WEB 
T006248,C00701,"July 11, 2024",105.31,1,in-store
T005334,C00024,24/06/2024, 131.55 ,3,web
T007163,C00481,2024-06-12,55.55,5,In-Store
T002089,C00450,2024-11-13,$311.01,2,in-store
T006251,C00553,2024-11-12,39.14,1,WEB 
T005288,C00129,2024-03-07T20:41:00Z,$131.64,4, mobile
T003607,C00485,27/04/2024,$249.74,3,in-store
T005978,C00012,06/05/2024,103.57,3,Web
T003760,C00803,23/05/2024,$50.45,3, mobile
T000699,C00017,2024-07-12,229.40,3,in-store
T006542,C00086,2024-03-06T17:13:00Z,$93.62,5,WEB 
T001844, C00656 ,2024-04-19, 171.35 ,2,Web
T001838,C00014,"March 11, 2024",201.44,1,Web
T004211,C00638,2024-04-24T10:26:00Z,26.90,5,In-Store
T007823,C00702,03/12/2024, 196.31 ,5,WEB 
T001732,C00357,2024-04-11T07:53:00Z,265.36,4,web
T007537,C00069,2024-09-20, 83.95 ,1,Mobile
T004442,C00640,"February 26, 2024",$231.33,3,in-store
T002706,C00394,"June 10, 2024",$110.05,4,Mobile
T007991,C00742,2024-12-13T17:29:00Z,19.48,3,web
T001586,C00462,2024-03-05T07:20:00Z,125.82,2,WEB 
T000657,C00116,07/03/2024,$136.52,5,in-store
T006702,C00631,2024-07-28, 176.98 ,3,In-Store
T004873,C00677,11/08/2024, 155.06 ,1,WEB 
T000962,C00730,25/07/2024,$51.92,4, mobile
T003848,C00399,05/05/2024,$92.68,2, mobile
T007359, C00582 ,"September 10, 2024",$172.48,5,In-Store
T007559,C00412,16/02/2024, 1.00 ,2,in-store
T001552, C00730 ,2024-05-01T08:39:00Z, 145.57 ,1, mobile
T007895,C00364,2024-03-20,$43.22,3, mobile
T006106,C00155,2024-07-22T07:38:00Z,$156.85,3,Web
T000240,C00007,10/02/2024, 60.86 ,3,Web
T000460,C00674,2024-04-16, 183.76 ,1,Mobile
T002796, C00713 ,"March 7, 2024",174.56,2, mobile
T004830,C00446,"September 9, 2024", 103.39 ,3,WEB 
T007600,C00787,2024-12-21T18:50:00Z,77.41,1,in-store
T007355,C00446,2024-07-19,107.03,2,Mobile
T002973,C00314,2024-10-23T22:08:00Z,$173.29,4,Web
T006880,C00610,2024-05-01T15:58:00Z,173.41,1,web
T005304,C00063,2024-02-14,$62.43,5,Mobile
T006061,C00298,15/07/2024,$59.81,4,web
T006947,C00473,2024-08-01T01:56:00Z, 121.23 ,2,in-store
T000725,C00367,2024-11-09,$75.09,4, mobile
T007258,C00039,"November 4, 2024",122.27,5,web
T000854,C00479,2024-03-25T08:52:00Z,23.00,4,WEB 
T000792,C00080,28/08/2024,$111.77,3,web
T000776,C00211,04/08/2024, 119.57 ,5,web
T003766, C00166 ,2024-01-07T07:36:00Z,132.34,4,web
T001720,C00088,2024-06-03,$30.93,3,WEB 
T003401,C00841,2024-03-03, 132.71 ,3,In-Store
T003618,C00210,2024-11-17T17:46:00Z,229.82,1,Web
T000305,C00512,"November 5, 2024", 72.94 ,5,In-Store
T007451,C00047,2024-06-16,$98.80,2, mobile
T007084,C00586,08/09/2024, 77.15 ,2,web
T002077,C00328,2024-11-14T12:17:00Z,$10.79,2,Web
T007060,C00900,2024-08-07, 135.06 ,3,WEB 
T003353,C00641,2024-06-25,$135.98,1,Web
T003002,C00786,2024-10-26T21:16:00Z,$94.69,1,WEB 
T003753,C00249,2024-02-12,63.75,3, mobile
T000819,C00287,2024-07-27T05:19:00Z,84.31,2,In-Store
T000168,C00324,"May 19, 2024", 158.73 ,4, mobile
T002083,C00271,"January 20, 2024", 143.58 ,4,in-store
T005427,C00767,2024-06-14, 131.85 ,3,web
T000902,C00004,2024-09-20,$100.68,3,In-Store
T005126, C00596 ,2024-06-19T17:45:00Z, 34.54 ,4,WEB 
T002747,C00504,2024-11-26, 80.69 ,4, mobile
T003786,C00583,2024-01-16,65.28,3,web
T005728,C00664,2024-04-27T22:20:00Z, 73.54 ,1,WEB 
T001020,C00548,"January 13, 2024", 67.50 ,5,in-store
T000875,C00317,"April 16, 2024",$134.40,3,Mobile
T002805,C00134,"October 8, 2024",$106.93,5,in-store
T006489,C00887,"July 5, 2024",$181.25,2,WEB 
T003536,C00041,27/03/2024,54.84,2,Mobile
T003820,C00077,2024-10-26,153.70,4, mobile
T002130,C00623,2024-05-05,$143.95,2,web
T007090,C00418,2024-11-11,$130.06,4,Mobile
T003835,C00891,24/03/2024,107.30,5,Web
T005186,C00650,2024-10-19T22:52:00Z,95.02,5,WEB 
T006186,C00326,20/04/2024,$142.21,4, mobile
T000073,C00802,09/02/2024,$184.39,3,Mobile
T000820,C00484,15/01/2024,$150.92,4, mobile
T001429,C00132,2024-11-12T00:01:00Z, 109.18 ,2,Mobile
T007105,C00788,2024-01-14T11:35:00Z, 192.53 ,5,WEB 
T005003,C00779,2024-06-10T03:30:00Z,55.20,5,Mobile
T002071,C00626,06/07/2024, 242.11 ,3, mobile
T005611,C00067,2024-03-09,1.00,3,in-store
T002094,C00214,2024-11-15T22:53:00Z, 165.39 ,1,WEB 
T005719,C00421,26/01/2024,$167.10,,In-Store
T004589,C00331,"July 10, 2024", 55.18 ,1,WEB 
T002929,C00487,2024-07-24T10:53:00Z,75.46,4,WEB 
T006970, C00686 ,13/02/2024,$100.97,2,Web
T002486,C00428,18/09/2024,$20.54,5,Mobile
T007827, C00274 ,20/01/2024, 107.90 ,4,in-store
T003352,C00564,"November 21, 2024",$120.17,3,Web
T005882,C00141,"March 9, 2024", 73.69 ,1, mobile
T005239,C00658,2024-10-23T15:11:00Z, 137.92 ,5,In-Store
T006996,C00869,02/02/2024, 123.54 ,2,Web
T001066,C00357,04/11/2024,$83.09,5,web
T001984,C00833,"December 1, 2024", 114.33 ,1,WEB 
T006440,C00110,2024-07-18T04:30:00Z,156.21,4, mobile
T004089,C00211,"October 26, 2024", 112.52 ,5,Web
T005566, C00268 ,23/12/2024,$143.07,5,in-store
T002910,C00792,2024-10-03T13:22:00Z,$1.00,5,Mobile
T000990,C00437,2024-09-23T14:54:00Z,$24.58,5,in-store
T005998,C00652,2024-05-07, 115.22 ,4, mobile
T001701,C00186,2024-08-24T20:05:00Z,$179.34,5,Mobile
T001189,C00026,"October 8, 2024",$123.87,2,in-store
T003044,C00562,2024-09-06,60.70,5,WEB 
T000021,C00733,2024-11-26T08:03:00Z,$92.64,5,WEB 
T004889,C00043,2024-12-06,$213.98,3, mobile
T001972,C00739,2024-02-18, 122.96 ,5,Web
T001461,C00088,"July 3, 2024",$113.11,1,in-store
T002957, C00417 ,2024-02-18, 43.51 ,2,in-store
T000336,C00435,2024-07-20, 79.17 ,4,WEB 
T001295,C00766,2024-02-08T16:07:00Z,$212.06,4,Mobile
T001885,C00081,2024-08-20,102.17,5,WEB 
T002338,C00480,2024-05-12T15:59:00Z,$89.54,5,web
T005549,C00758,2024-02-26T01:08:00Z,$206.22,2,WEB 
T004979,C00255,2024-04-23T07:09:00Z, 203.71 ,5,WEB 
T004672,C00135,"January 5, 2024", 90.48 ,1, mobile
T001591,C00263,"May 15, 2024",$201.71,4,in-store
T007584,C00696,2024-06-16, 128.68 ,2,Web
T006395,C00707,2024-02-03T09:54:00Z, 138.84 ,5,Mobile
T002789,C00267,2024-07-12T22:02:00Z, 304.25 ,5,Mobile
T003445,C00109,2024-07-23T14:31:00Z,$110.43,2,web
T002178, C00735 ,19/03/2024,$8.71,5, mobile
T004141,C00396,2024-01-22,127.08,2,web
T007728,C00123,2024-03-12T16:31:00Z,$104.74,2, mobile
T002809,C00247,"September 28, 2024",$203.23,5,In-Store
T005670,C00646,14/12/2024,$171.97,3,WEB 
T003005,C00663,27/03/2024, 108.48 ,1,Mobile
T002784,C00533,06/12/2024,$134.18,3,Web
T005461,C00369,"July 6, 2024",45.32,1,web
T003625, C00751 ,2024-05-24, 184.06 ,4,Mobile
T002869,C00804,2024-12-16T06:23:00Z,86.15,5, mobile
T005227,C00489,2024-02-13,3.06,4,Mobile
T001797,C00510,"March 25, 2024",$162.16,2,in-store
T004298,C00374,"May 1, 2024",$212.71,3,WEB 
T004050,C00848,"October 18, 2024",$177.98,1,WEB 
T002198,C00445,2024-08-01,117.73,5,In-Store
T000335,C00621,2024-04-15, 92.79 ,1,Mobile
T004435,C00306,"June 28, 2024",$62.83,  ,In-Store
T004855,C00133,04/04/2024,109.35,2,Mobile
T000427,C00370,"August 4, 2024",44.62,4,WEB 
T002764,C00340,2024-08-28, 152.75 ,5,In-Store
T004676,C00657,22/04/2024,193.65,4,Web
T005959,C00848,06/06/2024,$136.32,5,In-Store
T003695,C00270,25/01/2024, 164.80 ,5,WEB 
T001614,C00209,2024-06-11T23:09:00Z,$165.04,4,Mobile
T005131,C00688,"December 18, 2024",170.64,3,In-Store
T004364,C00169,2024-01-19T19:10:00Z,121.84,1,web
T006432,C00806,"January 5, 2024", 69.01 ,3, mobile
T000499,C00674,2024-04-01, 195.76 ,2, mobile
T004934,C00282,09/03/2024,172.79,4,Web
T002099,C00822,2024-04-22T01:44:00Z,$17.93,2,in-store
T006502,C00713,2024-01-02T03:54:00Z,80.44,5,In-Store
T004393,C00744,2024-09-10T12:11:00Z,$73.52,1,in-store
T006134,C00476,"December 3, 2024", 176.95 ,1,in-store
T002020,C00334,"December 9, 2024", 151.10 ,4,In-Store
T003998,C00679,"April 1, 2024", 98.55 ,1,In-Store
T004057,C00224,"April 28, 2024",$117.45,4, mobile
T001110,C00783,07/09/2024,111.97,2,in-store
T006277,C00352,03/07/2024, 204.40 ,3,WEB 
T007969,C00866,"June 27, 2024", 1.00 ,2,Web
T007737,C00334,"April 21, 2024",$154.49,2,WEB 
T002593,C00083,2024-09-08, 102.66 ,2,WEB 
T000564,C00631,"December 28, 2024", 111.52 ,5,In-Store
T003450,C00622,2024-11-07T16:45:00Z,16.28,3,Mobile
T003194,C00464,"May 26, 2024",48.08,1,In-Store
T004911,C00837,03/05/2024,$100.57,2,Mobile
T004458,C00754,"April 27, 2024",$225.23,1,in-store
T005607,C00730,10/01/2024,$199.07,4,in-store
T005836,C00648,2024-04-16T18:57:00Z,14.08,5,Web
T005280,C00535,2024-05-04T11:40:00Z,$126.73,1, mobile
T003637,C00646,02/01/2024,$122.52,5,WEB 
T000173,C00238,2024-06-21,174.23,3,in-store
T004357,C00382,"January 4, 2024", 83.66 ,4, mobile
T000133,C00385,27/03/2024, 22.33 ,4,WEB 
T001287,C00383,2024-06-26T02:17:00Z,71.56,2,in-store
T002163,C00801,2024-06-20,$157.32,1,Web
T000548,C00876,13/02/2024,$193.01,5,WEB 
T007820,C00165,2024-01-25T23:49:00Z,$1.00,4,Web
T000366,C00074,"August 5, 2024", 176.91 ,2,web
T001926, C00644 ,2024-01-02, 145.18 ,1,Mobile
T007567,C00036,2024-05-04T22:43:00Z,$193.61,2,in-store
T005923,C00615,2024-08-25T07:25:00Z,$1.00,3,web
T003121,C00687,2024-06-21, 193.64 ,5,Mobile
T007835,C00605,"April 15, 2024",$153.69,  ,Mobile
T006235,C00030,2024-05-16T19:20:00Z,90.88,3,in-store
T005026,C00309,2024-11-08T02:20:00Z,160.82,4,Mobile
T007819,C00607,"August 11, 2024",245.21,4,Web
T006259,C00560,07/06/2024, 140.52 ,4,Web
T004261,C00189,12/09/2024, 116.36 ,1,in-store
T000312,C00638,2024-01-06,$153.90,4, mobile
T002072,C00567,02/04/2024,1.00,1,Web
T001359,C00654,04/05/2024,218.11,4,Web
T002920,C00428,27/06/2024,$207.22,5,WEB 
T003261,C00192,23/09/2024, 79.86 ,5,web
T006585, C00569 ,18/02/2024,$78.92,2, mobile
T003587,C00707,2024-02-25,$102.91,2,WEB 
T007320,C00064,14/02/2024, 144.38 ,3,in-store
T006417,C00281,2024-08-25T22:57:00Z, 205.18 ,1, mobile
T005226, C00852 ,26/05/2024, 174.81 ,4,Mobile
T000058,C00327,"February 9, 2024", 120.32 ,1,WEB 
T005648,C00837,2024-08-25T23:57:00Z,71.55,2,In-Store
T007561,C00615,"October 9, 2024",1.00,1, mobile
T007641,C00209,"May 11, 2024", 156.26 ,4,in-store
T006987,C00775,2024-09-27,$172.17,N/A,In-Store
T002304,C00203,"January 25, 2024", 24.02 ,null,Mobile
T006120,C00296,"November 16, 2024",99.73,  ,web
T004660,C00553,2024-05-04, 85.06 ,3,in-store
T005758,C00093,04/03/2024, 268.13 ,4,Web
T001132,C00160,2024-05-20, 92.63 ,5,Web
T002567,C00393,"March 19, 2024",199.75,2,Mobile
T002618,C00293,2024-11-20,74.52,2,In-Store
T001733,C00420,2024-12-17, 95.95 ,2,web
T001433,C00107,"February 12, 2024",$126.30,3,in-store
T001305,C00837,2024-02-02T12:49:00Z,194.70,2,Web
T000401,C00744,2024-06-06T02:23:00Z,88.12,2,In-Store
T006252,C00148,2024-02-08T01:09:00Z,14.77,2,WEB 
T007291, C00614 ,"November 20, 2024", 172.10 ,1,web
T004902,C00132,2024-08-06T15:40:00Z,$184.59,3,Web
T003697,C00426,2024-07-21, 129.47 ,1,web
T000219,C00818,2024-05-17T04:06:00Z,$34.19,3,Web
T001025,C00284,2024-11-13, 150.74 ,5,Mobile
T003570,C00322,09/01/2024,89.96,4, mobile
T000351,C00815,2024-08-07T00:12:00Z,$186.26,2,Web
T006754,C00476,2024-04-01T00:33:00Z,68.52,1,In-Store
T002330, C00090 ,2024-11-17, 161.16 ,4,WEB 
T001285,C00576,13/06/2024,104.76,1,Web
T004107,C00166,"September 6, 2024", 133.81 ,4,WEB 
T005416,C00165,2024-11-28T23:06:00Z, 78.89 ,, mobile
T001547,C00436,2024-02-25T03:55:00Z,181.33,3,in-store
T003210,C00724,09/02/2024,98.98,5,web
T004653,C00725,"August 28, 2024", 40.21 ,null, mobile
T001918,C00817,10/02/2024,2.46,2,in-store
T006768,C00269,25/05/2024, 228.26 ,3, mobile
T001649,C00343,08/04/2024, 2.03 ,3,Mobile
T003114,C00332,18/11/2024, 165.31 ,4,In-Store
T001664,C00681,2024-04-16T14:27:00Z,$12.86,3,Web
T000633,C00539,2024-12-25T18:23:00Z,$130.31,2,Mobile
T003630,C00776,2024-08-01,126.02,3,in-store
T001697,C00808,"August 6, 2024",1.00,3,Mobile
T007939, C00242 ,"August 10, 2024",$239.69,  ,In-Store
T007048,C00873,19/07/2024, 133.45 ,,in-store
T004454,C00192,2024-01-25,$71.84,4,in-store
T006286,C00203,2024-12-09,$71.58,2,In-Store
T007544,C00369,2024-07-24,$100.25,4,In-Store
T003819, C00219 ,12/03/2024, 1.00 ,3, mobile
T007240,C00651,13/05/2024,109.68,4, mobile
T000824,C00126,2024-05-17T23:47:00Z,$207.13,4,in-store
T000131,C00062,2024-07-11,$92.81,1,Mobile
T000447,C00296,2024-11-09,$188.88,2,WEB 
T006325,C00358,02/03/2024,$91.48,5,Web
T003371,C00574,22/04/2024,116.18,4,Web
T007356,C00179,"June 15, 2024", 104.68 ,2,In-Store
T004387,C00378,2024-09-20T22:46:00Z,$120.49,2, mobile
T007322,C00358,2024-04-10,$71.57,2,Mobile
T006036,C00396,23/03/2024,$135.51,N/A,In-Store
T001715,C00042,2024-04-15T20:22:00Z,247.37,4, mobile
T003777,C00609,2024-09-11,$71.83,1,WEB 
T000668,C00877,"December 24, 2024", 55.60 ,5,Web
T001886,C00573,2024-06-02T22:47:00Z,$156.45,1,web
T004476,C00800,2024-04-25T10:07:00Z,$145.32,4, mobile
T004040,C00882,"December 9, 2024", 99.74 ,4,WEB 
T001737,C00885,"September 2, 2024",$246.00,2,Mobile
T003715,C00359,2024-11-05,116.63,1,WEB 
T000486,C00227,2024-05-06,80.31,3,in-store
T005869,C00560,"April 15, 2024",$72.62,1,Web
T007038,C00508,26/06/2024,$157.96,1,Mobile
T007382,C00872,2024-04-22,101.41,3,WEB 
T001474, C00817 ,2024-05-18T03:59:00Z,$47.34,4,in-store
T004775,C00366,2024-06-25T01:21:00Z, 125.53 ,2,in-store
T003077,C00136,2024-10-05T10:53:00Z, 1.00 ,3,Mobile
T002155,C00036,04/11/2024,64.56,1,Web
T005874,C00149,"July 23, 2024", 68.26 ,5,in-store
T001347,C00328,12/05/2024, 154.64 ,2,in-store
T000009,C00564,"April 6, 2024",$68.79,3, mobile
T002101, C00150 ,2024-07-08T06:48:00Z, 98.64 ,3,In-Store
T000848,C00813,2024-07-19T10:14:00Z, 51.82 ,4, mobile
T005620,C00645,26/09/2024, 142.16 ,2,WEB 
T001372,C00194,2024-06-17T04:41:00Z,110.34,2,in-store
T002245,C00757,05/05/2024,$136.88,4,In-Store
T007706,C00425,2024-01-19T23:31:00Z,$78.28,1,WEB 
T004738, C00127 ,04/02/2024, 110.83 ,5,in-store
T000188,C00502,13/01/2024,182.70,2,Mobile
T006013, C00330 ,22/10/2024,158.07,5,Web
T000353,C00021,"September 21, 2024", 113.18 ,3,WEB 
T003381, C00877 ,"July 23, 2024",5.68,4, mobile
T001537,C00339,2024-09-18, 116.98 ,4,Mobile
T002117,C00102,"January 3, 2024",57.34,2, mobile
T000179,C00750,"October 6, 2024", 116.14 ,1,In-Store
T004390,C00858,"August 27, 2024",$169.16,1,Mobile
T007826,C00355,2024-09-07T10:14:00Z,$100.96,5,in-store
T004702,C00422,"April 25, 2024",33.32,3,WEB 
T007769,C00799,15/10/2024, 113.49 ,4,web
T003079,C00667,08/02/2024,94.80,5,web
T001716,C00230,2024-03-02,37.19,1,In-Store
T004982,C00232,07/03/2024,56.64,3, mobile
T002302,C00597,17/02/2024, 157.18 ,1,In-Store
T001015,C00678,2024-11-13, 112.09 ,3,In-Store
T007052,C00417,2024-03-24,35.90,4,web
T001180,C00756,"March 16, 2024",270.28,,Web
T002954,C00559,2024-09-10,$90.84,5, mobile
T002651,C00409,28/04/2024,$159.67,3,WEB 
T007360,C00121,"August 5, 2024",$108.74,1,In-Store
T000732,C00674,2024-05-15T00:39:00Z,20.73,5,Web
T006302,C00673,2024-11-21, 1.00 ,5,Mobile
T004366,C00855,2024-11-23,231.51,5,Mobile
T007506,C00131,2024-02-02T13:36:00Z, 188.14 ,3,In-Store
T000919,C00271,2024-10-18,$202.02,4,Web
T004270,C00388,2024-12-10,146.11,5, mobile
T005063,C00567,2024-06-21T22:28:00Z, 190.00 ,2,web
T006890,C00161,2024-01-28,$158.62,5,Web
T006187,C00599,"November 2, 2024", 100.97 ,2, mobile
T006931,C00646,"June 12, 2024",209.00,1, mobile
T004857, C00363 ,"February 10, 2024", 121.79 ,1,web
T002733,C00626,2024-08-18,27.90,2,WEB 
T007878,C00640,2024-03-08T19:29:00Z,$130.53,1, mobile
T002138,C00828,2024-03-11T11:02:00Z,171.70,2,WEB 
T005445,C00475,01/05/2024,$128.48,2,In-Store
T007425,C00422,"August 26, 2024",101.54,4,WEB 
T000910,C00448,"February 19, 2024",114.44,2, mobile
T001151,C00433,2024-02-09, 62.78 ,1,WEB 
T002421,C00732,"February 27, 2024", 125.30 ,5,Mobile
T003193,C00342,"November 4, 2024", 45.97 ,3,web
T002232,C00636,"September 21, 2024", 215.00 ,2,web
T006990,C00454,2024-12-26T23:37:00Z, 37.99 ,1,In-Store
T003599,C00752,2024-07-01, 75.90 ,2, mobile
T000338,C00460,2024-01-06,215.72,4,WEB 
T007612,C00019,2024-05-07,202.00,1,Web
T006017,C00025,2024-12-18,$48.66,1,web
T005575,C00241,"July 17, 2024", 37.40 ,3,in-store
T004240, C00123 ,2024-08-11T17:56:00Z, 80.33 ,4,Web
T003169,C00554,"January 11, 2024", 49.91 ,3,Mobile
T001845,C00271,2024-04-06, 173.70 ,2, mobile
T002533,C00673,2024-02-15T11:03:00Z,147.51,2,in-store
T005109,C00266,"March 2, 2024",170.23,5,Mobile
T007080,C00713,"October 16, 2024",127.68,3,web
T005682,C00063,2024-03-06,$95.97,4,Mobile
T000349,C00235,23/01/2024,$70.81,1,web
T004086,C00122,2024-07-23, 95.96 ,2,In-Store
T004626, C00024 ,16/05/2024,58.55,2,in-store
T001447,C00446,2024-01-03,83.08,1, mobile
T007742,C00381,"June 25, 2024",$190.34,2,WEB 
T000602,C00747,26/03/2024, 156.77 ,5,Mobile
T002389,C00413,"November 19, 2024",242.74,5,WEB 
T000512,C00455,"April 25, 2024",81.01,  ,web
T000162,C00549,2024-05-22T00:21:00Z, 184.65 ,3,Mobile
T005703,C00328,"January 24, 2024",$109.09,5,web
T002354, C00508 ,"September 11, 2024",1.00,null, mobile
T000903,C00859,2024-04-24T18:52:00Z,$221.10,2,in-store
T007824,C00279,2024-01-23T15:32:00Z,$82.74,3,Mobile
T003061,C00511,2024-04-24T10:36:00Z,9.04,3,Mobile
T006619,C00031,2024-03-04T07:00:00Z,135.32,3,in-store
T004186,C00719,"November 27, 2024",120.02,2,in-store
T004840,C00509,2024-01-22,64.40,2,WEB 
T007576,C00399,2024-10-28T02:53:00Z,61.71,5,In-Store
T001421,C00031,"April 20, 2024", 87.07 ,4, mobile
T004862,C00133,2024-11-27,$166.68,1,WEB 
T005388, C00256 ,2024-05-09,151.32,2,in-store
T007071, C00687 ,10/11/2024, 188.69 ,4,in-store
T002347,C00063,2024-10-10T16:50:00Z,45.88,2,Mobile
T006169,C00626,02/07/2024,143.46,3,in-store
T000589,C00412,"September 18, 2024",138.77,4,Web
T005317,C00687,"September 3, 2024", 122.48 ,5,Mobile
T006418,C00115,"July 7, 2024",196.94,1,Web
T007648,C00468,2024-09-14T08:15:00Z, 160.27 ,5,web
T006021,C00291,"June 22, 2024",31.85,2,in-store
T000216,C00329,"November 8, 2024",$181.53,1,in-store
T000677, C00184 ,2024-07-03T11:58:00Z,$1.00,4,WEB 
T005484,C00136,"September 3, 2024",130.96,1,web
T003730,C00562,2024-09-04,115.37,1,web
T003645,C00664,22/08/2024, 66.85 ,1,WEB 
T005242,C00695,"November 16, 2024",15.58,5,in-store
T005017,C00679,2024-12-13T13:44:00Z,197.46,4,Mobile
T001501,C00765,2024-11-06,$71.89,2,in-store
T000726,C00290,"September 27, 2024",186.41,1,WEB 
T002304,C00203,"January 25, 2024", 24.02 ,null,Mobile
T005547,C00731,2024-05-05T23:09:00Z,95.91,2, mobile
T003437, C00661 ,2024-02-08T20:22:00Z, 107.60 ,2,Mobile
T006394,C00174,2024-07-15T22:39:00Z,130.60,5,in-store
T006308,C00342,03/05/2024, 99.82 ,4, mobile
T002139,C00798,04/07/2024,128.74,3, mobile
T002333,C00585,"July 21, 2024",149.58,2,in-store
T004204,C00621,"August 20, 2024",$63.23,3,in-store
T002548,C00362,2024-03-24,$174.44,4,Mobile
T003009,C00620,2024-06-16, 208.79 ,5,In-Store
T005217,C00182,2024-09-14,$116.61,1,in-store
T003306,C00014,2024-06-01,$68.48,2,in-store
T006912,C00202,"June 11, 2024",164.20,3,Mobile
T004751,C00397,"January 9, 2024",$184.10,3,In-Store
T001157,C00491,"March 8, 2024",$101.32,3,WEB 
T003991,C00021,2024-01-16, 21.11 ,2,web
T006170,C00327,2024-04-15,$124.88,2,WEB 
T007678,C00589,26/02/2024,$1.00,,WEB 
T001970,C00446,2024-12-14T06:59:00Z, 61.42 ,2,Mobile
T007776,C00876,01/05/2024,$75.40,1,WEB 
T003277,C00549,2024-07-28T02:38:00Z, 6.32 ,5,WEB 
T001363,C00420,2024-10-11, 131.31 ,2, mobile
T002629,C00314,2024-10-27,168.35,4,In-Store
T006515,C00777,"September 12, 2024",219.95,4,Mobile
T000978,C00434,2024-07-01,$124.88,2,Web
T006174,C00748,15/04/2024, 24.95 ,1,Mobile
T000287,C00170,22/05/2024,135.73,  ,Web
T003290,C00747,"December 14, 2024",66.76,3,WEB 
T001914,C00009,2024-01-10T02:03:00Z,208.22,3,WEB 
T002738, C00675 ,16/10/2024,88.65,1,WEB 
T000419,C00819,2024-03-10, 38.99 ,5,Mobile
T006741,C00445,2024-08-15,212.18,5,In-Store
T001322,C00320,2024-01-08T03:23:00Z,52.09,1, mobile
T001261,C00146,2024-08-20T15:22:00Z,159.11,4,web
T007088, C00302 ,2024-12-22,$134.26,4,WEB 
T000397,C00069,2024-10-21, 116.42 ,4,Web
T006578,C00424,2024-04-19,$123.95,2,In-Store
T003881,C00803,2024-06-06,$155.35,1,in-store
T002531,C00760,2024-05-02,$93.92,4,Mobile
T006451,C00021,"November 15, 2024", 176.81 ,,in-store
T001874,C00633,2024-09-16, 175.33 ,3,in-store
T005435,C00440,2024-04-06T21:23:00Z,117.82,1,Mobile
T000601,C00818,04/11/2024,1.00,5,Web
T003446,C00805,2024-10-15T01:29:00Z, 123.47 ,2, mobile
T001330,C00449,2024-02-25T00:50:00Z,17.53,3,WEB 
T001642,C00295,"January 17, 2024",$184.73,3,Web
T007524,C00032,08/03/2024,123.46,3,web
T002397,C00509,10/07/2024,216.68,4,web
T004309,C00707,"February 13, 2024",44.55,2,In-Store
T005546,C00317,10/01/2024,136.82,4,In-Store
T006605,C00077,2024-02-25T10:11:00Z,73.17,3, mobile
T004429,C00890,2024-10-24T19:10:00Z, 86.06 ,1,In-Store
T007066,C00539,2024-07-25,$35.62,4,Web
T001081, C00499 ,"December 21, 2024",$243.75,3,Mobile
T000057,C00776,2024-01-20,137.32,2,Mobile
T004159,C00126,2024-04-20T18:41:00Z,$92.51,4,Web
T005645,C00423,2024-01-22,$66.42,2,in-store
T003356,C00185,"October 21, 2024", 80.68 ,2,web
T007408,C00547,2024-02-12T16:35:00Z, 81.57 ,4,Web
T005741,C00752,2024-07-04, 92.25 ,1,Mobile
T004418,C00802,2024-02-28, 220.74 ,1,in-store
T005646,C00211,14/01/2024,163.91,5,web
T007626,C00560,2024-07-24T09:27:00Z,178.68,3,web
T006795,C00850,24/10/2024, 108.58 ,4,web
T001738,C00689,2024-03-28, 80.89 ,3, mobile
T006129, C00447 ,05/08/2024,121.11,3,Mobile
T002191,C00453,2024-09-22,$56.18,1,Web
T000901, C00444 ,"December 20, 2024",52.08,,In-Store
T003246,C00318,"January 8, 2024",$119.78,5, mobile
T003083,C00239,"August 19, 2024",$134.12,1,in-store
T006827,C00480,06/04/2024,138.04,1,In-Store
T001524,C00392,2024-08-17, 146.15 ,null,web
T006343,C00883,17/06/2024, 232.26 ,3,In-Store
T006491,C00785,2024-06-28,114.81,2,WEB 
T005189,C00146,"February 11, 2024",105.98,4,In-Store
T001758,C00370,2024-05-09,$1.00,3,In-Store
T003936,C00013,2024-07-05T06:08:00Z, 184.99 ,5,In-Store
T003914,C00853,2024-06-27T12:12:00Z, 71.63 ,4,WEB 
T000868,C00577,"January 4, 2024",$181.04,5,web
T004477,C00749,2024-03-08,92.31,1,in-store
T002845,C00432,"September 22, 2024",67.11,4,Mobile
T000085, C00497 ,"June 18, 2024",125.20,2,WEB 
T002898,C00116,2024-05-20T05:08:00Z, 190.40 ,1,Web
T003746,C00547,2024-02-17, 188.88 ,2,WEB 
T002084,C00004,2024-08-20T19:22:00Z, 1.00 ,1,web
T005184,C00149,2024-05-28T18:28:00Z,135.92,5,In-Store
T002299,C00418,"September 1, 2024", 4.64 ,2,Mobile
T005597,C00133,03/09/2024, 152.74 ,4,WEB 
T004385,C00772,"January 7, 2024", 1.00 ,4,In-Store
T007401,C00775,2024-03-24,120.28,3, mobile
T005042,C00715,"January 27, 2024",$157.43,4,WEB 
T005552,C00309,"December 15, 2024", 66.92 ,2,Mobile
T001153,C00505,21/03/2024, 191.88 ,4,web
T005875,C00597,2024-10-24,$152.55,4,WEB 
T001408,C00371,05/01/2024, 145.40 ,3,web
T000513,C00433,2024-07-01T22:00:00Z,121.96,5,Mobile
T004385,C00772,"January 7, 2024", 1.00 ,4,In-Store
T002513,C00816,2024-01-04,77.53,2,In-Store
T007966,C00614,2024-11-14,31.96,4,Web
T003275,C00044,24/08/2024,$125.38,5,in-store
T003797,C00639,2024-03-19T17:23:00Z,133.64,1,WEB 
T000648,C00298,"April 27, 2024",34.72,3,in-store
T005156,C00510,"March 25, 2024", 180.90 ,5,in-store
T004389,C00807,2024-07-15,74.76,5,WEB 
T001535,C00015,2024-07-15T17:07:00Z,296.84,N/A,WEB 
T006796,C00661,2024-05-10T08:46:00Z, 64.48 ,,Web
T001573,C00462,27/12/2024,$9.82,4,Mobile
T005774,C00232,2024-03-25T05:04:00Z,181.10,3,in-store
T004845,C00328,"May 23, 2024", 150.25 ,3,In-Store
T007901,C00792,2024-08-27,53.79,5,web
T002480,C00618,"March 8, 2024",$35.13,3,web
T002947,C00063,2024-03-20, 57.74 ,3,web
T002296,C00105,2024-04-13T18:05:00Z,145.49,3,In-Store
T004584,C00402,20/03/2024,131.94,4,WEB 
T006740,C00577,03/02/2024,$91.71,2,in-store
T003286,C00141,2024-10-17,12.51,2,In-Store
T003552,C00499,"November 15, 2024",102.12,1,Web
T004129,C00481,2024-04-11T19:14:00Z, 271.58 ,4,In-Store
T003823, C00495 ,"October 22, 2024",$1.00,3,Mobile
T007887,C00838,2024-11-02T08:17:00Z,$204.52,5,web
T004642,C00447,2024-04-13, 58.46 ,5,web
T003330,C00889,"September 13, 2024", 95.45 ,1, mobile
T006072, C00550 ,2024-03-20T06:48:00Z,$51.69,2,in-store
T001805,C00476,2024-01-01T09:01:00Z,$21.03,3,Mobile
T002265,C00234,2024-05-23T00:56:00Z, 80.94 ,1,Mobile
T007534,C00041,"September 28, 2024",135.77,2,web
T004591,C00338,16/01/2024,$141.19,5,Mobile
T004958,C00031,01/01/2024,180.46,2,web
T005654, C00829 ,2024-12-04,127.80,1,Web
T005238,C00451,28/11/2024, 111.26 ,2,Web
T004631,C00832,"January 10, 2024",197.86,1,WEB 
T004823,C00825,13/11/2024,$1.00,5,Web
T000396,C00677,2024-10-02T04:16:00Z, 113.79 ,2,WEB 
T004896,C00019,02/08/2024,$87.33,5,WEB 
T000702,C00070,01/09/2024, 176.89 ,3,Mobile
T001723,C00416,"March 8, 2024",$13.29,1,Mobile
T000971,C00779,2024-11-11,211.28,5,in-store
T007518,C00802,2024-10-21T02:20:00Z,132.48,2, mobile
T007916,C00788,"January 18, 2024",$59.63,2, mobile
T001825,C00302,22/02/2024,98.67,3,Mobile
T007033,C00225,2024-12-10T05:12:00Z,$91.50,5,web
T006527, C00338 ,2024-01-06T20:32:00Z, 87.93 ,3,Web
T003574, C00158 ,11/05/2024, 89.22 ,1,Web
T006477,C00522,07/05/2024, 123.78 ,4,WEB 
T002864,C00778,2024-06-08T17:33:00Z, 83.45 ,  ,web
T007933,C00822,28/09/2024, 222.53 ,2,In-Store
T003567,C00526,"November 20, 2024",$167.36,1,WEB 
T004370,C00881,"December 9, 2024", 17.66 ,1, mobile
T007779, C00068 ,10/11/2024,110.72,3,web
T006051,C00510,"March 17, 2024", 88.17 ,3,web
T006566,C00813,"August 6, 2024",$56.48,4,WEB 
T000933,C00291,03/08/2024,$183.47,1,In-Store
T005192,C00615,2024-03-12T20:43:00Z,132.83,1,WEB 
T001779,C00338,14/12/2024,25.17,1,web
T007602,C00383,2024-03-05,119.71,3,WEB 
T006289, C00819 ,2024-10-02T13:49:00Z,$99.16,5,in-store
T007294,C00464,"May 3, 2024",$121.80,4,Mobile
T005228,C00047,10/02/2024, 120.37 ,1,Web
T002944,C00361,2024-07-14,93.76,1,Mobile
T002096,C00409,2024-12-06, 39.40 ,3,Mobile
T000916,C00153,2024-03-24,134.58,2,in-store
T007025,C00387,2024-03-27, 96.98 ,2,Web
T005572,C00658,18/08/2024,$112.42,3,in-store
T005664,C00481,"June 23, 2024",137.39,5,WEB 
T005825,C00173,"December 27, 2024", 119.79 ,4,web
T003862,C00712,22/02/2024, 98.28 ,4,Mobile
T000380,C00495,2024-10-14,$127.56,2,in-store
T006462,C00179,10/12/2024,156.65,1,In-Store
T007456,C00311,2024-01-01T19:15:00Z,$111.86,3,Web
T005744,C00868,"August 5, 2024",$154.69,5,Web
T005776, C00890 ,2024-02-07T04:43:00Z,$165.43,1, mobile
T001289,C00548,2024-05-07, 123.28 ,3,WEB 
T006087, C00624 ,2024-09-04T14:46:00Z,$278.19,  ,web
T000745,C00752,2024-01-16T08:04:00Z,160.70,4,WEB 
T005123, C00014 ,"June 9, 2024",69.31,4,Mobile
T001033,C00627,26/05/2024,226.66,1,Web
T007946,C00854,2024-08-28T03:31:00Z,$120.88,,WEB 
T001130,C00140,08/02/2024,$122.88,2,web
T005692, C00824 ,2024-11-14T12:36:00Z, 40.11 ,5,Web
T003136, C00677 ,2024-02-20T20:22:00Z,114.26,2,WEB 
T000518,C00244,2024-07-22,$131.92,3,web
T004036,C00214,"December 16, 2024", 127.83 ,3,Mobile
T006221,C00556,2024-03-27T21:09:00Z, 24.63 ,3,Mobile
T004038,C00325,2024-11-03T15:15:00Z,138.66,3,in-store
T001203,C00003,"March 2, 2024", 96.89 ,2,in-store
T004087,C00043,2024-04-18, 125.38 ,2,In-Store
T002712, C00180 ,"December 20, 2024",160.41,2, mobile
T002827,C00237,23/12/2024,$158.57,1,Web
T004933,C00022,2024-05-06,$195.96,4,Web
T007876,C00504,2024-04-25T09:41:00Z, 7.46 ,2,in-store
T004963,C00313,16/09/2024, 160.28 ,1,WEB 
T004664,C00411,"April 28, 2024",221.72,NA, mobile
T003342,C00398,"June 9, 2024",$23.92,4,web
T004762,C00556,2024-06-07,$205.25,1,Web
T006517,C00871,09/02/2024,167.20,5, mobile
T002663,C00112,"October 8, 2024",$103.33,3,Web
T003717,C00671,17/03/2024,111.27,4, mobile
T002708,C00085,"March 5, 2024",$75.16,3, mobile
T006746,C00804,2024-11-02T06:38:00Z, 1.00 ,2, mobile
T005050,C00851,"March 23, 2024",253.89,2, mobile
T007883,C00715,"July 27, 2024",54.67,2, mobile
T006652,C00506,"May 12, 2024",$78.36,4,Mobile
T004715,C00231,"March 27, 2024",167.60,4,in-store
T006600,C00641,"July 5, 2024",$182.44,3,Mobile
T000730, C00739 ,"March 9, 2024", 97.14 ,1,In-Store
T005325,C00573,18/09/2024,118.56,1,web
T003198,C00869,2024-05-27T23:37:00Z,226.68,5, mobile
T000572,C00444,2024-02-01T16:39:00Z, 47.71 ,3, mobile
T000569,C00888,2024-04-18, 74.06 ,3,Web
T003436, C00425 ,14/12/2024, 238.28 ,4,Mobile
T004414,C00487,"October 19, 2024",63.25,1,in-store
T005771, C00394 ,2024-02-10T19:00:00Z,114.75,3,Mobile
T002121,C00098,2024-05-27, 135.76 ,3, mobile
T007788,C00406,"January 1, 2024",$177.33,3,in-store
T000729, C00290 ,"October 9, 2024", 119.29 ,5,in-store
T007448,C00286,2024-07-14T05:45:00Z,136.11,5, mobile
T003698,C00633,16/02/2024,$85.83,5,Mobile
T004538,C00884,"January 26, 2024", 134.93 ,4,In-Store
T003439,C00072,04/11/2024,163.23,,in-store
T000561, C00452 ,"June 4, 2024",136.54,5,in-store
T006337, C00283 ,2024-12-04,$57.92,1,WEB 
T001208,C00190,13/06/2024, 193.67 ,4,in-store
T005482,C00720,2024-03-11,$131.19,4,web
T005419,C00565,2024-04-22,$66.79,1,WEB 
T001371,C00401,"November 28, 2024", 166.52 ,3,Mobile
T000153,C00055,"June 5, 2024", 97.02 ,2,Mobile
T007012,C00699,"April 14, 2024",144.09,5,in-store
T003591,C00461,25/10/2024,$75.10,3,web
T003348,C00864,"December 24, 2024",112.74,5,Web
T000485,C00007,"November 20, 2024", 172.17 ,4,WEB 
T005231,C00041,"December 17, 2024", 153.44 ,3,in-store
T003755,C00871,"November 11, 2024", 101.54 ,1,Web
T006829,C00231,2024-02-25T08:44:00Z,157.48,4,in-store
T004785,C00376,2024-03-01,1.00,3,WEB 
T006881,C00676,2024-07-06T12:15:00Z,$81.60,1, mobile
T006940,C00239,2024-11-06T17:11:00Z,112.07,3,WEB 
T005508,C00186,"August 13, 2024", 151.79 ,4,in-store
T006864,C00712,2024-04-04,163.99,2,In-Store
T002886,C00073,"November 7, 2024",$200.48,5, mobile
T004471,C00611,2024-12-06,79.14,4,in-store
T007331,C00233,"August 25, 2024",$185.36,4,Web
T007553, C00137 ,"July 13, 2024",139.68,4,Mobile
T002678,C00787,19/02/2024, 165.10 ,4, mobile
T005553, C00548 ,2024-10-03,$59.87,4,web
T000505, C00335 ,27/01/2024,149.17,5,in-store
T004020,C00353,2024-09-14,144.95,1,in-store
T006623,C00867,"September 7, 2024",$100.65,1, mobile
T002581,C00698,2024-03-11T12:29:00Z,152.83,3,Mobile
T002193,C00301,"August 18, 2024",$106.19,3,web
T007365,C00774,2024-09-06,$16.18,1,Web
T002653,C00563,2024-06-27,168.28,2,In-Store
T001406, C00739 ,"October 16, 2024",106.87,NA,Web
T005996,C00637,"January 13, 2024",$121.95,2,WEB 
T004444,C00447,2024-02-08T02:33:00Z, 116.74 ,4,In-Store
T003626,C00335,01/12/2024,$122.43,2,web
T004866,C00292,2024-02-18T07:40:00Z, 255.78 ,4,In-Store
T000531,C00301,2024-12-13T08:47:00Z,43.93,4,In-Store
T003554,C00900,2024-02-17T02:19:00Z,66.06,3,Web
T000951,C00299,2024-08-19T16:48:00Z,95.79,,WEB 
T001917,C00448,2024-03-06T17:11:00Z,113.79,3, mobile
T000450, C00504 ,2024-12-24, 135.06 ,2,In-Store
T000342,C00429,14/09/2024, 137.84 ,3,Web
T000487, C00692 ,2024-08-03,99.07,5,web
T005480,C00163,2024-11-04T22:38:00Z,141.23,1,Mobile
T002244,C00493,2024-02-12T12:47:00Z, 239.48 ,1,In-Store
T002399,C00171,2024-02-16T10:51:00Z,$168.37,3,In-Store
T005154, C00386 ,09/10/2024,$161.71,2,WEB 
T000003,C00066,2024-11-14,$242.55,3,Web
T003258,C00174,"October 15, 2024",117.08,2,in-store
T001202,C00583,2024-10-19T12:07:00Z,$65.77,2,in-store
T005569,C00483,2024-04-06T20:43:00Z,144.05,3,WEB 
T003837,C00066,"November 22, 2024",$74.83,5,Web
T006633, C00416 ,11/09/2024,167.92,1,web
T004285,C00818,2024-01-19,$225.00,5,WEB 
T004016,C00674,2024-04-07,$161.81,3,Web
T000375,C00338,25/03/2024,$118.71,5, mobile
T005121,C00828,"July 25, 2024",241.08,4,in-store
T004203,C00008,17/05/2024,207.46,4,In-Store
T006370,C00818,2024-03-08,77.46,5,WEB 
T002006,C00270,27/08/2024,$155.98,5,Mobile
T004094, C00425 ,2024-09-26, 121.67 ,1, mobile
T001560,C00707,06/02/2024,109.05,1,Mobile
T001602,C00721,2024-10-13T01:15:00Z,32.02,4,in-store
T004383,C00672,2024-08-08,$54.61,2,in-store
T006830,C00161,"January 26, 2024",121.01,4,WEB 
T003403, C00289 ,2024-07-24T04:46:00Z, 15.29 ,1,in-store
T006285,C00761,2024-09-02,135.59,2, mobile
T007733,C00412,2024-02-19T00:22:00Z,135.88,2,In-Store
T001612,C00895,2024-09-11,$79.05,5,In-Store
T000822,C00564,01/10/2024,117.04,1,In-Store
T000491,C00751,"December 17, 2024", 96.93 ,4,WEB 
T006906,C00227,2024-04-12,124.63,1,in-store
T003945,C00828,2024-07-16T17:10:00Z, 68.67 ,1,Web
T006664,C00172,"February 19, 2024", 167.62 ,4,Mobile
T002583, C00822 ,2024-07-27T23:08:00Z, 77.08 ,4,Mobile
T004770,C00446,"February 3, 2024",123.22,1,WEB 
T001308,C00668,2024-09-12T18:13:00Z,$61.07,N/A,WEB 
T003234, C00709 ,06/09/2024, 28.74 ,3,In-Store
T007861,C00574,"January 27, 2024",$135.84,3,WEB 
T003897,C00274,"October 18, 2024",137.43,4,WEB 
T002999, C00127 ,12/07/2024,$107.19,1,web
T000926,C00628,2024-11-07,157.57,5,In-Store
T000405,C00763,"April 22, 2024",$149.14,  ,Web
T004362, C00499 ,25/05/2024,$106.57,3, mobile
T000917, C00024 ,2024-01-12T00:58:00Z,$129.21,1,web
T003120,C00598,2024-07-08,59.89,3,Web
T001350,C00308,2024-04-16,$104.97,1, mobile
T002289,C00543,2024-08-01T09:14:00Z,$30.07,2,In-Store
T004117,C00582,2024-11-14,$189.80,1,web
T006371,C00449,07/12/2024,$132.61,NA,In-Store
T003192,C00841,2024-12-09T05:03:00Z, 163.43 ,2,Mobile
T000376,C00206,"December 14, 2024",$12.16,4,In-Store
T004654,C00023,18/03/2024,$118.79,3,Mobile
T007903,C00058,2024-10-14T00:27:00Z, 1.00 ,4,In-Store
T003918,C00214,2024-05-02T15:37:00Z,145.65,4,in-store
T007636,C00725,2024-11-04T10:11:00Z,$113.63,2,web
T000127,C00873,22/07/2024,222.70,3, mobile
T003901,C00056,"August 12, 2024",$67.75,4,Mobile
T000382,C00094,2024-07-10,54.79,4,Web
T003500,C00275,"December 1, 2024",$169.18,5,In-Store
T001610,C00006,2024-08-11T12:59:00Z, 163.17 ,3, mobile
T004259,C00454,11/10/2024,$134.33,2,In-Store
T007802,C00256,"January 5, 2024",$1.00,3, mobile
T002067,C00627,2024-04-22,$99.45,1,Mobile
T000458,C00554,"May 24, 2024", 70.46 ,1,in-store
T003162,C00489,2024-06-04T06:49:00Z,$138.39,1,Mobile
T007750,C00408,2024-04-03, 56.24 ,5,In-Store
T003894,C00206,2024-08-09T15:21:00Z,122.83,3, mobile
T003096,C00441,2024-08-11,$1.00,2,web
T007960,C00681,2024-03-12T03:05:00Z, 157.28 ,4,WEB 
T005458,C00011,2024-11-28, 129.76 ,3, mobile
T007018,C00155,"March 21, 2024", 1.00 ,5,Mobile
T000856,C00853,"September 20, 2024", 163.47 ,3,Mobile
T006366,C00260,2024-11-22T06:24:00Z,$78.71,2,In-Store
T000566,C00612,18/06/2024,189.08,1,In-Store
T003274, C00481 ,2024-06-17,$96.09,NA,WEB 
T004438, C00139 ,2024-07-04,$120.16,4,Mobile
T005618,C00237,2024-03-12, 144.48 ,2,Mobile
T004799,C00093,2024-04-17,97.17,3,Web
T006259,C00560,07/06/2024, 140.52 ,4,Web
T004286,C00051,2024-06-16T14:30:00Z,$40.73,2, mobile
T000779,C00328,"June 20, 2024",86.34,1,Mobile
T005745,C00713,2024-05-24, 120.20 ,1, mobile
T004451,C00896,2024-04-08T13:02:00Z,$178.00,1,In-Store
T005472,C00547,2024-01-17T19:05:00Z,152.55,2,WEB 
T005949,C00196,20/07/2024, 44.65 ,4, mobile
T006043,C00716,18/11/2024,27.31,2,Mobile
T007020,C00317,2024-08-04T09:05:00Z,$85.49,5,Web
T007194,C00168,2024-06-25,235.60,4,in-store
T003329,C00617,2024-11-22, 103.09 ,3,Mobile
T003955,C00811,2024-04-06, 1.00 ,2,In-Store
T000016,C00291,02/02/2024,265.28,2,In-Store
T001338,C00142,2024-09-23,102.31,2,Web
T006903, C00608 ,2024-11-19T01:22:00Z, 167.04 ,5, mobile
T004446,C00721,2024-03-17, 48.66 ,2,In-Store
T004182,C00137,2024-03-08, 172.92 ,4,in-store
T005805,C00651,"November 8, 2024",83.41,5,In-Store
T002970,C00445,2024-03-09,$95.81,1,In-Store
T006118,C00864,"March 2, 2024",70.71,2,Mobile
T005459,C00158,2024-06-09,144.03,1, mobile
T006316,C00714,2024-11-10,$169.98,2,Mobile
T003615,C00237,19/11/2024, 114.58 ,5,Web
T005601,C00605,"June 22, 2024",108.29,2,Web
T006673, C00218 ,2024-01-23,$213.63,1,In-Store
T003182,C00038,2024-01-12T00:09:00Z, 231.67 ,2,In-Store
T005027,C00028,2024-06-16T13:43:00Z, 202.87 ,3,Web
T003560,C00124,2024-09-21T06:53:00Z, 70.57 ,  ,Mobile
T004550,C00797,28/06/2024,86.88,1, mobile
T001133,C00369,23/05/2024,46.06,3,Mobile
T005172,C00170,2024-05-17T08:29:00Z,53.30,3,web
T005346,C00469,"September 7, 2024",$145.54,4,in-store
T004977,C00684,10/02/2024,131.80,1,Web
T003849,C00001,"February 17, 2024",$207.08,3,WEB 
T005441,C00070,2024-12-06T02:28:00Z, 149.34 ,1,In-Store
T005793,C00595,2024-01-06T20:11:00Z,$100.17,,Mobile
T007458,C00120,23/07/2024,233.40,2,web
T004082,C00326,2024-10-23T02:39:00Z,$162.04,2,Web
T001908,C00096,02/01/2024,18.19,1,in-store
T000257,C00897,2024-05-14,85.43,N/A,WEB 
T003471, C00227 ,05/01/2024,$10.26,4,in-store
T003402,C00548,13/03/2024,79.06,1, mobile
T005257,C00149,2024-01-05T23:17:00Z,$138.38,1,In-Store
T004863,C00368,"March 20, 2024",$230.95,4, mobile
T004771,C00290,2024-09-20T21:34:00Z,170.80,3,in-store
T003338,C00473,"October 18, 2024", 213.76 ,1,Web
T000885,C00018,20/03/2024, 54.50 ,5,web
T005762,C00485,2024-08-15,$101.20,2,In-Store
T006651,C00651,2024-08-16T14:35:00Z, 208.27 ,2,in-store
T000390,C00543,"February 18, 2024", 142.86 ,1,web
T002504,C00490,2024-05-16T17:19:00Z,232.87,null,Web
T002344,C00585,"April 27, 2024",$113.78,1,In-Store
T001717,C00578,03/11/2024,$106.16,2,Mobile
T006191,C00116,2024-01-28T11:48:00Z, 173.24 ,4,web
T003696,C00085,12/12/2024, 178.47 ,3, mobile
T003302,C00329,"October 1, 2024", 37.78 ,5,Web
T006562,C00795,"December 16, 2024", 54.12 ,3,WEB 
T002700,C00326,27/10/2024,205.03,4,WEB 
T004297,C00582,"February 8, 2024",117.59,2,Web
T000046,C00218,16/10/2024,224.90,4,Mobile
T004005,C00729,2024-09-25,58.10,4,Mobile
T002589,C00109,2024-11-06,$55.79,2,web
T001375,C00799,2024-09-26T21:06:00Z, 87.45 ,3,Web
T007126,C00796,23/09/2024,$26.84,5,Mobile
T002056,C00534,"August 17, 2024",36.21,4,in-store
T007961,C00735,"September 22, 2024",71.55,3,Web
T007863,C00582,"September 26, 2024",117.16,N/A,In-Store
T003941,C00238,2024-09-12T10:08:00Z,184.06,1,Web
T005486,C00380,2024-04-20T05:17:00Z,66.88,5,Web
T003533,C00575,2024-02-07T17:40:00Z,174.44,3,Web
T000908,C00523,17/09/2024,$65.59,2,WEB 
T005118,C00703,2024-05-08T19:47:00Z,112.47,5,web
T005376,C00211,2024-02-23T05:57:00Z, 7.17 ,2,WEB 
T006085,C00565,2024-12-21, 77.72 ,1,WEB 
T006592,C00841,2024-10-11T01:54:00Z,$72.49,5,Web
T002195, C00843 ,"January 16, 2024", 106.95 ,5, mobile
T001549,C00102,2024-07-12T02:32:00Z, 238.15 ,4, mobile
T007633, C00773 ,14/10/2024, 170.63 ,4,WEB 
T002904,C00845,25/02/2024,$199.04,5, mobile
T003054,C00624,28/09/2024, 108.73 ,4,In-Store
T006476,C00711,"November 9, 2024",143.52,3,WEB 
T002951,C00111,2024-08-26T02:27:00Z,$10.15,2,In-Store
T000557,C00829,"February 5, 2024", 116.07 ,2,web
T000655,C00005,"August 10, 2024",70.56,1,In-Store
T002820,C00442,2024-08-05T00:00:00Z,157.31,5,Web
T001907,C00585,"June 20, 2024",$150.70,4,In-Store
T000259,C00667,"May 14, 2024",$199.55,3,WEB 
T001641,C00720,2024-11-10,$277.63,2, mobile
T001583,C00546,"August 19, 2024",12.62,3, mobile
T001193,C00424,"April 11, 2024",103.17,1,WEB 
T005970,C00495,2024-04-14, 197.01 ,5,web
T001196,C00066,2024-07-27T21:21:00Z, 213.05 ,5,web
T004978,C00836,2024-05-12T18:05:00Z, 43.56 ,1,web
T004627,C00868,2024-05-15T23:00:00Z,$167.20,3,Web
T007311,C00530,2024-05-22T13:25:00Z,$169.56,3,in-store
T003036,C00347,2024-07-03T12:48:00Z,53.33,5,WEB 
T002775,C00294,"March 5, 2024", 127.59 ,3,WEB 
T004459,C00545,2024-01-11T18:02:00Z, 64.34 ,2,In-Store
T005526,C00167,2024-01-22T14:51:00Z,38.23,5,web
T001113,C00497,2024-03-04, 249.69 ,null,WEB 
T003244,C00003,2024-02-14, 276.95 ,N/A,In-Store
T002707,C00252,2024-06-26,$187.09,1,in-store
T007353,C00152,"May 3, 2024",$184.57,3,In-Store
T003082,C00678,2024-06-22, 1.00 ,5,web
T003109,C00319,2024-01-02, 105.04 ,1,Web
T001635,C00758,2024-06-10T07:57:00Z,235.17,1,In-Store
T007158,C00531,2024-06-01T19:26:00Z, 169.25 ,1, mobile
T004234,C00350,12/08/2024,$102.45,4,Web
T006666,C00819,2024-01-13,$53.12,3,WEB 
T005662,C00158,"January 24, 2024",$131.38,1,Web
T003858, C00190 ,02/03/2024,140.00,3,Mobile
T001617,C00534,"March 16, 2024", 1.00 ,2,in-store
T005673, C00198 ,01/06/2024,78.32,5,Web
T006613,C00327,2024-11-26,$183.85,3,WEB 
T001086,C00047,2024-04-14T18:47:00Z,$173.78,5,web
T007469,C00354,"November 18, 2024",217.33,3,in-store
T003665,C00580,2024-11-11T23:22:00Z,$199.39,4,WEB 
T002899,C00078,2024-05-07,$177.35,4,Web
T000706,C00439,05/07/2024, 151.09 ,4,WEB 
T001387,C00365,2024-09-05,109.05,2, mobile
T000735,C00896,2024-06-23,87.22,5, mobile
T000943, C00459 ,"February 5, 2024", 247.70 ,5,In-Store
T001522,C00724,24/04/2024,$72.50,1,Web
T006166,C00620,"June 5, 2024",$1.00,1,web
T005743,C00671,2024-12-14,138.38,4,in-store
T006606,C00731,"May 22, 2024",$165.96,4,in-store
T000154,C00268,02/03/2024, 148.95 ,1,in-store
T000630,C00297,"February 5, 2024",86.06,null,Mobile
T007663,C00008,2024-01-12T07:09:00Z, 107.30 ,1, mobile
T007097,C00574,2024-10-17T15:49:00Z,$193.45,5,Mobile
T002717,C00610,24/08/2024,176.98,2,in-store
T003594,C00019,"August 8, 2024",$220.74,5,in-store
T004070,C00093,2024-11-23T20:59:00Z,$26.59,3, mobile
T000719,C00550,"March 23, 2024",58.98,2,Mobile
T002942,C00678,2024-04-01T16:11:00Z,$220.15,2,in-store
T004890,C00218,"November 6, 2024",1.00,4,web
T006276, C00011 ,2024-10-02T22:00:00Z,$104.88,1,WEB 
T003633,C00160,"December 1, 2024",72.58,5,WEB 
T000244,C00238,08/01/2024,56.47,5,Web
T002840,C00532,2024-12-16,94.39,4,web
T004701, C00360 ,"November 24, 2024",164.65,5,Web
T004618,C00852,"July 12, 2024",$133.11,4, mobile
T000181,C00078,2024-01-09T06:32:00Z,102.59,4,WEB 
T005321,C00515,2024-02-06T08:56:00Z, 154.61 ,3, mobile
T003608,C00284,2024-02-02T21:52:00Z,50.83,3,WEB 
T006313,C00459,02/11/2024,$142.29,1, mobile
T002085,C00695,"May 14, 2024",182.20,1,web
T002503,C00738,"December 8, 2024",$36.59,4,in-store
T006004,C00831,"February 24, 2024",86.87,3, mobile
T007557, C00301 ,2024-10-23T00:29:00Z, 62.39 ,5,Web
T002256,C00009,27/02/2024,135.54,2,In-Store
T007951,C00177,2024-06-08T02:29:00Z, 98.24 ,4,web
T004636,C00322,15/08/2024,$1.00,1,Mobile
T007990,C00219,2024-09-15,112.74,null,in-store
T001184,C00031,"April 1, 2024",171.51,2,in-store
T001803,C00231,"January 12, 2024",$183.08,5,web
T003413,C00401,14/04/2024,$125.05,1,In-Store
T005721,C00619,"July 18, 2024",124.59,4,Mobile
T007150,C00635,2024-12-27,$122.32,2,WEB 
T004951,C00361,21/09/2024,147.97,2, mobile
T000464,C00441,"November 25, 2024", 138.55 ,1,web
T003469,C00571,2024-12-01T08:19:00Z,$87.98,2,Web
T005769,C00217,"May 9, 2024",206.87,1,web
T004065,C00391,"November 27, 2024",$61.76,4,WEB 
T002638,C00066,2024-10-26T14:29:00Z,$68.15,5,Web
T002306,C00014,2024-08-06T02:15:00Z,79.77,2, mobile
T002956, C00292 ,18/09/2024, 60.46 ,5, mobile
T002570,C00363,28/12/2024, 129.10 ,4,Mobile
T000959,C00437,2024-01-19,$149.79,5,In-Store
T005649,C00811,2024-07-17T08:41:00Z,73.25,3,Mobile
T007813,C00869,2024-02-20, 70.95 ,4,in-store
T003022,C00608,2024-10-25,$96.45,4, mobile
T005799,C00257,"April 9, 2024",97.56,5,Mobile
T007715,C00752,24/07/2024,171.09,3,WEB 
T000600,C00499,2024-08-21T18:40:00Z, 108.16 ,5,Web
T006047,C00034,15/01/2024,107.83,5,Mobile
T001346,C00638,2024-02-23T17:39:00Z, 52.49 ,3,WEB 
T007473,C00616,2024-03-24T14:58:00Z,$164.09,2,web
T005093,C00491,14/02/2024, 182.26 ,4, mobile
T007885,C00839,"February 2, 2024",165.34,2,WEB 
T004867,C00257,24/02/2024,161.05,1,in-store
T005651,C00284,2024-09-21,$128.65,4, mobile
T007068,C00864,2024-01-04, 122.83 ,2,web
T006610,C00135,2024-09-04, 130.17 ,5,in-store
T001795,C00246,09/12/2024,28.54,1,In-Store
T007099,C00892,"August 13, 2024",$123.02,2,Mobile
T003020,C00586,17/02/2024, 156.38 ,5,Web
T001142,C00108,"November 27, 2024", 152.53 ,2,web
T003799,C00712,2024-09-28T07:14:00Z,94.86,,Mobile
T001390,C00799,2024-08-22T07:00:00Z,84.39,5,In-Store
T007443,C00665,"April 5, 2024",$175.13,5,Web
T003641,C00714,03/08/2024, 129.43 ,3,In-Store
T003518,C00559,16/05/2024,300.04,1,in-store
T001247,C00754,"February 12, 2024",130.47,2,in-store
T006280,C00707,23/12/2024,198.11,1, mobile
T001078,C00690,"January 22, 2024",$28.00,2,In-Store
T002268,C00026,2024-05-05T05:16:00Z, 142.19 ,NA,in-store
T005699,C00222,2024-08-05,204.23,5,Mobile
T002675,C00026,08/04/2024,57.15,4,Web
T002342,C00683,23/04/2024, 54.62 ,5,web
T000005,C00369,27/04/2024, 8.51 ,1,in-store
T006561,C00252,2024-08-02T05:02:00Z, 107.73 ,4, mobile
T000830,C00330,"August 25, 2024",177.21,1,in-store
T000846, C00847 ,"August 2, 2024", 178.79 ,4,In-Store
T005315,C00316,"July 18, 2024",84.42,3,in-store
T000963, C00741 ,10/04/2024, 231.22 ,2, mobile
T004766,C00707,27/09/2024,156.98,3,in-store
T001302,C00858,28/01/2024,41.77,1,Mobile
T003098,C00681,28/01/2024, 85.97 ,5, mobile
T003494,C00368,2024-05-28,$126.09,3,WEB 
T002240,C00806,2024-06-24T05:16:00Z,$196.59,4, mobile
T000039,C00893,2024-02-13,75.75,4,In-Store
T003415,C00308,"February 12, 2024",256.05,,WEB 
T006964,C00516,19/01/2024, 149.84 ,4,web
T003372,C00702,2024-07-19T03:24:00Z, 183.13 ,1,WEB 
T006241,C00642,08/04/2024, 194.78 ,5,In-Store
T000604,C00395,"December 2, 2024",$162.66,3,Web
T007726,C00131,2024-04-15,$113.74,3,WEB 
T003552,C00499,"November 15, 2024",102.12,1,Web
T006266,C00509,2024-11-16,$139.33,1,WEB 
T002051,C00409,"October 18, 2024",170.37,1,in-store
T007215,C00614,"January 25, 2024", 187.39 ,1,Mobile
T000303,C00687,2024-12-06,227.14,5,web
T001032,C00090,21/07/2024, 88.15 ,1,in-store
T002313,C00057,2024-02-03T22:32:00Z,$90.67,4,In-Store
T007183,C00762,2024-01-27,144.92,2,In-Store
T006648,C00088,2024-05-14T15:16:00Z, 161.66 ,null,Web
T005382,C00237,19/08/2024, 114.36 ,5,Mobile
T002273,C00492,14/05/2024,$108.58,2,Web
T002940, C00798 ,2024-09-05T17:21:00Z, 178.31 ,3,in-store
T006862,C00576,"August 1, 2024",$134.34,1,Web
T001162,C00465,"May 22, 2024",192.61,1,In-Store
T001251,C00270,"May 21, 2024",$53.81,1,In-Store
T003389,C00704,2024-05-13,$155.87,5, mobile
T002489,C00454,26/01/2024,$97.62,3,In-Store
T006718,C00178,"September 18, 2024",$125.78,4,In-Store
T003878,C00322,15/08/2024, 211.18 ,2,web
T002293,C00844,2024-09-18, 114.72 ,3,In-Store
T007481,C00477,2024-04-26T10:15:00Z,$51.03,1, mobile
T000474,C00326,"April 18, 2024",$207.82,5,Web
T004816,C00207,"June 24, 2024",125.08,3,WEB 
T005608,C00450,2024-01-28,$62.32,4, mobile
T002187,C00726,08/02/2024,$97.34,2,Mobile
T006515,C00777,"September 12, 2024",219.95,4,Mobile
T004602,C00055,"October 19, 2024", 171.64 ,2,In-Store
T005797,C00603,2024-04-06,$21.88,3,Web
T003925,C00743,28/04/2024,$72.03,4,Mobile
T005675, C00609 ,2024-06-16T22:05:00Z,$63.88,5, mobile
T002477,C00135,"July 27, 2024", 51.72 ,4, mobile
T001337,C00844,11/11/2024, 57.09 ,5,Mobile
T006779,C00159,2024-08-24,172.31,2,in-store
T001909,C00039,2024-06-06T02:18:00Z, 88.96 ,4,web
T001699, C00860 ,2024-10-15T01:12:00Z, 191.14 ,N/A,Web
T004034,C00213,25/05/2024, 196.06 ,4, mobile
T005147,C00184,"November 13, 2024",151.15,4,in-store
T006362,C00796,"October 1, 2024", 87.72 ,4,Mobile
T001312,C00398,2024-02-23, 182.48 ,1,in-store
T000678,C00547,2024-05-23T19:39:00Z, 110.89 ,2,in-store
T003496,C00515,2024-03-08, 149.27 ,1,Web
T005170,C00451,2024-05-26, 98.19 ,5, mobile
T000941,C00649,2024-07-25T03:34:00Z,$50.17,4,in-store
T005151,C00420,12/11/2024,155.50,5,Mobile
T002588,C00526,"February 27, 2024",$183.08,1,in-store
T007059,C00544,2024-04-15,$85.16,4,In-Store
T000214,C00827,2024-09-06, 152.87 ,5,WEB 
T000751, C00790 ,07/11/2024,57.33,2, mobile
T007460,C00128,"June 11, 2024", 100.75 ,5,Mobile
T001060,C00560,"March 2, 2024",6.39,4, mobile
T002413,C00159,"April 14, 2024", 90.98 ,4,Web
T003573,C00229,"October 20, 2024",56.05,1,in-store
T005225, C00297 ,2024-11-10T19:45:00Z,$149.98,4,in-store
T004237,C00242,"November 8, 2024", 103.11 ,5,Web
T000630,C00297,"February 5, 2024",86.06,null,Mobile
T002848,C00126,"July 23, 2024", 189.22 ,1,In-Store
T004177,C00222,"November 16, 2024",90.16,1,in-store
T007032,C00401,"January 24, 2024",$47.71,2,Web
T000997,C00412,27/10/2024, 190.19 ,1,In-Store
T002921,C00004,"July 20, 2024", 157.65 ,5, mobile
T001240, C00699 ,2024-11-06T22:37:00Z,$124.48,5, mobile
T006080,C00584,25/09/2024,118.32,2,WEB 
T007392,C00575,2024-01-16T08:48:00Z,$259.18,3,In-Store
T006538, C00096 ,"December 7, 2024",$130.59,3,web
T000708,C00683,2024-06-08T05:07:00Z,136.56,1,WEB 
T003126,C00032,2024-07-28T22:09:00Z,$83.53,1,In-Store
T003940,C00800,2024-05-27, 158.20 ,5,WEB 
T006882,C00767,2024-12-22,33.77,5,WEB 
T003176,C00391,"November 21, 2024",145.27,5,Web
T001778,C00593,"June 25, 2024",32.69,,In-Store
T006183,C00342,2024-05-07,$113.75,4, mobile
T005660,C00812,2024-11-14T19:38:00Z,$207.57,1,WEB 
T001999,C00746,22/03/2024,97.57,2,Mobile
T000311,C00275,2024-01-25T13:11:00Z,150.60,1,Web
T007521,C00372,07/09/2024,175.00,4,Web
T006446,C00704,13/10/2024,$79.38,1, mobile
T001432,C00245,"October 3, 2024",$217.79,3,web
T000072,C00877,12/04/2024,$147.25,3,In-Store
T001846, C00302 ,14/02/2024, 123.40 ,2,Mobile
T005393,C00228,2024-05-03T12:28:00Z, 124.51 ,4, mobile
T006484,C00446,2024-02-07, 153.41 ,2,Web
T002098,C00128,2024-02-22T05:11:00Z,102.28,3,WEB 
T006338,C00542,"August 4, 2024", 54.24 ,4,in-store
T000027,C00429,2024-06-27, 195.15 ,4,Mobile
T000953,C00245,"December 19, 2024",$118.80,1,Mobile
T004305,C00790,"April 27, 2024",$103.44,1,Web
T000400,C00050,2024-07-21T04:11:00Z, 217.44 ,1,WEB 
T006401,C00784,"June 11, 2024",173.78,5,web
T000559,C00806,17/11/2024, 30.82 ,2, mobile
T006407, C00312 ,2024-11-05,$67.50,3,WEB 
T007036, C00863 ,2024-01-25T16:39:00Z,57.60,2, mobile
T005012,C00296,2024-03-15, 17.68 ,5,WEB 
T007929,C00856,03/07/2024,123.35,4,In-Store
T006363,C00730,"February 27, 2024",$72.96,3,in-store
T004197, C00852 ,2024-08-06, 74.06 ,3,WEB 
T002780,C00882,2024-08-08T05:31:00Z, 138.44 ,4,Web
T007751,C00609,13/12/2024,$41.71,5, mobile
T001333, C00162 ,2024-02-06T07:07:00Z,$67.65,2,in-store
T004879,C00285,19/01/2024, 273.13 ,5,Web
T006137, C00387 ,21/12/2024, 147.47 ,5,in-store
T004774,C00763,"August 5, 2024",1.00,2,in-store
T007682,C00652,14/06/2024, 205.75 ,4,Web
T002866,C00691,21/05/2024,$169.19,4, mobile
T003685, C00354 ,2024-07-20,$214.98,1,in-store
T003169,C00554,"January 11, 2024", 49.91 ,3,Mobile
T001260, C00615 ,"March 6, 2024", 203.69 ,1,WEB 
T005931,C00048,01/06/2024,10.97,5,In-Store
T000968,C00649,2024-04-11T04:15:00Z, 67.09 ,2, mobile
T005424,C00630,12/02/2024,147.24,2,web
T001651,C00330,"June 13, 2024",137.77,1,In-Store
T001764,C00367,2024-04-26,$77.30,5,Web
T003346,C00383,2024-04-12, 162.64 ,4,In-Store
T006494, C00369 ,2024-10-28T01:45:00Z,$223.18,1,Mobile
T002777,C00694,01/08/2024, 67.77 ,3, mobile
T006048,C00270,2024-11-03T12:14:00Z,$97.76,3,web
T007201,C00369,"February 13, 2024", 232.59 ,4, mobile
T001687,C00822,2024-07-08,175.92,1,web
T005347,C00784,27/12/2024,211.01,4,Web
T001061,C00884,2024-12-20,58.12,2,web
T005783,C00078,"September 27, 2024", 19.80 ,NA, mobile
T000900,C00049,16/08/2024, 81.40 ,1,Mobile
T006919,C00320,2024-08-15,$162.70,3,web
T003256,C00367,14/03/2024,$60.86,3,Web
T004169,C00678,"March 21, 2024",170.40,1,web
T003336,C00306,2024-10-17T08:00:00Z, 136.70 ,2,Web
T006923,C00774,"April 24, 2024", 49.11 ,4,web
T002818,C00300,"July 28, 2024", 144.80 ,4,WEB 
T000873,C00184,20/08/2024, 101.98 ,4,in-store
T003931,C00056,"October 6, 2024",203.07,2,Mobile
T001263,C00759,2024-11-17,26.03,2,WEB 
T004819,C00463,2024-05-18T02:37:00Z, 192.21 ,1,WEB 
T003816,C00605,28/11/2024,$197.09,4,Web
T003475,C00776,2024-05-23,137.75,4,Mobile
T000158,C00053,"January 15, 2024",224.83,2,in-store
T000720,C00594,11/02/2024, 6.42 ,2,Mobile
T006822,C00382,"October 9, 2024",$61.31,2,in-store
T005832, C00689 ,"December 28, 2024",161.69,2,web
T007713,C00008,2024-07-21T17:10:00Z, 159.52 ,2,Web
T002025,C00109,2024-03-12T21:19:00Z,$153.32,5,in-store
T005175,C00102,21/03/2024, 64.98 ,3,Web
T001596,C00877,"June 11, 2024",$162.02,1,web
T001206,C00150,2024-04-19T00:38:00Z,$75.55,4,in-store
T006098, C00871 ,2024-11-13T14:30:00Z,73.46,5,in-store
T005887,C00638,07/03/2024, 127.04 ,5,Web
T005455,C00648,2024-03-22,$177.82,4,web
T002900,C00873,2024-07-17, 119.64 ,2,WEB 
T007196,C00319,04/12/2024, 127.73 ,5,web
T004703,C00237,2024-01-20T07:55:00Z, 34.75 ,5,in-store
T004668,C00244,"January 16, 2024", 123.08 ,2,WEB 
T002531,C00760,2024-05-02,$93.92,4,Mobile
T004562,C00062,"February 24, 2024",132.93,1,Mobile
T004777,C00049,01/03/2024, 136.96 ,2,in-store
T007076,C00265,22/10/2024,69.48,3,Web
T002142,C00604,"April 2, 2024",$81.55,2,WEB 
T005112,C00102,"October 18, 2024",265.21,4,in-store
T007123,C00473,24/10/2024,$228.23,4,WEB 
T004508,C00547,27/03/2024,159.01,4,In-Store
T003263,C00756,"January 12, 2024",$182.64,1,in-store
T001963,C00231,"March 16, 2024",$95.96,3,web
T005705,C00522,15/07/2024,62.24,3,In-Store
T003506,C00543,"March 26, 2024",65.24,4,WEB 
T004053,C00328,02/07/2024,193.91,null,WEB 
T007672,C00728,"December 26, 2024",$144.79,4,Web
T001239,C00616,"April 14, 2024",$348.40,5,in-store
T007639,C00466,"April 14, 2024",$141.53,1,Mobile
T004709, C00249 ,2024-06-04, 233.23 ,3, mobile
T005723,C00034,2024-05-25,$138.13,2,web
T000098,C00657,2024-08-01,211.70,2,In-Store
T003430,C00126,"February 5, 2024", 100.31 ,5,in-store
T001098,C00275,2024-07-16,$122.00,2,WEB 
T003084,C00032,"July 2, 2024",$91.70,2, mobile
T006467,C00193,"October 7, 2024", 117.91 ,1, mobile
T002781,C00284,"June 26, 2024", 48.81 ,5,web
T004304,C00599,"July 2, 2024", 25.66 ,5,in-store
T003642,C00385,"August 26, 2024",$1.00,3,web
T003905, C00507 ,05/11/2024,201.96,2,Mobile
T005833,C00793,2024-05-05T07:25:00Z,$177.20,3,In-Store
T006663,C00663,2024-03-02T10:38:00Z,$106.27,4,Mobile
T004826,C00121,28/04/2024,197.91,3,Web
T001817, C00620 ,"January 26, 2024",$198.14,2,In-Store
T003864,C00483,2024-07-21,$13.40,5,In-Store
T001667, C00690 ,2024-03-01T09:08:00Z,62.63,5,WEB 
T000116,C00145,2024-12-26,$254.77,1,Web
T001625, C00693 ,2024-06-13T03:20:00Z,$143.58,5,Web
T000832,C00259,13/05/2024,$83.88,5, mobile
T003740,C00870,"June 12, 2024", 1.00 ,4,Mobile
T006039,C00350,2024-07-10,$158.49,5,In-Store
T002379,C00873,2024-08-27,67.80,1, mobile
T007795,C00443,"March 3, 2024",$81.46,5,In-Store
T002335,C00410,10/02/2024, 102.61 ,N/A,Mobile
T002550,C00590,13/12/2024, 120.50 ,3, mobile
T002893,C00442,2024-03-18,87.64,N/A,in-store
T006050,C00418,"July 19, 2024", 228.11 ,2, mobile
T001997,C00668,"October 2, 2024", 156.83 ,3,In-Store
T006786,C00281,2024-10-27T15:34:00Z, 112.24 ,3,Mobile
T006468,C00771,27/03/2024,107.64,2,In-Store
T004365,C00515,2024-03-18, 170.41 ,1, mobile
T003526,C00852,2024-02-20,83.76,4,WEB 
T006257,C00009,2024-06-04, 1.00 ,N/A,WEB 
T003311,C00278,17/12/2024,151.41,2,Mobile
T002213,C00773,07/07/2024, 38.36 ,3,in-store
T005043, C00773 ,2024-11-05T04:35:00Z,75.92,2,Mobile
T007688,C00880,2024-02-25, 92.85 ,1,In-Store
T000317,C00585,2024-08-20T15:29:00Z,$252.78,5,In-Store
T000191, C00032 ,2024-03-07, 191.44 ,3,WEB 
T005367,C00758,"May 9, 2024",$128.34,3,Mobile
T007223,C00807,"April 24, 2024",$141.16,5, mobile
T000511,C00279,27/11/2024,$90.43,2,Mobile
T005564,C00051,2024-05-13,$166.48,4,WEB 
T005260, C00328 ,18/10/2024,$177.18,4,in-store
T003649,C00539,2024-02-14T15:15:00Z,$12.80,3,web
T007209,C00734,"August 7, 2024",$92.34,3,Web
T006646,C00694,2024-08-23T11:59:00Z,$46.62,5,web
T003255,C00835,2024-08-09T03:03:00Z, 216.51 ,3,web
T001861,C00788,16/12/2024,147.57,3,In-Store
T004955,C00738,"January 2, 2024", 100.06 ,5,WEB 
T000071,C00584,"December 15, 2024", 145.15 ,5,In-Store
T007231,C00363,18/12/2024,$62.17,4, mobile
T003308, C00818 ,06/09/2024,$173.72,1,Web
T007398,C00555,"February 24, 2024",$76.80,N/A, mobile
T000823,C00190,"October 19, 2024", 115.60 ,,In-Store
T005537,C00061,2024-12-15T16:19:00Z,$72.24,3, mobile
T001141,C00038,2024-01-02T01:01:00Z, 111.34 ,4,Mobile
T007986,C00258,13/06/2024, 247.24 ,2,Web
T007110,C00343,2024-04-20, 93.64 ,3,in-store
T003767, C00660 ,"January 17, 2024",117.48,3,Mobile
T004735,C00761,2024-01-27,79.00,4,web
T001223,C00097,2024-06-09,145.17,1, mobile
T001911, C00805 ,2024-10-18,112.79,4,in-store
T000365,C00174,20/04/2024,89.32,2, mobile
T002470,C00444,2024-10-28T02:30:00Z, 33.10 ,1,Mobile
T007807,C00176,"June 25, 2024",$117.71,NA,Web
T001790,C00398,"July 11, 2024", 55.37 ,,in-store
T002261,C00473,2024-12-08T09:40:00Z,182.41,5,in-store
T007783, C00792 ,"October 9, 2024",$101.49,4,in-store
T000800, C00682 ,2024-06-07T22:39:00Z,$128.39,2, mobile
T003324,C00829,2024-07-14,1.00,1,Mobile
T000468,C00566,24/05/2024,$143.12,2,in-store
T000869,C00185,2024-03-18T01:08:00Z,$194.22,4,In-Store
T001233,C00604,2024-11-18T16:50:00Z,$106.85,4,Mobile
T005538,C00371,12/07/2024,$148.45,5,WEB 
T002659,C00240,02/08/2024, 67.66 ,4,Web
T001040,C00865,16/09/2024,114.00,2,WEB 
T000067,C00715,26/01/2024, 110.64 ,1,Mobile
T003498,C00302,04/03/2024,70.01,5,Web
T005573,C00825,26/06/2024,186.77,2,in-store
T003926,C00264,"January 28, 2024",112.52,3,in-store
T001024,C00210,2024-02-20T03:47:00Z,$106.23,1,in-store
T004499,C00874,2024-09-03T14:07:00Z, 109.90 ,1, mobile
T005513,C00873,"February 11, 2024",$141.21,2,in-store
T006825,C00186,02/07/2024, 61.56 ,5,WEB 
T000050, C00469 ,"April 21, 2024",156.26,3,Web
T007200,C00489,"July 20, 2024", 36.42 ,5,Web
T002230,C00476,08/02/2024,$164.09,3, mobile
T006875,C00361,18/10/2024, 159.59 ,3,WEB 
T006905,C00393,18/12/2024,59.25,2,in-store
T005986,C00199,2024-12-23,$133.33,null,Web
T001214,C00424,2024-01-17T09:32:00Z, 94.88 ,null,Web
T000169,C00263,"September 2, 2024",$147.52,4, mobile
T005029,C00001,2024-08-14T06:58:00Z, 116.72 ,4,In-Store
T005328,C00143,2024-01-19T06:15:00Z, 148.90 ,1,web
T007075,C00325,10/11/2024,$205.95,4,Web
T001880,C00574,2024-11-13T12:23:00Z,$88.19,4,In-Store
T005791,C00030,2024-12-05T13:51:00Z,28.17,1,web
T007453,C00303,"October 4, 2024",$136.10,4,Mobile
T001857,C00706,"January 12, 2024",122.24,5,web
T001396,C00282,2024-03-23T01:25:00Z,$282.10,4,Mobile
T006963,C00047,2024-05-07,$13.18,1,In-Store
T005880,C00523,2024-08-16,$124.78,3,in-store
T001253,C00778,2024-10-03T18:24:00Z,$274.74,1,Web
T001065, C00594 ,21/03/2024,$203.88,5,web
T004575,C00549,"June 9, 2024",55.45,4,WEB 
T005585,C00630,05/08/2024,1.00,3,In-Store
T007376,C00645,2024-12-10, 136.55 ,1, mobile
T004692,C00503,2024-08-26, 211.60 ,1,In-Store
T007391,C00017,05/10/2024, 13.35 ,5,WEB 
T005668,C00322,"August 9, 2024",145.52,4,Mobile
T000763,C00305,"September 4, 2024",$158.39,5, mobile
T006180,C00017,2024-02-08T10:58:00Z,$182.44,5,in-store
T001107,C00723,2024-12-06,$99.72,4,WEB 
T002233,C00706,25/09/2024, 161.82 ,3,web
T003525,C00765,2024-02-03T15:29:00Z, 170.61 ,3,WEB 
T004125,C00171,23/05/2024, 105.58 ,5,Mobile
T005588,C00798,2024-05-17T12:31:00Z, 151.61 ,5,In-Store
T007570,C00861,2024-06-19,163.17,3,In-Store
T002511,C00709,2024-12-18,86.44,2,Mobile
T007013,C00364,"December 8, 2024", 124.71 ,2, mobile
T004734,C00165,03/12/2024,$179.93,4,WEB 
T001994, C00782 ,"September 27, 2024",180.39,4,in-store
T003088,C00349,2024-08-11,$217.22,4,Mobile
T000362,C00017,17/05/2024,167.00,1,in-store
T004579,C00525,25/06/2024,143.71,null,Mobile
T005466,C00257,2024-01-21,$1.00,2,Mobile
T007108,C00875,2024-12-09T15:16:00Z,$205.72,4,Web
T003408,C00145,2024-11-07T20:02:00Z, 149.62 ,2,Web
T007218,C00367,2024-09-12T23:54:00Z,96.13,2,Web
T000141,C00310,"October 20, 2024", 126.10 ,3,Mobile
T004829,C00372,25/09/2024,$121.86,5, mobile
T001756,C00363,"February 21, 2024",163.23,4,In-Store
T004674,C00828,2024-03-17T15:18:00Z, 209.93 ,3,Mobile
T000923,C00432,"January 1, 2024",242.64,3,Mobile
T000271, C00022 ,07/08/2024,$140.29,5, mobile
T007694,C00673,"November 26, 2024",81.11,1,Mobile
T006588, C00655 ,2024-11-15,$1.00,2, mobile
T002036,C00304,"July 14, 2024",$90.78,4,Web
T003096,C00441,2024-08-11,$1.00,2,web
T005713,C00043,2024-11-05T02:46:00Z,32.34,1,Web
T005589,C00802,2024-09-27, 122.44 ,5,Mobile
T001534,C00270,2024-04-27T07:48:00Z,$84.04,2,Web
T004525,C00707,2024-08-04T02:25:00Z,195.53,5,Web
T004201,C00203,12/04/2024, 42.17 ,1,in-store
T003370,C00852,"July 8, 2024",$78.87,5, mobile
T005133,C00718,"December 3, 2024",$147.70,1,web
T003942,C00595,2024-01-03T18:48:00Z,$84.75,2,In-Store
T004834,C00436,"May 4, 2024",55.31,2, mobile
T003334,C00534,2024-07-21T10:53:00Z,102.37,1,web
T007520,C00078,2024-11-02T13:49:00Z,109.43,3, mobile
T006346,C00334,13/07/2024,165.61,3,Web
T007207,C00117,"December 10, 2024",10.72,5, mobile
T007787,C00343,01/06/2024,16.76,4,In-Store
T003232,C00252,2024-03-21T17:08:00Z,129.59,4,WEB 
T003377,C00346,2024-07-10T17:20:00Z,123.90,1,WEB 
T000241,C00020,10/11/2024,151.00,2,Mobile
T003757,C00661,2024-11-11, 187.08 ,1,web
T007670,C00295,"April 4, 2024",$68.44,3,in-store
T007227,C00103,"April 26, 2024", 23.81 ,1,in-store
T001493,C00697,2024-08-23T01:09:00Z, 272.22 ,5,WEB 
T004687,C00836,"December 9, 2024", 34.20 ,3,Web
T001548,C00688,2024-04-11,$47.92,1, mobile
T002420,C00371,22/07/2024,$131.59,2,WEB 
T001714,C00638,2024-01-07T12:58:00Z, 157.50 ,5,web
T007811,C00241,2024-02-08T23:23:00Z,$230.70,5,web
T003634,C00397,2024-03-15T05:04:00Z,$174.06,2,In-Store
T004483, C00439 ,"September 13, 2024", 175.37 ,4,Web
T004279,C00394,"November 15, 2024", 129.40 ,1,web
T000927,C00132,2024-01-24, 74.79 ,1,web
T000934,C00001,"December 8, 2024",$115.39,4,In-Store
T001271,C00447,"December 5, 2024", 86.38 ,4,in-store
T004278,C00052,"May 14, 2024", 86.70 ,3, mobile
T006587,C00134,2024-01-17T00:37:00Z, 156.52 ,3,Mobile
T004835, C00012 ,03/09/2024,$145.32,4,Web
T001872,C00605,2024-03-24T17:26:00Z,79.50,5, mobile
T002009,C00214,"September 27, 2024",63.36,3,in-store
T001646,C00040,2024-07-06T16:28:00Z,$49.38,3,Web
T003094,C00276,"December 12, 2024", 93.23 ,4, mobile
T006245,C00897,"November 28, 2024", 1.00 ,2,in-store
T001139,C00600,02/02/2024,223.33,5,in-store
T006392,C00462,02/05/2024, 160.05 ,3,web
T006301,C00715,25/05/2024,$182.96,null,Web
T005034,C00333,"March 10, 2024",$71.25,4, mobile
T001328,C00019,2024-03-08,$76.14,3,In-Store
T005855,C00160,2024-04-14T23:46:00Z,$58.40,5,Web
T005400,C00572,2024-09-22,$187.14,3, mobile
T004423,C00494,11/02/2024,$104.11,3,web
T003846,C00113,"April 1, 2024", 1.00 ,1,In-Store
T005117,C00157,28/10/2024,199.57,5,Web
T000815,C00778,"June 14, 2024",195.42,1, mobile
T007884,C00231,12/09/2024,224.74,5,Mobile
T005942,C00609,20/01/2024, 156.15 ,3,WEB 
T004749,C00489,2024-05-05T21:16:00Z,106.08,4,Web
T007314,C00423,2024-05-10,57.26,4,In-Store
T003357,C00706,2024-09-18T17:12:00Z, 270.16 ,,web
T006660,C00150,"March 17, 2024", 89.15 ,4,Web
T006284,C00723,2024-09-24T09:41:00Z,61.49,4,Mobile
T004217, C00710 ,18/06/2024,48.45,2,web
T000368,C00476,24/03/2024,$43.02,3,web
T005345,C00872,2024-03-10T15:06:00Z,147.55,2,web
T005704,C00415,2024-12-10T01:02:00Z,$118.44,3,In-Store
T003495,C00692,25/12/2024,$160.46,2,Web
T005157,C00346,"October 2, 2024",168.76,2,In-Store
T000036,C00036,2024-04-28, 101.31 ,1,Mobile
T001009,C00140,"June 12, 2024", 119.29 ,5,In-Store
T002309,C00705,2024-09-22T22:07:00Z,$103.95,5,WEB 
T000775,C00528,2024-03-27,$85.70,4,WEB 
T006128,C00548,06/11/2024,$148.93,5,In-Store
T006196,C00024,22/02/2024,1.00,4,Mobile
T002215,C00360,"June 21, 2024", 237.01 ,5,in-store
T007404,C00233,06/08/2024, 155.49 ,3,In-Store
T006530,C00183,"April 4, 2024",$1.00,1,in-store
T001137,C00490,2024-06-08,160.85,4,Mobile
T000662,C00236,27/08/2024,27.75,2,Mobile
T002888,C00111,"December 19, 2024", 73.32 ,2,Mobile
T000826,C00577,"May 5, 2024",$114.99,1,In-Store
T003993,C00087,"November 11, 2024",$152.89,5,web
T002905,C00351,2024-09-12T19:11:00Z,1.00,4,WEB 
T005188,C00424,"October 11, 2024",$109.76,3,WEB 
T001073,C00866,2024-10-14,$29.88,4,in-store
T002668,C00804,"December 26, 2024",$102.13,2,in-store
T006119,C00887,"May 21, 2024",158.79,5,WEB 
T001895,C00546,"January 1, 2024",118.33,2,Web
T006614,C00880,2024-02-06T05:01:00Z, 223.25 ,2,In-Store
T002113,C00833,"June 12, 2024",12.28,1,Mobile
T002237,C00279,"September 4, 2024", 243.82 ,1,web
T006097,C00528,2024-01-17, 176.24 ,4,WEB 
T001801,C00221,"November 12, 2024",$165.88,2, mobile
T000087, C00241 ,"March 28, 2024", 82.56 ,1,Web
T003423,C00062,2024-09-21T00:32:00Z, 110.77 ,2,Web
T002892,C00704,"February 14, 2024", 137.56 ,N/A, mobile
T006278,C00031,2024-03-17T13:38:00Z,$71.12,5,Mobile
T001728, C00273 ,"January 27, 2024",$112.35,5,Mobile
T000289,C00545,07/04/2024, 163.53 ,2,In-Store
T001140,C00370,2024-10-02T22:44:00Z,115.89,4,In-Store
T005707,C00708,2024-03-13, 84.39 ,4,WEB 
T006046,C00065,08/04/2024,146.48,3,WEB 
T007235,C00039,2024-12-07, 121.15 ,5,Web
T006848,C00242,"September 24, 2024", 108.43 ,3,in-store
T005889,C00860,"June 9, 2024", 152.69 ,2,Web
T002412,C00299,05/09/2024, 135.44 ,3,web
T002798,C00273,2024-05-12,183.47,3,WEB 
T004311, C00353 ,2024-10-26,$135.32,5,Web
T000376,C00206,"December 14, 2024",$12.16,4,In-Store
T004921,C00153,2024-11-26T03:32:00Z, 15.14 ,3,WEB 
T000661,C00474,2024-01-19T22:06:00Z,$38.16,3,WEB 
T004147,C00468,2024-09-15T19:34:00Z, 103.42 ,NA,In-Store
T002485,C00383,"October 25, 2024",68.15,5,web
T005430,C00022,"October 26, 2024",$129.26,2,Mobile
T001571,C00417,2024-12-01T21:14:00Z, 187.86 ,5,Mobile
T003310,C00663,20/04/2024,106.80,3,In-Store
T002694,C00524,2024-03-06T11:52:00Z,$25.22,4, mobile
T003349,C00482,2024-09-20T14:47:00Z,52.42,1,web
T003663,C00881,"February 11, 2024",$229.50,3,Web
T001770,C00798,2024-07-05,$279.37,2, mobile
T001067,C00037,2024-12-24,17.32,3,in-store
T002112,C00154,2024-09-18,$234.43,3,Mobile
T003387,C00433,2024-02-01, 243.47 ,1,in-store
T006479,C00900,27/09/2024, 156.86 ,1, mobile
T005199, C00190 ,2024-06-12, 160.68 ,2,WEB 
T004163,C00187,2024-10-13T22:02:00Z,$105.62,3,web
T005075,C00106,"June 21, 2024",$34.32,3,in-store
T000102,C00465,24/11/2024, 164.68 ,2,Web
T001657,C00493,2024-07-20T01:01:00Z, 101.77 ,null,WEB 
T003298,C00853,"February 25, 2024",138.42,3,WEB 
T007125,C00814,"August 21, 2024", 214.28 ,1,web
T002927,C00666,25/01/2024,181.53,4,WEB 
T002008,C00006,18/06/2024,90.61,1,web
T007452,C00282,2024-04-18,37.57,5,Mobile
T003015,C00189,"August 9, 2024",$102.45,1,In-Store
T002442,C00896,"November 22, 2024",103.01,2,in-store
T001320,C00767,2024-02-04T07:07:00Z, 153.65 ,4,In-Store
T007436, C00104 ,2024-01-10,117.28,2,web
T006697,C00082,2024-06-23,$38.67,4,WEB 
T001622,C00504,2024-03-25, 125.04 ,1,web
T003987, C00137 ,2024-04-14,$205.80,3,Mobile
T007973,C00190,2024-12-03,$91.31,5,Mobile
T000696,C00766,04/01/2024, 215.14 ,2,in-store
T006271,C00513,"March 14, 2024",$70.09,1,Web
T006543,C00790,2024-01-20T13:36:00Z,$142.71,4,In-Store
T003235,C00053,2024-10-28T23:51:00Z, 88.44 ,4, mobile
T007657,C00784,03/05/2024,$122.77,1, mobile
T007774,C00473,"December 25, 2024", 5.66 ,1,Web
T007641,C00209,"May 11, 2024", 156.26 ,4,in-store
T004727,C00446,"December 7, 2024", 166.59 ,5,Web
T000411,C00808,"July 18, 2024",$131.07,3,Mobile
T006539,C00252,"June 12, 2024", 129.35 ,2,Web
T006475,C00513,2024-11-24, 117.18 ,3,Mobile
T001767,C00811,10/11/2024,200.35,2,WEB 
T000490,C00474,2024-03-16,$175.44,2,in-store
T003332,C00728,16/11/2024,$178.21,1,in-store
T001170,C00689,2024-09-08, 40.23 ,1,Mobile
T002825,C00511,14/06/2024,$59.25,1,Web
T000576,C00178,2024-05-10,178.34,5,Mobile
T007433,C00640,2024-02-03, 141.46 ,5,web
T000805,C00303,01/09/2024,169.26,5, mobile
T002179,C00305,2024-03-22, 129.16 ,1,In-Store
T003018,C00378,13/11/2024, 157.04 ,4,in-store
T005756,C00362,20/08/2024,260.17,3,web
T007952,C00020,2024-12-12T01:09:00Z, 172.86 ,3,in-store
T005554,C00656,2024-11-04T19:49:00Z,145.34,3,web
T006231, C00557 ,"October 4, 2024", 129.11 ,1,in-store
T000682,C00834,2024-12-12T07:42:00Z,$232.99,3,In-Store
T005277,C00239,2024-12-16T09:57:00Z,215.37,1,in-store
T000783,C00411,2024-08-22, 52.23 ,5,In-Store
T002801,C00532,"May 27, 2024", 156.19 ,1,Mobile
T000320,C00606,2024-04-27, 172.38 ,3,WEB 
T004615,C00449,2024-10-28T15:16:00Z,162.33,1,web
T002730,C00042,09/04/2024, 79.09 ,5,In-Store
T001010,C00628,"August 19, 2024",71.66,3,WEB 
T007306,C00018,2024-07-01, 124.15 ,1,Web
T001393,C00130,05/03/2024,135.39,4,In-Store
T003619,C00040,2024-01-17T23:06:00Z,$109.58,1,Web
T000870,C00548,"October 1, 2024",$67.02,4,WEB 
T002532,C00125,2024-07-06T16:54:00Z,121.78,NA,Mobile
T006107,C00710,23/04/2024, 127.10 ,1,Web
T005059,C00367,2024-10-28,$178.52,3,WEB 
T007796,C00658,2024-04-07T22:36:00Z,134.84,NA,Mobile
T001146,C00200,2024-08-18T06:07:00Z,96.20,4,in-store
T005831,C00828,"July 2, 2024",$144.35,5,web
T007570,C00861,2024-06-19,163.17,3,In-Store
T007162,C00020,02/08/2024,$91.60,1, mobile
T004067, C00733 ,2024-07-05, 119.69 ,5,in-store
T002666,C00590,2024-03-15, 157.49 ,4,Mobile
T003087,C00844,17/12/2024,$99.49,5, mobile
T007449,C00758,"September 20, 2024", 206.00 ,2,In-Store
T001321, C00092 ,"May 8, 2024",$91.19,4,Mobile
T004599,C00287,24/02/2024,113.46,4, mobile
T006472,C00791,2024-03-14T21:25:00Z,$39.64,2, mobile
T002194,C00147,28/11/2024,$129.64,5, mobile
T007404,C00233,06/08/2024, 155.49 ,3,In-Store
T007640,C00831,"February 15, 2024",$96.85,3,In-Store
T002605,C00181,2024-03-25T19:59:00Z,$36.94,4,web
T002052,C00501,2024-06-28, 130.91 ,5, mobile
T000283,C00063,2024-02-13,68.67,1,WEB 
T005360,C00076,2024-04-15T12:56:00Z,$145.11,3,Mobile
T006067,C00050,2024-08-06,116.11,4,In-Store
T007149,C00841,2024-08-10T23:18:00Z,9.48,4,In-Store
T003857,C00352,2024-06-22T01:31:00Z, 66.71 ,3,web
T005113,C00134,"December 22, 2024", 79.67 ,4,WEB 
T002539,C00703,"January 13, 2024",$67.59,3,WEB 
T002223,C00374,06/10/2024, 165.65 ,3,WEB 
T006415,C00735,2024-04-05, 73.03 ,4,in-store
T004843,C00091,2024-08-20,$132.29,1,In-Store
T007587,C00726,2024-08-22T12:35:00Z,141.49,5,WEB 
T004869,C00115,2024-07-11T01:18:00Z,$108.95,2,web
T007957,C00891,"January 2, 2024",$1.00,5, mobile
T001303, C00856 ,"October 10, 2024",$75.53,1,In-Store
T002770,C00598,2024-02-08, 131.01 ,3,Web
T000814,C00337,21/03/2024,19.29,4,in-store
T006192,C00507,"January 16, 2024",202.23,4,Web
T005872,C00705,"January 26, 2024",162.62,2,WEB 
T000209,C00814,2024-10-14,136.42,4,Mobile
T001158,C00209,2024-12-05,153.02,4,Mobile
T002534,C00376,2024-02-28, 131.60 ,2,Mobile
T000360,C00844,22/06/2024,104.01,1,Web
T004257,C00595,"July 14, 2024",98.27,4,Web
T007468,C00321,2024-03-06T07:41:00Z,122.48,4,WEB 
T005053,C00292,2024-12-20, 184.04 ,5, mobile
T006507,C00001,16/11/2024,$152.90,5,web
T006342,C00457,01/08/2024,$68.67,2,Web
T007106,C00719,"December 11, 2024", 37.34 ,1,in-store
T002697, C00203 ,2024-05-12,$148.29,3,In-Store
T002257,C00050,"July 15, 2024",140.20,1,In-Store
T006704,C00532,20/02/2024, 202.59 ,5,Web
T003544,C00554,"May 27, 2024", 74.83 ,1,In-Store
T001508,C00333,2024-02-27T12:22:00Z,153.22,2,In-Store
T003198,C00869,2024-05-27T23:37:00Z,226.68,5, mobile
T006196,C00024,22/02/2024,1.00,4,Mobile
T005092,C00660,2024-04-21T02:33:00Z, 118.69 ,2,In-Store
T003146,C00595,2024-11-14, 73.13 ,2,in-store
T000055, C00485 ,2024-07-12, 93.82 ,3,web
T004560, C00804 ,2024-08-06T02:02:00Z,203.37,2,in-store
T002619,C00740,"November 4, 2024",$50.40,4,in-store
T000210, C00547 ,"January 10, 2024", 90.06 ,4,WEB 
T000715,C00174,2024-09-16T00:04:00Z, 16.61 ,1,In-Store
T004501,C00036,05/05/2024, 200.89 ,3, mobile
T002148,C00239,2024-05-19,77.34,4,In-Store
T001227,C00855,2024-02-13T13:44:00Z,142.00,1,in-store
T004052,C00781,2024-06-21,$212.53,4, mobile
T000841,C00462,2024-11-18T22:40:00Z,$54.11,3,In-Store
T006793,C00309,2024-05-02,16.05,1,Mobile
T000508,C00463,"March 28, 2024", 133.88 ,3, mobile
T005577,C00742,2024-07-04,114.77,4,Web
T003167,C00852,24/09/2024,$211.15,4,In-Store
T007575, C00167 ,2024-01-05,51.72,1,Mobile
T006354,C00887,17/07/2024,$25.84,2, mobile
T004248,C00814,2024-04-18,$66.90,5,Mobile
T007728,C00123,2024-03-12T16:31:00Z,$104.74,2, mobile
T001379,C00058,2024-08-06, 136.73 ,1,In-Store
T000476, C00466 ,2024-09-04, 43.05 ,1,In-Store
T001799,C00445,05/11/2024,$114.47,5,web
T004051, C00107 ,"June 3, 2024",$90.71,3,Mobile
T002948,C00512,2024-07-12, 18.60 ,5, mobile
T005177,C00413,2024-05-19T08:32:00Z, 145.15 ,1, mobile
T001221,C00703,13/06/2024,$17.44,2,Mobile
T000669,C00453,21/09/2024,$200.65,5, mobile
T007679,C00737,"July 16, 2024", 143.63 ,4,Mobile
T006413,C00147,2024-12-21T15:18:00Z,$162.20,2,in-store
T005706, C00873 ,2024-11-20T14:18:00Z,156.58,5,WEB 
T000949,C00215,2024-12-10T00:47:00Z,$194.68,2,WEB 
T004466, C00011 ,2024-08-12,187.72,2,in-store
T004342,C00602,04/10/2024,$2.07,3,Web
T007021,C00053,2024-03-27,$206.94,5,Web
T005878,C00131,23/12/2024,176.19,2,Mobile
T003653,C00194,2024-08-04T21:59:00Z, 117.18 ,2,WEB 
T003569,C00723,22/07/2024,$15.29,4,Mobile
T000160,C00229,2024-02-25,$9.10,5,in-store
T003358,C00246,2024-09-07,$167.45,2,In-Store
T005216,C00713,"February 27, 2024",$198.45,5,in-store
T001369, C00586 ,"November 2, 2024",$172.83,2,Mobile
T000093, C00436 ,2024-07-18, 272.26 ,1,WEB 
T000732,C00674,2024-05-15T00:39:00Z,20.73,5,Web
T003975,C00415,02/09/2024, 108.54 ,4,Mobile
T006999,C00597,2024-07-21T01:21:00Z,$109.42,4,Mobile
T007140,C00390,2024-01-08T13:21:00Z,30.93,4, mobile
T001062,C00522,"February 6, 2024",89.59,N/A,web
T000543,C00883,2024-10-10, 67.19 ,1,Web
T006397,C00217,2024-12-26T18:05:00Z, 113.10 ,1,Web
T000175,C00510,2024-08-05T05:19:00Z, 14.94 ,2,WEB 
T001319,C00380,2024-03-17, 80.81 ,3,in-store
T005525, C00448 ,2024-07-04,$117.42,1,in-store
T005896,C00475,2024-02-26, 204.82 ,4,Web
T000144,C00749,2024-06-13T02:02:00Z, 135.60 ,,Mobile
T001152,C00649,"May 20, 2024",$203.76,3,in-store
T005997,C00324,2024-06-11, 105.43 ,2,Mobile
T001565,C00326,01/04/2024,177.49,1,in-store
T007085,C00763,2024-02-12,$56.91,1,in-store
T001888,C00620,"February 6, 2024",54.99,3,In-Store
T001045, C00585 ,2024-04-07T03:17:00Z,$167.69,1,web
T006267,C00862,"February 13, 2024",$171.32,1,web
T000205,C00176,2024-10-04, 183.19 ,3, mobile
T006850,C00188,2024-12-07, 82.23 ,2,web
T000645,C00816,"June 8, 2024", 103.37 ,4,Mobile
T007978,C00229,2024-04-26,$67.09,N/A,WEB 
T002345,C00447,2024-06-05T18:36:00Z,29.97,3,in-store
T004078,C00429,28/03/2024,291.67,3,web
T007466,C00727,2024-07-26T22:55:00Z,$116.34,5,WEB 
T003778,C00485,15/01/2024, 41.33 ,5,web
T007931,C00034,2024-10-08T12:01:00Z,$244.63,2,WEB 
T003453,C00791,21/12/2024, 121.96 ,3, mobile
T003530,C00454,2024-09-05T06:39:00Z, 85.55 ,4,Web
T003726,C00655,07/06/2024,$91.69,2,In-Store
T001299,C00115,2024-03-27T02:13:00Z,$296.24,4,Web
T001653,C00008,2024-09-02T10:56:00Z, 166.25 ,4,Web
T007790,C00547,20/05/2024,256.99,1,In-Store
T006399,C00395,21/10/2024, 129.07 ,2, mobile
T005672,C00832,"July 25, 2024",$38.28,3,In-Store
T001919,C00647,2024-02-12T00:39:00Z, 156.72 ,5,Web
T003783,C00753,"August 10, 2024",61.15,3, mobile
T006058, C00537 ,2024-11-28T10:57:00Z, 155.70 ,4,In-Store
T007047,C00243,2024-06-11,91.14,4,Web
T005005, C00268 ,20/07/2024,$156.77,NA,WEB 
T000454,C00380,17/02/2024,$177.86,1,in-store
T003289,C00029,10/03/2024,$125.41,5,In-Store
T007430,C00277,"January 6, 2024", 120.97 ,4,WEB 
T006700,C00479,03/10/2024,$119.84,4,web
T003645,C00664,22/08/2024, 66.85 ,1,WEB 
T005753, C00367 ,03/05/2024,$198.60,5,Web
T005033,C00223,2024-09-26, 41.85 ,4,web
T004055,C00614,"April 25, 2024",166.53,3,Mobile
T000825, C00009 ,2024-10-16T18:06:00Z,71.14,2,Web
T005840, C00456 ,"September 2, 2024",$74.39,5,Web
T005069,C00856,2024-11-01T08:37:00Z, 182.68 ,2,Web
T005301,C00512,06/05/2024, 26.66 ,2, mobile
T000540, C00304 ,12/01/2024,135.32,2,Mobile
T007842, C00802 ,"September 9, 2024", 115.56 ,3, mobile
T000956,C00335,19/02/2024,80.79,4,in-store
T000506,C00512,12/03/2024,206.26,2,Mobile
T000124,C00189,2024-03-06, 1.00 ,2,in-store
T003502,C00871,2024-12-27T05:27:00Z,$12.98,5,In-Store
T006452,C00184,"February 5, 2024", 66.89 ,4, mobile
T004184,C00161,2024-06-19,37.79,3,in-store
T006431,C00003,2024-01-06T09:46:00Z,235.66,5,in-store
T004758,C00501,"August 5, 2024",$122.40,4,in-store
T004496,C00199,09/11/2024,$33.13,4,in-store
T006483,C00592,2024-10-11,$222.66,5,Web
T005403,C00444,"May 1, 2024",11.33,3,in-store
T005784,C00561,2024-02-02,156.26,5,Mobile
T005173, C00265 ,14/07/2024,$81.58,2,Web
T003027,C00604,24/05/2024,$16.01,2,web
T002608, C00592 ,2024-03-22T01:28:00Z, 177.55 ,4,In-Store
T007364,C00622,"January 5, 2024",55.85,5,web
T001757,C00471,2024-11-28, 34.05 ,3,web
T005666,C00391,"March 19, 2024",104.76,5,Mobile
T001375,C00799,2024-09-26T21:06:00Z, 87.45 ,3,Web
T005650,C00576,2024-10-19T01:25:00Z,$108.16,5,Mobile
T007136,C00816,26/01/2024,57.50,4,in-store
T002568, C00018 ,08/02/2024,$154.95,3,Mobile
T006577,C00147,2024-12-27T16:53:00Z, 29.38 ,2,web
T006124,C00472,2024-03-28T07:45:00Z,21.56,5,WEB 
T006328,C00718,"April 13, 2024",$78.87,2,In-Store
T000314,C00860,18/12/2024,103.25,2,Mobile
T000313,C00309,"January 11, 2024",$126.64,4,Web
T002305,C00622,"April 2, 2024",60.41,2,Web
T006306,C00250,2024-05-23, 124.96 ,5,web
T001243,C00399,2024-08-07T03:36:00Z, 83.77 ,1,Web
T005520,C00175,23/11/2024, 118.42 ,2,Web
T002359,C00089,"June 9, 2024", 108.95 ,4,Mobile
T005962,C00480,16/01/2024,$72.94,2,web
T007959,C00860,2024-02-07T06:30:00Z,$49.96,5,In-Store
T004548,C00691,"July 14, 2024",$112.97,4,in-store
T007704,C00483,2024-09-25T23:59:00Z, 96.09 ,4,In-Store
T007375,C00878,2024-02-04T23:19:00Z,$136.26,4, mobile
T002349,C00555,2024-05-12T23:57:00Z,$111.34,4,web
T004196,C00286,09/09/2024, 54.67 ,1, mobile
T006526,C00716,27/03/2024,155.05,5,Web
T003339,C00332,"May 6, 2024",$180.77,5,WEB 
T000920,C00441,"March 11, 2024", 133.70 ,2,Web
T005265,C00695,2024-08-16T02:13:00Z, 53.69 ,3, mobile
T002839,C00287,2024-05-09T12:01:00Z,$166.93,4,Web
T002761,C00846,2024-03-03,$150.25,2, mobile
T007257,C00337,2024-07-07T16:16:00Z, 45.41 ,3,Web
T006965,C00027,2024-03-23,120.76,1, mobile
T002602,C00003,2024-07-21T15:11:00Z,13.93,3,web
T006706,C00213,2024-09-08T01:20:00Z, 147.61 ,3,Mobile
T004787, C00139 ,05/06/2024, 151.85 ,5, mobile
T006261,C00729,2024-01-11T12:27:00Z,$187.36,1,Mobile
T003056,C00843,"February 26, 2024",$24.64,1,WEB 
T000898,C00580,2024-02-05, 125.39 ,2,in-store
T000964,C00800,"August 7, 2024",85.14,2,web
T002270,C00601,2024-09-18T05:48:00Z, 92.24 ,1,web
T006318,C00726,"September 5, 2024",295.60,1,In-Store
T007717,C00558,09/06/2024, 53.94 ,2,Web
T001920,C00257,04/12/2024, 69.38 ,2, mobile
T005925,C00366,2024-09-20T03:37:00Z, 130.83 ,5,In-Store
T007722,C00542,"May 21, 2024",$142.09,5,web
T005693,C00212,17/01/2024,$214.44,3,WEB 
T001316,C00647,"April 13, 2024",116.42,null,in-store
T000867,C00588,"March 1, 2024",$59.14,1,Web
T000117,C00253,2024-10-27T00:04:00Z,234.60,3,Mobile
T007414,C00797,2024-11-15T11:48:00Z,$13.46,5,Mobile
T007248, C00123 ,2024-11-05, 177.31 ,4,WEB 
T001267, C00190 ,2024-12-08,200.23,3,Web
T007615,C00124,"January 21, 2024",170.02,3,In-Store
T004465,C00715,2024-01-24T14:20:00Z,86.16,1,In-Store
T008000,C00542,2024-11-17, 61.77 ,4, mobile
T006000,C00854,2024-07-16T12:42:00Z,$112.02,4,Web
T001654,C00315,2024-02-12T03:47:00Z,$287.72,5,Web
T005475,C00421,2024-06-21,$279.75,5,in-store
T006569,C00364,2024-02-06T21:00:00Z,$166.70,5, mobile
T006887,C00023,"June 18, 2024", 179.99 ,2,in-store
T000348,C00737,"March 10, 2024", 162.37 ,5,Mobile
T007072,C00457,"August 15, 2024",181.79,2,Web
T003392,C00495,26/04/2024, 193.59 ,2,web
T007389,C00674,17/12/2024,$115.24,2,web
T006135,C00196,2024-09-26,134.56,1,Web
T004726,C00819,2024-04-04,28.51,4,web
T004938,C00524,2024-02-15T16:02:00Z, 140.92 ,1,Mobile
T001821,C00349,25/08/2024, 231.77 ,1, mobile
T002493,C00405,2024-08-20, 87.83 ,1, mobile
T006757,C00895,2024-11-21T08:44:00Z,$189.40,4,In-Store
T000334,C00659,"March 18, 2024",$196.56,  ,Mobile
T003850,C00773,2024-03-19T09:41:00Z,$110.33,5,WEB 
T006738,C00746,11/09/2024, 106.98 ,2,Web
T003935,C00832,"September 24, 2024",110.34,3,In-Store
T001829,C00537,2024-08-06T09:01:00Z, 136.13 ,2,web
T002632,C00175,2024-08-01T01:01:00Z,70.70,1,In-Store
T003260,C00414,"July 22, 2024", 62.37 ,NA,Mobile
T005812,C00802,"September 11, 2024", 82.80 ,4,WEB 
T000753,C00308,"June 23, 2024",166.38,3,in-store
T003662,C00283,2024-12-20, 109.54 ,3, mobile
T005870,C00736,"July 23, 2024",$139.22,5,WEB 
T002495,C00508,2024-06-25,$65.40,3,in-store
T006229, C00219 ,2024-06-16T08:59:00Z, 71.14 ,2,in-store
T006977,C00329,2024-08-14T14:17:00Z,$105.91,4,Mobile
T004266,C00364,2024-08-06,$145.04,3,In-Store
T006034,C00549,15/01/2024, 128.26 ,1, mobile
T003397,C00121,03/06/2024,$140.94,5,in-store
T003172,C00386,19/07/2024, 6.81 ,5,In-Store
T005104,C00772,14/04/2024,$46.75,4,WEB 
T007170,C00361,17/12/2024,$76.24,1,Mobile
T000069,C00852,14/07/2024,$191.12,2, mobile
T003224,C00071,2024-06-08T16:15:00Z, 1.00 ,  ,In-Store
T000553,C00098,2024-09-24, 71.29 ,2,Web
T004224,C00629,16/10/2024,168.71,4,in-store
T005773,C00818,2024-05-18,181.97,1, mobile
T002380,C00621,"July 25, 2024",$111.98,3,Mobile
T007595,C00679,2024-01-24T02:59:00Z, 102.08 ,1,In-Store
T005423,C00860,"August 9, 2024",107.01,,web
T005074,C00511,"October 24, 2024",$68.76,2, mobile
T004281,C00454,2024-03-20,$1.00,N/A,In-Store
T004634,C00145,2024-10-21, 97.58 ,5,web
T006639,C00857,2024-06-09, 211.06 ,5,WEB 
T007182,C00771,2024-01-07,132.24,4,In-Store
T004066,C00290,"July 2, 2024",$56.22,4, mobile
T002216,C00456,02/05/2024,$140.50,4, mobile
T004821,C00168,2024-03-02T05:54:00Z, 43.53 ,1,web
T002340, C00844 ,"September 23, 2024", 97.36 ,3,in-store
T007019,C00110,25/11/2024, 83.65 ,3,in-store
T002103,C00079,2024-05-12T09:26:00Z,$135.34,5,in-store
T002771,C00292,11/07/2024,112.46,3,Mobile
T006055,C00084,2024-02-27T06:33:00Z, 85.51 ,1,Mobile
T004875,C00786,"September 14, 2024", 277.40 ,1,Mobile
T006486,C00004,"July 12, 2024", 74.24 ,5, mobile
T004400, C00838 ,2024-04-09, 208.41 ,3,web
T007740,C00120,2024-05-20,$120.66,4,in-store
T000605,C00560,2024-05-20T03:34:00Z,87.10,2,Mobile
T006385,C00827,2024-12-05T20:54:00Z, 94.37 ,5,Mobile
T000618,C00293,2024-07-28T07:21:00Z,127.76,4,web
T002107,C00475,"September 2, 2024",110.77,4,Mobile
T007352,C00128,"December 28, 2024",178.45,1,In-Store
T004957,C00186,2024-07-08, 77.68 ,null,In-Store
T000750,C00720,11/07/2024, 153.42 ,5,web
T007229,C00055,2024-10-26,126.86,5,web
T003316,C00497,17/05/2024,1.00,2,Web
T004564,C00427,06/09/2024, 146.42 ,1,Web
T006662,C00898,"January 28, 2024",$106.04,5,in-store
T007743,C00364,"August 5, 2024", 178.38 ,4, mobile
T004314,C00494,2024-10-02T11:08:00Z, 40.52 ,N/A,Web
T002132,C00651,"September 11, 2024",$1.00,2,in-store
T005398,C00652,05/02/2024, 178.91 ,1,in-store
T001004,C00165,2024-06-15, 121.54 ,4, mobile
T006074,C00005,"July 7, 2024", 152.42 ,4,WEB 
T003582,C00687,12/06/2024, 108.09 ,2,Web
T004373,C00012,2024-02-13T21:47:00Z,$176.16,1,web
T003141,C00687,27/10/2024,$210.82,3,Web
T004558, C00381 ,"October 20, 2024",56.04,4,Mobile
T003744,C00683,11/09/2024,1.00,3,WEB 
T007239,C00599,2024-01-09, 115.67 ,2,In-Store
T005901,C00638,"December 18, 2024",24.54,4,Web
T001128,C00647,2024-08-23, 73.77 ,3,web
T001766,C00140,18/03/2024,218.26,4,WEB 
T001904,C00892,2024-10-17, 79.17 ,2,WEB 
T003879,C00279,2024-08-12T19:16:00Z,$219.80,4,In-Store
T007028,C00206,"December 22, 2024", 110.52 ,1,web
T004859,C00480,10/11/2024,$36.99,1,In-Store
T005810,C00463,2024-07-03T09:30:00Z, 128.37 ,3,In-Store
T006256, C00520 ,2024-07-17,111.66,2,Mobile
T002116,C00586,2024-04-18T20:01:00Z,66.01,1,Mobile
T004859,C00480,10/11/2024,$36.99,1,In-Store
T000332,C00568,2024-02-19T04:51:00Z,166.47,2,web
T005307,C00098,2024-09-07T11:38:00Z,174.17,4,in-store
T000547,C00867,"August 1, 2024",199.28,2,In-Store
T003033, C00844 ,2024-02-06, 204.95 ,1,Web
T007724,C00357,27/04/2024,26.04,5,in-store
T003504,C00283,"November 28, 2024",$149.99,2,WEB 
T002498,C00190,2024-08-02T15:59:00Z,$149.57,2,in-store
T000797,C00659,2024-03-10T02:42:00Z,$111.92,1,web
T007295,C00493,2024-03-21,$34.23,3, mobile
T007502,C00374,2024-08-19, 182.06 ,4,web
T002850,C00717,"November 3, 2024", 91.45 ,1,Web
T003680,C00778,2024-07-23T17:13:00Z, 106.65 ,5,web
T002024,C00479,25/09/2024, 140.88 ,1,Mobile
T002856,C00412,2024-09-24, 186.49 ,3,WEB 
T004122,C00467,2024-09-28,183.03,5,in-store
T001650,C00849,2024-07-05,294.08,4,web
T000764,C00161,02/07/2024, 117.02 ,4,Web
T005604,C00761,2024-11-18,126.11,,Mobile
T005738,C00106,"April 7, 2024",$15.61,2,in-store
T000062,C00145,13/05/2024, 157.90 ,null, mobile
T005236,C00017,"June 10, 2024",149.08,5,Mobile
T001511, C00082 ,2024-11-07,$256.63,3,in-store
T000326,C00043,"January 13, 2024",$143.76,5,in-store
T005211,C00815,2024-07-09,$97.29,2,Mobile
T006303,C00585,2024-08-19,$60.82,5,Mobile
T000728,C00777,"April 22, 2024",$149.73,5,In-Store
T006737,C00567,2024-04-22T23:17:00Z, 91.97 ,2,in-store
T005691,C00021,26/01/2024, 173.92 ,5,WEB 
T004893,C00041,2024-08-02T10:19:00Z, 56.09 ,5, mobile
T007771,C00859,27/04/2024,$132.31,,Mobile
T007770,C00284,12/05/2024,$209.51,4,web
T006820, C00052 ,19/08/2024,124.29,1,In-Store
T007026,C00491,08/12/2024, 176.12 ,4,web
T004812,C00292,26/12/2024,$127.88,4,Mobile
T003364,C00667,"July 8, 2024", 180.88 ,3,WEB 
T003668, C00173 ,"August 15, 2024", 1.00 ,2, mobile
T006782,C00094,2024-05-25,160.86,5,WEB 
T005594,C00781,2024-05-16T18:46:00Z, 171.36 ,null,Mobile
T005941,C00380,18/07/2024, 131.87 ,3,in-store
T006512,C00784,2024-03-06T13:04:00Z,$65.65,2,In-Store
T003895,C00623,2024-09-14, 76.54 ,3,Web
T005210,C00814,2024-01-05T13:56:00Z,69.71,3,WEB 
T004462,C00105,01/03/2024,45.34,3,Web
T002040,C00881,2024-07-19, 56.86 ,2,In-Store
T004480,C00893,2024-10-20,$181.57,3,Web
T001397,C00058,15/05/2024, 190.98 ,4,web
T000357,C00090,"December 21, 2024",54.19,2,Mobile
T007056,C00292,02/03/2024,$114.58,2, mobile
T006379,C00467,"October 24, 2024", 111.73 ,3,Web
T006691, C00082 ,2024-12-09, 132.44 ,4,WEB 
T007422,C00059,2024-06-04,$159.96,4,WEB 
T006981,C00090,2024-02-28T07:27:00Z,$64.21,5,in-store
T000480,C00119,2024-07-14,33.81,2,WEB 
T005638,C00785,2024-04-18T17:12:00Z, 47.95 ,2, mobile
T003921,C00152,2024-05-19T22:03:00Z,18.93,4,WEB 
T007377,C00548,2024-12-14,$95.35,4,Web
T001712,C00724,12/03/2024,$44.15,4,in-store
T005822,C00186,2024-09-15T23:41:00Z,41.38,2,WEB 
T006986,C00067,2024-01-02,45.91,3,in-store
T002623,C00435,2024-09-24T13:00:00Z, 83.82 ,5,WEB 
T005010,C00364,10/05/2024,$51.89,5,in-store
T006493,C00641,06/06/2024,$142.09,5,Web
T004620,C00134,2024-04-27T16:59:00Z,$203.56,4,Mobile
T005235,C00554,28/06/2024,$120.14,5,In-Store
T003856,C00461,2024-04-04T15:40:00Z, 145.01 ,2,web
T002880,C00315,2024-07-28,$84.49,1,Mobile
T004824,C00621,2024-08-17,$55.41,5,Web
T002160,C00466,2024-08-13T22:36:00Z,155.94,1,In-Store
T000666,C00103,24/09/2024, 92.78 ,5,Web
T002985,C00824,"April 23, 2024",57.78,2,In-Store
T005970,C00495,2024-04-14, 197.01 ,5,web
T002303,C00028,2024-11-09, 15.67 ,4,Web
T002660,C00161,14/06/2024,$48.18,2,in-store
T000853,C00854,2024-11-28,$118.25,1,web
T003859,C00695,2024-07-05,$126.82,5,Web
T004778,C00082,24/06/2024,110.72,2,In-Store
T005450,C00299,2024-07-10T04:30:00Z, 177.23 ,5,Mobile
T002140,C00123,2024-09-21,262.00,  ,Web
T004527,C00254,"April 10, 2024",$143.54,4,WEB 
T006438,C00299,22/08/2024,86.08,NA,Mobile
T000130,C00857,"December 28, 2024",$242.29,4,WEB 
T002068,C00515,2024-02-17T14:37:00Z, 100.39 ,1,in-store
T005323,C00224,2024-07-06,200.13,1,Web
T002452,C00256,13/02/2024,$48.68,3,In-Store
T007437,C00078,"February 10, 2024", 108.42 ,N/A,web
T000622,C00274,2024-02-23,136.81,3,WEB 
T000968,C00649,2024-04-11T04:15:00Z, 67.09 ,2, mobile
T000975,C00044,2024-01-13,$142.92,5,in-store
T000807,C00897,2024-09-10,62.03,4,WEB 
T000352, C00314 ,2024-07-01T05:09:00Z,$135.99,2, mobile
T007551,C00498,2024-11-19T23:19:00Z, 128.60 ,1,web
T003160,C00326,2024-11-19,$80.75,2,Web
T001736,C00746,"November 25, 2024",114.78,3, mobile
T000786,C00692,02/12/2024, 157.16 ,5,in-store
T000727,C00883,"November 12, 2024",183.37,4,in-store
T004058, C00607 ,"May 23, 2024",$29.63,,In-Store
T003596,C00138,"September 5, 2024",$217.27,1,Web
T000323,C00684,"April 8, 2024",123.88,2,in-store
T005523, C00787 ,2024-12-18,$124.46,NA,In-Store
T003335,C00668,20/09/2024,$46.24,1,Mobile
T004463,C00682,2024-12-26T08:48:00Z, 69.11 ,5,web
T001339,C00731,2024-07-12T13:49:00Z,128.76,4,Web
T001283,C00231,2024-07-18, 97.62 ,5,In-Store
T005736,C00738,2024-01-27,$1.00,3, mobile
T002080,C00575,2024-04-11T09:57:00Z,108.83,3, mobile
T005929,C00806,2024-03-14, 108.74 ,1,WEB 
T002220,C00882,02/12/2024, 155.06 ,N/A,in-store
T006568,C00459,28/08/2024,112.87,5,in-store
T006100,C00151,"October 15, 2024",$94.22,1,in-store
T001536,C00088,"August 10, 2024", 186.22 ,5,in-store
T003301,C00615,"February 9, 2024",$125.78,5,WEB 
T003776,C00389,"June 9, 2024", 25.32 ,5,in-store
T002197,C00672,"April 20, 2024",$52.75,5,web
T000356,C00664,2024-11-05T06:02:00Z,$103.15,5,Mobile
T005364,C00087,2024-08-28T10:20:00Z,85.16,4,in-store
T001374, C00335 ,19/01/2024, 168.65 ,1, mobile
T006122,C00128,2024-11-04T06:18:00Z,84.57,5,Web
T000556,C00367,02/06/2024, 172.52 ,,Web
T005070,C00186,2024-10-14,$125.60,  ,web
T007310,C00225,2024-12-21T12:02:00Z, 90.87 ,2,Mobile
T000104, C00805 ,"September 1, 2024",42.69,1,WEB 
T000014, C00812 ,2024-09-11T05:23:00Z,$93.75,3, mobile
T001431,C00182,2024-03-04T20:06:00Z,$11.48,3,in-store
T002266,C00617,"December 28, 2024",$173.31,3, mobile
T003543,C00892,14/04/2024,22.69,5,WEB 
T006230,C00051,2024-07-24T06:16:00Z,204.51,5,In-Store
T001488,C00190,06/01/2024, 162.73 ,3,In-Store
T001426,C00609,08/07/2024, 109.07 ,1,WEB 
T003532,C00488,2024-07-02T03:32:00Z, 264.35 ,3,Web
T005308,C00513,24/05/2024,$168.55,2,web
T003727,C00475,2024-01-20, 68.93 ,1,Web
T005135,C00174,21/03/2024, 202.34 ,5, mobile
T003411,C00365,2024-12-10T02:25:00Z, 59.65 ,2, mobile
T000608,C00841,15/11/2024,84.34,3, mobile
T007483,C00700,24/01/2024,$134.14,5,Web
T005944, C00855 ,"February 20, 2024", 182.84 ,1,In-Store
T005338, C00303 ,13/04/2024,239.16,2,in-store
T003253,C00364,2024-02-06, 74.59 ,3, mobile
T000529,C00682,2024-05-05,$2.75,  ,Mobile
T004717,C00804,2024-03-15,$180.23,5,in-store
T002758,C00061,2024-04-02T06:04:00Z,273.83,2,Mobile
T005019,C00013,2024-07-21,1.00,1,in-store
T002938,C00736,"July 2, 2024", 123.71 ,1,Web
T001742,C00541,22/08/2024, 203.35 ,5,web
T003720,C00619,2024-01-14,129.13,5,in-store
T004980,C00483,17/02/2024, 25.50 ,5,Mobile
T002812,C00504,2024-02-27, 72.76 ,3,Mobile
T001518,C00010,"September 6, 2024",$43.89,5,Web
T007747,C00890,2024-07-17,$102.79,2,Mobile
T000288, C00824 ,2024-06-15T13:31:00Z,$120.79,4, mobile
T006207,C00731,"October 23, 2024",$85.25,2,web
T006732,C00298,"July 4, 2024",$92.41,5,Mobile
T004946,C00490,13/05/2024,$134.04,1,In-Store
T005076,C00339,05/03/2024, 232.03 ,2,in-store
T001376,C00897,15/03/2024,$1.00,4,Mobile
T001288,C00110,2024-05-07T17:56:00Z,$77.91,3,WEB 
T006374,C00739,"June 15, 2024",$158.77,2,In-Store
T001850,C00814,2024-04-28T01:23:00Z,134.62,2,Mobile
T006819,C00623,"June 18, 2024", 162.86 ,4,web
T002453,C00370,2024-05-05T07:24:00Z,$149.42,2,Web
T000108,C00853,2024-09-07, 148.58 ,1, mobile
T001871,C00738,2024-03-08T00:30:00Z,$131.79,5,WEB 
T001847,C00386,07/11/2024, 256.38 ,3,web
T005205,C00516,2024-01-15T21:41:00Z,106.49,5,in-store
T005083,C00374,2024-02-09T04:36:00Z, 141.16 ,N/A,Web
T001811,C00235,2024-12-19, 211.53 ,N/A,web
T003133,C00107,2024-04-02, 109.35 ,1,WEB 
T003461,C00752,28/10/2024, 113.73 ,4,WEB 
T007646, C00164 ,25/10/2024, 166.87 ,5,In-Store
T007210,C00832,2024-09-04T09:38:00Z,$85.53,5,in-store
T006895,C00345,2024-03-05,$193.43,1,In-Store
T005842,C00716,2024-07-24,$117.49,5,in-store
T003423,C00062,2024-09-21T00:32:00Z, 110.77 ,2,Web
T003429,C00361,2024-09-28,32.36,3, mobile
T007914,C00195,"July 7, 2024",$167.75,5,WEB 
T002227,C00104,2024-06-22T05:55:00Z, 186.19 ,2,Web
T001429,C00132,2024-11-12T00:01:00Z, 109.18 ,2,Mobile
T000254, C00728 ,22/02/2024, 281.58 ,5,WEB 
T005258, C00488 ,"December 3, 2024", 112.22 ,1,web
T007250, C00462 ,2024-09-20T11:08:00Z,$93.88,3, mobile
T001679,C00767,24/02/2024,36.56,5,Web
T003187,C00142,2024-05-18,114.66,1,Mobile
T005476,C00326,2024-03-14,212.38,3,WEB 
T005828,C00609,"March 19, 2024", 85.14 ,2,in-store
T002625,C00068,"January 4, 2024",149.38,4,WEB 
T004684,C00609,"March 21, 2024",152.24,4,Mobile
T007328,C00361,2024-09-27, 251.83 ,1,WEB 
T007981,C00883,"December 22, 2024", 165.19 ,3, mobile
T007821,C00483,"September 28, 2024",$62.79,4,In-Store
T002606,C00151,10/06/2024, 80.85 ,4,Mobile
T004075,C00714,2024-04-26, 15.44 ,2,web
T003344,C00215,2024-01-24T03:29:00Z,191.13,5,WEB 
T007321,C00712,28/12/2024,69.49,2, mobile
T003840,C00480,2024-10-22T02:02:00Z, 174.25 ,5,In-Store
T005136,C00069,2024-03-03T23:48:00Z, 41.75 ,NA,Mobile
T001859,C00138,12/09/2024,$61.79,1,web
T006968,C00614,2024-09-13T03:15:00Z, 100.18 ,1,in-store
T004011,C00193,2024-12-25, 110.26 ,3,Mobile
T005694,C00186,"December 26, 2024",128.94,4,Web
T002425,C00774,2024-07-06T06:04:00Z,127.72,  ,web
T003259, C00006 ,03/10/2024, 137.79 ,4,Mobile
T000563,C00084,"December 18, 2024", 191.68 ,2,Mobile
T005291,C00416,2024-03-28, 183.18 ,2,In-Store
T004753,C00344,2024-10-21T04:35:00Z,$118.11,4,Mobile
T005269,C00877,2024-07-12T17:49:00Z,36.61,3,Web
T002045,C00529,09/02/2024, 312.97 ,4,web
T002137,C00675,2024-02-16T10:03:00Z,$77.70,2,Web
T004388, C00671 ,2024-03-10T01:53:00Z, 209.39 ,2,in-store
T004269,C00180,02/07/2024,136.95,4,web
T004706,C00270,08/10/2024, 61.67 ,4,In-Store
T002414,C00789,2024-09-11,5.40,3,Web
T004653,C00725,"August 28, 2024", 40.21 ,null, mobile
T003011,C00628,2024-07-16T10:07:00Z,64.77,1,In-Store
T001254,C00194,2024-01-07T14:51:00Z,$95.48,5,In-Store
T001023,C00555,2024-12-11T12:53:00Z, 143.74 ,4,WEB 
T001485,C00811,28/07/2024,$101.33,3,in-store
T007334,C00710,19/10/2024,$150.94,1,Web
T007625,C00111,2024-08-24T04:57:00Z,91.11,3, mobile
T006788,C00706,2024-02-25,194.77,1,web
T001483,C00563,"April 1, 2024",$174.87,5,WEB 
T007801,C00653,2024-05-07T04:26:00Z,158.60,null,In-Store
T007349,C00747,2024-04-23, 124.10 ,4,in-store
T007143, C00725 ,2024-07-24,$120.16,3,Web
T004836, C00049 ,07/02/2024,$191.43,1,Web
T004054,C00787,2024-05-03,$107.19,5,In-Store
T005853, C00531 ,22/01/2024,34.15,1,Web
T002035, C00766 ,2024-04-12T06:22:00Z,75.85,1,Web
T006440,C00110,2024-07-18T04:30:00Z,156.21,4, mobile
T003704,C00120,2024-07-20T10:38:00Z,71.51,null,Web
T004317,C00466,2024-09-27T13:36:00Z,169.89,5,web
T006466,C00761,03/07/2024, 133.15 ,1,web
T000070,C00634,24/06/2024, 115.44 ,2,Web
T007701,C00797,05/05/2024, 22.97 ,2,WEB 
T002685,C00795,"June 28, 2024",140.39,1,in-store
T005465,C00550,07/02/2024,77.02,3,web
T006156,C00075,03/04/2024, 1.00 ,2,In-Store
T006016,C00141,15/02/2024, 41.68 ,1,in-store
T002621,C00806,26/04/2024, 78.83 ,3,web
T007192,C00300,"November 15, 2024", 122.27 ,4,WEB 
T006206,C00130,2024-01-11T04:21:00Z,263.84,1, mobile
T004842,C00640,2024-11-10,$77.32,3,WEB 
T005619,C00313,08/04/2024, 174.45 ,5,WEB 
T004311, C00353 ,2024-10-26,$135.32,5,Web
T004640,C00426,2024-10-25T06:09:00Z,$78.14,5,in-store
T007137,C00305,2024-05-18, 174.56 ,1,Mobile
T003388,C00864,"September 10, 2024", 181.51 ,5,web
T004547,C00657,2024-05-23T02:06:00Z,1.00,5,In-Store
T004926,C00209,2024-04-03, 174.43 ,3,Web
T004947, C00749 ,"September 2, 2024",$182.18,1,in-store
T003756,C00167,2024-03-18T14:59:00Z,$189.46,5, mobile
T002794,C00578,2024-06-27,74.14,5,WEB 
T003366, C00441 ,"December 25, 2024",222.52,5,Mobile
T006212,C00275,"October 18, 2024",70.02,5,Mobile
T002210,C00669,2024-01-27T04:36:00Z,64.20,3,in-store
T004032,C00256,2024-05-23T19:59:00Z,$90.26,4,In-Store
T002229,C00893,25/02/2024,179.23,1,WEB 
T003276,C00134,12/05/2024,111.49,1,Web
T004006,C00001,"October 26, 2024",187.25,4,In-Store
T007699,C00502,2024-07-27T00:44:00Z, 233.51 ,1,WEB 
T000858,C00650,2024-01-04T22:57:00Z,$1.00,1, mobile
T006617,C00539,"January 1, 2024",$178.70,4,in-store
T000315,C00237,2024-12-13T19:06:00Z, 51.97 ,5,WEB 
T006961,C00607,2024-02-26T17:23:00Z,$64.90,2,Mobile
T004768,C00318,15/04/2024,74.39,3,Web
T002449,C00831,"April 16, 2024", 112.57 ,5, mobile
T004871,C00467,2024-08-12T04:02:00Z,134.30,1,Web
T004143,C00778,2024-03-14T05:55:00Z, 96.11 ,4,web
T002468,C00642,2024-02-15,109.53,4,Web
T005551,C00652,2024-04-25,79.55,3, mobile
T006897,C00176,2024-09-14,$185.97,3,Web
T001351,C00709,"October 14, 2024",$79.78,1,in-store
T005884,C00470,2024-09-20,150.62,5,in-store
T004638,C00598,2024-04-27T03:44:00Z,$150.51,2,web
T001939,C00114,"May 23, 2024", 116.17 ,2,Mobile
T000961,C00210,2024-04-11,68.16,2,in-store
T007759,C00013,2024-03-27,$30.45,5, mobile
T006870,C00878,"May 24, 2024", 27.79 ,5,web
T000584,C00689,"February 18, 2024",58.14,5,Web
T006524,C00662,2024-06-27T12:21:00Z,$80.11,3,In-Store
T000936,C00064,2024-02-03, 131.77 ,4,Mobile
T002772,C00794,2024-06-11,221.56,1,WEB 
T003012,C00566,18/02/2024,134.02,1, mobile
T005991,C00454,23/10/2024,168.23,  ,WEB 
T002355,C00894,2024-01-12T17:52:00Z,$112.04,2,web
T006823,C00280,2024-03-01,$101.62,3,Web
T005858,C00523,2024-02-13T09:02:00Z,211.45,1,web
T007597,C00027,"January 22, 2024",167.47,3,web
T002767,C00067,2024-01-18,$155.54,1,in-store
T004174,C00083,2024-01-21, 124.30 ,4,Mobile
T004138,C00337,2024-02-09T22:32:00Z,$127.34,5,in-store
T002123,C00326,"August 17, 2024", 78.59 ,4,WEB 
T000536,C00819,2024-09-01,44.37,5,in-store
T002387,C00129,2024-04-16T11:28:00Z, 95.79 ,4,WEB 
T000426,C00507,"April 6, 2024", 94.97 ,3,web
T006093,C00656,"February 5, 2024", 63.91 ,5,Mobile
T005497,C00132,"November 2, 2024", 196.57 ,1,In-Store
T002294,C00035,2024-12-09, 195.91 ,4,In-Store
T005279,C00341,"October 10, 2024",$196.15,3,Mobile
T000235,C00672,2024-01-10, 231.75 ,1,web
T005796, C00097 ,19/05/2024, 141.33 ,3,WEB 
T004960,C00539,2024-06-27,$39.98,5,web
T002966,C00808,2024-03-09T23:43:00Z,$30.66,3,WEB 
T002455,C00280,22/10/2024, 165.23 ,4,in-store
T000059,C00755,2024-03-16T06:55:00Z, 37.53 ,1,Web
T001628, C00525 ,2024-03-07T00:41:00Z,$87.42,2,web
T004133,C00328,2024-06-28T20:21:00Z,$180.74,1,In-Store
T006339,C00111,"May 13, 2024", 92.04 ,5,Mobile
T006745,C00573,13/03/2024,88.08,3,WEB 
T003115,C00277,2024-07-01,$164.85,4,Web
T000442,C00307,27/03/2024,$148.93,5,In-Store
T006832,C00857,19/01/2024,36.68,2,WEB 
T002033,C00497,"August 9, 2024",$146.66,4,web
T005196,C00013,"February 9, 2024",195.40,1,Web
T001929,C00452,2024-03-08,225.53,null, mobile
T000138, C00112 ,2024-09-12T18:58:00Z,123.80,2,In-Store
T004659,C00798,2024-12-03T13:16:00Z, 21.15 ,4,In-Store
T006249,C00222,01/05/2024,$131.38,4,Mobile
T004431,C00330,2024-07-15, 140.15 ,4,web
T004781,C00160,2024-04-14,153.04,1,in-store
T007220,C00734,18/08/2024, 116.41 ,3,Web
T005048,C00096,2024-01-11,$192.63,NA,WEB 
T001413,C00437,"July 9, 2024", 118.41 ,2,Mobile
T000592,C00390,2024-04-24,84.81,2,In-Store
T005448,C00793,"July 18, 2024", 71.20 ,4, mobile
T005680,C00551,2024-11-24T17:41:00Z,$238.43,NA,In-Store
T001399,C00797,15/09/2024, 114.37 ,3,In-Store
T004128,C00524,2024-06-12,84.62,1,web
T005972,C00555,2024-05-17,138.81,3,web
T002989,C00868,2024-08-21, 128.78 ,4, mobile
T004001, C00761 ,"February 4, 2024",105.66,4,in-store
T001276,C00160,"October 23, 2024",52.46,NA,Web
T005592,C00861,"January 15, 2024",190.86,  ,Web
T001819, C00376 ,2024-10-14T15:35:00Z,$77.31,4,In-Store
T007586,C00015,2024-03-09T17:57:00Z,$108.05,1,WEB 
T001099,C00453,2024-10-05T06:50:00Z, 1.00 ,4,In-Store
T001305,C00837,2024-02-02T12:49:00Z,194.70,2,Web
T002729,C00804,2024-10-08,192.88,3,Web
T001071,C00710,02/12/2024,$163.52,1,Mobile
T004722,C00615,"April 16, 2024",237.56,5,Mobile
T002157,C00647,2024-06-03T16:25:00Z,$194.63,3,web
T006580,C00122,2024-11-06, 163.95 ,2,Mobile
T000600,C00499,2024-08-21T18:40:00Z, 108.16 ,5,Web
T002617, C00816 ,"January 23, 2024",$114.29,2,in-store
T007133,C00527,"October 19, 2024",$264.86,5,Web
T002063,C00623,2024-09-03,$185.95,3,In-Store
T004970,C00423,28/02/2024,127.72,4,in-store
T004984,C00136,04/08/2024, 1.00 ,3,WEB 
T002430, C00214 ,"April 9, 2024",132.56,1,Mobile
T007148,C00633,"January 18, 2024", 82.47 ,3,WEB 
T001891, C00150 ,2024-05-23,121.46,3,Mobile
T004656,C00109,2024-10-02,54.79,  , mobile
T006213,C00890,2024-11-26, 183.46 ,4,In-Store
T003472,C00674,2024-06-25T20:56:00Z,$98.59,3,WEB 
T003527,C00269,09/03/2024,$102.35,4,WEB 
T000272,C00110,2024-08-12,$193.75,4,Mobile
T001108, C00507 ,06/07/2024, 208.28 ,5,In-Store
T004009,C00138,2024-09-08,$157.92,3, mobile
T003251,C00350,21/12/2024, 1.00 ,2,WEB 
T002969,C00442,11/11/2024,179.64,5,web
T002501,C00645,04/07/2024,$198.74,4, mobile
T001334, C00894 ,06/02/2024, 62.99 ,1,Mobile
T007634,C00337,10/04/2024,$34.29,2,in-store
T001470,C00733,2024-05-18,$199.49,1,Mobile
T001412,C00899,"March 16, 2024", 40.25 ,5,WEB 
T006682,C00104,2024-09-11, 176.75 ,2,In-Store
T002426,C00451,2024-03-20T11:08:00Z,176.05,5, mobile
T007547,C00269,"July 2, 2024",1.00,3,web
T003843,C00057,2024-11-28T13:43:00Z,$1.00,1,Mobile
T000402,C00471,26/07/2024,$226.25,1,In-Store
T007043,C00790,2024-11-22, 119.89 ,NA,Mobile
T000516,C00109,28/02/2024, 147.57 ,2,Web
T004576,C00886,07/06/2024, 121.66 ,1,Web
T003510,C00827,2024-01-05, 135.74 ,5, mobile
T006504, C00169 ,"July 10, 2024",1.00,4,in-store
T005247,C00865,02/07/2024, 143.77 ,5,In-Store
T006321,C00547,2024-06-18T15:08:00Z,117.63,2,web
T006382,C00874,2024-04-12,$34.09,1,WEB 
T007799,C00239,2024-09-26T15:10:00Z, 143.41 ,4,WEB 
T001400,C00712,12/09/2024,125.33,3,In-Store
T003042,C00020,"April 10, 2024",102.74,1,Mobile
T001670,C00677,2024-04-13T06:41:00Z,81.34,2,In-Store
T005516,C00649,28/03/2024,160.88,3,web
T002722,C00881,03/09/2024,231.57,4,In-Store
T004752,C00483,28/02/2024,$212.76,1,Web
T005222,C00060,2024-06-08T20:39:00Z, 191.92 ,3,in-store
T000132,C00622,2024-01-15T17:34:00Z,88.74,4,In-Store
T000206,C00159,2024-09-17T20:40:00Z, 170.78 ,4,web
T003483,C00050,25/03/2024,$78.51,NA,web
T004119, C00673 ,"March 23, 2024", 90.74 ,NA,Mobile
T003597,C00039,16/12/2024,$121.23,2,in-store
T002591,C00855,2024-05-05T09:03:00Z, 1.00 ,4,in-store
T001311,C00520,2024-04-04,$182.59,2,WEB 
T005709,C00440,2024-04-01T01:31:00Z,50.16,5,in-store
T007666,C00849,"July 6, 2024",203.92,5,in-store
T001807,C00816,2024-08-15T01:35:00Z,$160.57,4,WEB 
T004844,C00309,2024-01-05, 80.39 ,3, mobile
T000456,C00793,24/08/2024,$144.77,3, mobile
T001402,C00127,2024-12-23, 148.93 ,3,Web
T005244,C00111,2024-06-22T16:17:00Z,103.63,2, mobile
T003468, C00306 ,2024-05-25T17:44:00Z, 1.00 ,4,in-store
T007631,C00085,2024-09-07T23:48:00Z,$153.52,1,Mobile
T001007,C00053,2024-10-22T08:20:00Z,196.75,1,web
T005030,C00071,"June 6, 2024",$109.14,4,Web
T007278,C00607,2024-02-22T17:17:00Z,52.98,4, mobile
T005556,C00286,2024-05-16T00:46:00Z, 1.00 ,4, mobile
T001708,C00483,2024-05-17,$180.75,3,Mobile
T004899,C00457,15/02/2024,$135.56,4,Mobile
T004460,C00460,2024-03-24T11:36:00Z, 135.27 ,3,In-Store
T002377,C00375,08/01/2024,$136.73,2,Mobile
T005994,C00166,"November 10, 2024",$108.02,4,Web
T007305,C00523,2024-12-17,$78.95,3,Mobile
T006544,C00458,"May 25, 2024",$151.03,5,web
T006692, C00465 ,2024-04-19,64.19,2,Web
T002402,C00569,2024-11-20,27.34,4,in-store
T002656,C00207,"October 19, 2024", 148.65 ,1,web
T002141,C00656,20/01/2024,274.41,5,web
T003069,C00782,"November 18, 2024", 176.94 ,3,In-Store
T006003,C00249,2024-06-18, 55.63 ,2,Web
T000810,C00602,"December 27, 2024",$93.04,3,in-store
T003638,C00709,2024-06-26, 147.50 ,5,in-store
T003750,C00611,2024-01-25T20:42:00Z, 219.33 ,5, mobile
T004941,C00022,2024-06-21T22:17:00Z, 77.50 ,2,web
T005045,C00584,05/09/2024,214.87,4,in-store
T003946,C00542,2024-03-02T13:00:00Z,104.28,1,Web
T003149,C00219,2024-12-02T00:25:00Z,$35.77,5,in-store
T002436,C00111,09/12/2024,$159.06,3, mobile
T002982,C00133,27/10/2024,101.52,2,web
T005782,C00593,23/09/2024,195.03,1,Web
T000582,C00294,13/07/2024,61.28,2,Web
T004967,C00780,"December 2, 2024", 127.56 ,4, mobile
T002874, C00773 ,2024-05-17,$193.89,2,In-Store
T000912,C00277,"January 22, 2024", 83.12 ,5,web
T006775,C00039,"December 20, 2024",129.99,4,In-Store
T005550,C00532,17/06/2024,92.88,4, mobile
T005446,C00010,09/02/2024,$229.91,3,In-Store
T003552,C00499,"November 15, 2024",102.12,1,Web
T005924,C00121,25/03/2024,92.46,  ,web
T003981,C00302,"August 17, 2024",87.04,5,Web
T003264,C00124,12/04/2024, 92.40 ,3,in-store
T004339,C00696,2024-11-11,105.07,5,Mobile
T004645,C00271,"February 26, 2024",$14.40,2,In-Store
T007325,C00195,2024-01-28T18:24:00Z,200.94,2, mobile
T007739,C00727,"August 18, 2024", 7.68 ,2, mobile
T000319,C00582,2024-04-24,$183.52,3,in-store
T007611,C00785,2024-03-19,$11.24,3,in-store
T005210,C00814,2024-01-05T13:56:00Z,69.71,3,WEB 
T003911,C00134,2024-01-02,$110.00,NA,Web
T003101,C00011,"February 25, 2024",150.36,5,in-store
T005979, C00374 ,2024-09-20, 208.61 ,4,web
T003320, C00758 ,"September 9, 2024",$1.30,3,web
T001089,C00779,13/08/2024,119.74,4,WEB 
T003571,C00378,21/06/2024, 47.15 ,4,web
T003421, C00450 ,"January 23, 2024",157.20,5,web
T005069,C00856,2024-11-01T08:37:00Z, 182.68 ,2,Web
T001662,C00269,"June 9, 2024",160.60,null,Web
T005581,C00489,10/11/2024,98.86,4,Web
T001889, C00448 ,2024-09-14T08:07:00Z, 145.43 ,2,in-store
T006040,C00668,2024-08-28T05:50:00Z,$157.95,N/A,WEB 
T007539,C00703,2024-04-21,98.31,4,web
T005778,C00289,2024-10-18T21:18:00Z, 210.69 ,1,web
T004689,C00307,"January 17, 2024",138.35,5,web
T002542,C00024,"May 28, 2024", 61.50 ,2,Web
T004293,C00875,"September 28, 2024", 202.19 ,4,In-Store
T002590,C00380,"March 15, 2024",$87.29,3,Mobile
T006854,C00012,17/11/2024, 1.00 ,1,WEB 
T006478,C00525,2024-06-19T01:08:00Z,$90.31,2,Mobile
T004166,C00198,25/09/2024,$163.30,1,Web
T000542,C00360,"March 15, 2024",107.74,2,Mobile
T005422, C00299 ,2024-07-07,$47.11,3, mobile
T005494,C00843,07/04/2024,61.46,3,Web
T000346,C00403,2024-06-16,27.74,4,Web
T002095,C00113,20/09/2024, 150.20 ,3,Web
T007064,C00850,2024-02-22T20:16:00Z, 86.30 ,5,In-Store
T003026,C00758,2024-04-19T21:37:00Z, 171.99 ,2,Mobile
T002887,C00417,2024-07-18,194.02,4,in-store
T001198,C00003,2024-12-27T14:35:00Z,$64.22,5,web
T007091,C00077,17/02/2024,110.43,2,web
T007761,C00886,"February 7, 2024",168.87,4,web
T001000, C00074 ,2024-10-01T09:18:00Z,$90.30,4,Mobile
T000051,C00879,"August 1, 2024",83.84,1,web
T007560,C00764,13/06/2024, 170.14 ,1,web
T007394,C00446,"March 27, 2024",$18.10,5,In-Store
T006044,C00672,2024-05-04, 230.48 ,null,Mobile
T007249,C00223,12/03/2024, 121.27 ,4,In-Store
T005973,C00112,07/10/2024, 127.78 ,5,Mobile
T003333,C00865,2024-07-25,$11.24,5,WEB 
T001826,C00851,11/10/2024,$77.33,5,in-store
T000686,C00250,18/09/2024, 113.07 ,5,Mobile
T005259,C00031,05/01/2024,$87.00,4,Mobile
T007232,C00447,"November 10, 2024", 1.00 ,2,in-store
T005255,C00086,11/11/2024,$124.21,2,In-Store
T004865,C00684,2024-06-08T01:48:00Z,84.54,5,In-Store
T004007,C00652,21/07/2024, 134.66 ,NA,in-store
T001693,C00045,"November 2, 2024", 141.73 ,2,In-Store
T005885,C00620,24/07/2024, 138.47 ,1,In-Store
T004102,C00523,2024-07-02,$182.36,2,Mobile
T005284,C00834,2024-02-28, 49.97 ,1,In-Store
T007649,C00535,"November 14, 2024",$148.57,3,WEB 
T007542,C00454,05/10/2024, 42.67 ,4,in-store
T005252,C00532,"May 17, 2024",111.47,2, mobile
T004351,C00232,2024-02-24,$1.00,5, mobile
T004380,C00399,"April 22, 2024",$181.56,4,Mobile
T005681,C00336,"June 27, 2024",11.24,2,Mobile
T001019,C00851,2024-11-16T00:50:00Z,$120.34,3,web
T002586,C00494,20/04/2024,179.13,1,in-store
T007507,C00723,2024-12-25T18:48:00Z,$146.02,5,Web
T001050,C00642,26/08/2024, 185.72 ,3,Mobile
T006883,C00803,"November 25, 2024",97.88,1,WEB 
T001854,C00029,2024-04-07T14:52:00Z, 77.39 ,4,web
T007214,C00886,2024-01-13,87.89,4,In-Store
T004698, C00125 ,2024-02-24T19:57:00Z,$27.66,1, mobile
T003373,C00153,"December 6, 2024",$151.88,4,In-Store
T007775,C00615,17/11/2024,164.36,2,in-store
T006041,C00414,11/09/2024, 89.17 ,1,In-Store
T001613,C00205,22/08/2024, 131.93 ,2,WEB 
T007892,C00872,2024-05-05,77.25,1,Web
T007752, C00504 ,12/07/2024,$199.48,3,in-store
T007049,C00093,"September 8, 2024", 12.22 ,1,Mobile
T004284,C00473,08/06/2024,$83.97,1,In-Store
T007040,C00369,"June 18, 2024", 69.69 ,3,Mobile
T001290,C00338,2024-03-16T21:23:00Z, 114.59 ,2,In-Store
T004617,C00441,2024-04-27,$126.65,3, mobile
T005159,C00735,2024-11-03T07:07:00Z, 1.00 ,2,In-Store
T007264, C00835 ,2024-03-07T08:45:00Z,11.77,4,Web
T000616,C00595,14/03/2024,$84.37,4,in-store
T007419, C00623 ,12/03/2024,$15.06,2,In-Store
T004531,C00599,11/12/2024, 166.92 ,2,In-Store
T005488, C00711 ,"December 10, 2024",$26.53,2,WEB 
T006211,C00144,2024-08-22,148.17,3,Mobile
T007598, C00402 ,2024-01-01,$80.51,4,in-store
T001562,C00256,2024-02-14, 220.92 ,2,Web
T000973,C00197,2024-11-13T14:16:00Z,194.97,2,web
T003782,C00481,"September 27, 2024",$120.18,5,In-Store
T001527,C00775,"December 19, 2024", 141.11 ,1,Web
T002994,C00744,24/01/2024,100.37,5, mobile
T005913,C00126,"June 18, 2024",$44.04,5,In-Store
T007635,C00306,2024-02-22T07:21:00Z,$194.34,4,Web
T004577,C00444,"August 20, 2024",1.00,2,WEB 
T001744,C00238,"August 6, 2024",106.24,4,Mobile
T004587,C00257,18/10/2024, 207.23 ,3,web
T003735,C00900,04/01/2024, 208.12 ,1,web
T001669,C00852,2024-07-12T04:14:00Z, 166.76 ,3,web
T004229,C00206,2024-10-01, 147.69 ,3, mobile
T006607,C00489,"January 10, 2024",79.40,5,Mobile
T004728, C00402 ,2024-08-24T21:38:00Z,110.27,1,Mobile
T002058,C00815,"July 16, 2024",89.36,5,in-store
T005510,C00620,"December 28, 2024", 65.72 ,5,In-Store
T004249,C00137,"November 13, 2024",$213.24,1,In-Store
T004694, C00294 ,13/10/2024, 160.48 ,4,web
T004608,C00356,"March 16, 2024",$29.17,1, mobile
T005329,C00338,2024-02-21, 145.52 ,1,WEB 
T004767,C00082,2024-09-25T16:23:00Z,107.92,3, mobile
T001608,C00477,2024-10-09, 28.43 ,5,in-store
T000921,C00484,2024-10-01T10:19:00Z,$217.15,3,In-Store
T002545,C00797,2024-03-19, 43.23 ,3,Web
T002450,C00220,"January 17, 2024",$188.84,4,WEB 
T007270,C00600,2024-02-07,38.12,3,In-Store
T000243, C00866 ,2024-01-17T12:09:00Z, 68.16 ,3,WEB 
T003376,C00340,25/12/2024,81.45,4,WEB 
T000015,C00876,2024-08-17T11:17:00Z,247.62,2,in-store
T004780, C00293 ,2024-08-16,156.98,2,Web
T006327,C00580,2024-11-19,85.63,1,In-Store
T007116,C00881,20/10/2024,$1.00,4,Web
T006571,C00894,2024-01-17,134.49,3,In-Store
T003312,C00877,2024-02-24,$1.00,5,web
T005041,C00860,2024-06-25,58.69,3,Mobile
T003030,C00189,2024-05-03T15:20:00Z, 13.21 ,4,WEB 
T007526,C00485,06/11/2024,$1.00,1,Mobile
T005491,C00429,16/06/2024,183.37,1,in-store
T006160,C00223,25/12/2024, 53.37 ,4, mobile
T002102,C00290,2024-02-17T23:08:00Z,$107.17,N/A,web
T006141,C00235,2024-04-12T09:49:00Z,$149.61,3,In-Store
T002392,C00077,2024-06-20T03:46:00Z,$65.80,4,web
T007315,C00443,"July 23, 2024",253.35,3,In-Store
T006837, C00467 ,"January 10, 2024",50.74,1,in-store
T000384,C00436,2024-08-20,217.60,1,Mobile
T006190,C00782,2024-03-21,166.02,5,Mobile
T003442,C00347,2024-09-01,29.06,4,Mobile
T002133,C00303,2024-10-20T12:34:00Z, 167.15 ,4,WEB 
T000211,C00121,"June 3, 2024", 72.20 ,2, mobile
T007145,C00539,"April 14, 2024",76.27,1,web
T000712,C00429,2024-04-21T02:15:00Z, 124.77 ,1, mobile
T004744,C00847,2024-03-05,117.06,5,Mobile
T002697, C00203 ,2024-05-12,$148.29,3,In-Store
T002462,C00205,2024-09-06,83.43,2,web
T006372,C00514,"June 12, 2024",237.58,1,In-Store
T004556,C00047,28/09/2024,$190.09,3,Web
T006701,C00547,2024-03-18, 96.87 ,1, mobile
T000114,C00863,2024-07-22T12:39:00Z, 103.24 ,4,in-store
T006427,C00387,21/11/2024,121.83,2,In-Store
T003402,C00548,13/03/2024,79.06,1, mobile
T002713,C00029,2024-10-17T23:39:00Z, 177.44 ,3,in-store
T001444,C00851,2024-03-09,$131.89,3,In-Store
T004790,C00108,"September 5, 2024", 67.73 ,3, mobile
T007124,C00483,19/02/2024,17.68,4,in-store
T007564,C00285,2024-08-26,139.02,1,in-store
T002190,C00054,2024-06-22,$89.84,4,WEB 
T001420,C00508,2024-10-02T13:57:00Z,110.08,3,WEB 
T001101,C00301,"May 26, 2024",77.15,2,Mobile
T001656,C00395,"August 27, 2024",$225.03,5,web
T005119,C00779,2024-09-06,$101.70,5,Web
T004300,C00628,"December 12, 2024",101.78,3,WEB 
T001823,C00530,2024-08-03,1.00,4,Web
T000394,C00603,"January 19, 2024", 117.89 ,3,in-store
T001172,C00891,2024-08-18T09:44:00Z,$121.41,4,WEB 
T006690,C00284,2024-05-16, 133.71 ,N/A, mobile
T007428,C00202,2024-10-04,$178.64,1,Mobile
T006426, C00570 ,2024-12-08, 171.52 ,3,in-store
T007486,C00802,2024-08-18T09:05:00Z,$73.62,4,WEB 
T001820,C00101,2024-03-24,89.16,5,web
T000515,C00048,2024-01-14T08:33:00Z,$237.94,5,Web
T005038, C00886 ,2024-04-16T19:31:00Z, 59.83 ,2,In-Store
T001788,C00624,2024-07-23T20:47:00Z,$161.56,5,In-Store
T007464,C00515,2024-07-12T20:24:00Z,$185.14,1,in-store
T004335,C00192,2024-07-25,155.31,4,Mobile
T005394,C00616,"October 8, 2024", 79.73 ,3,Web
T007864,C00560,12/04/2024,112.44,4, mobile
T005051,C00254,25/02/2024,123.41,1, mobile
T004820,C00386,2024-03-27T21:43:00Z,$140.61,2,in-store
T006333,C00057,2024-11-07T23:50:00Z,208.66,3,in-store
T002334, C00511 ,2024-03-05, 17.21 ,5,web
T000410,C00176,2024-08-11,$54.15,5,web
T005303,C00748,13/10/2024,58.43,5, mobile
T002546,C00766,02/02/2024,127.24,4,WEB 
T007065,C00353,"December 12, 2024", 225.10 ,3,in-store
T004983, C00646 ,09/06/2024, 85.64 ,3,Mobile
T005336,C00672,18/04/2024,$102.03,5,web
T004999,C00162,2024-10-07T05:04:00Z,$137.03,1,Mobile
T000835,C00412,"January 23, 2024", 109.16 ,3,in-store
T000945,C00187,2024-02-11,196.35,3,WEB 
T003314,C00717,2024-12-08T07:51:00Z,$172.19,4,in-store
T000780,C00198,25/12/2024,42.10,3,Mobile
T001264,C00552,2024-10-11, 153.16 ,3, mobile
T000300,C00185,17/01/2024, 121.91 ,1,WEB 
T005312,C00315,2024-01-09T16:08:00Z,27.18,1,web
T002695,C00482,2024-02-18T18:59:00Z,179.22,2,In-Store
T005561,C00852,2024-09-08,159.86,  ,web
T000502,C00613,"October 2, 2024", 46.96 ,3,In-Store
T000184, C00645 ,17/11/2024,124.30,3,web
T005818,C00507,2024-06-07T23:23:00Z,$145.05,1,Web
T003509,C00186,"August 7, 2024",188.07,1,In-Store
T001674,C00384,2024-03-07,183.30,1,Web
T001348,C00210,16/08/2024, 7.25 ,5,Mobile
T000992,C00852,2024-04-02T23:25:00Z,$68.79,4,web
T000248,C00455,"November 26, 2024",$104.31,3,Web
T001813,C00656,2024-08-18,$99.36,3,In-Store
T003583, C00321 ,2024-11-06T06:45:00Z,$123.80,1,Web
T007405,C00315,"August 26, 2024", 147.42 ,4,Web
T002555, C00068 ,2024-03-27, 99.90 ,5, mobile
T002680,C00689,2024-05-16T02:40:00Z, 42.20 ,1,web
T006053,C00007,"October 1, 2024",187.27,,WEB 
T002658,C00419,"May 19, 2024",$164.90,4,Mobile
T004374,C00277,2024-04-25T10:39:00Z,$125.33,4,in-store
T007474,C00146,28/09/2024, 151.33 ,3,WEB 
T002909,C00045,2024-03-13T00:05:00Z,$39.72,4,web
T000347,C00126,2024-11-19,$123.86,2,Mobile
T005414, C00712 ,2024-02-09,91.55,5,in-store
T000037,C00324,03/05/2024, 2.40 ,3,web
T004225,C00086,2024-10-17T00:17:00Z,1.00,5,In-Store
T007054,C00151,2024-08-24, 181.84 ,2,Web
T006205,C00057,01/03/2024, 140.71 ,1,Mobile
T003153,C00749,"April 23, 2024",$201.15,4, mobile
T004115, C00700 ,"May 26, 2024",$1.00,4,In-Store
T004569,C00376,2024-12-19T13:22:00Z,39.08,2,In-Store
T007976,C00794,2024-09-13T02:57:00Z,50.74,5,Web
T005824,C00164,2024-01-04T11:37:00Z, 86.33 ,4,in-store
T001114,C00564,09/09/2024,149.76,1,Web
T007386,C00097,2024-11-11T00:31:00Z,79.99,4,In-Store
T003340,C00697,2024-10-25,$91.45,5,WEB 
T000120,C00376,"November 19, 2024", 20.92 ,3,Mobile
T006855,C00188,2024-05-08T18:54:00Z,34.00,4,web
T003721,C00066,2024-03-18T01:49:00Z,$181.09,4,in-store
T004595,C00825,"February 17, 2024", 117.40 ,1, mobile
T000813,C00635,2024-04-07,$34.93,5,In-Store
T004691, C00850 ,2024-10-16T04:09:00Z, 92.87 ,2,In-Store
T004694, C00294 ,13/10/2024, 160.48 ,4,web
T007338,C00145,28/10/2024,$69.11,2,Mobile
T007156,C00124,28/04/2024, 1.00 ,1,In-Store
T004395,C00385,"May 3, 2024", 64.51 ,3,Web
T000285,C00435,17/06/2024,8.83,1,WEB 
T007627,C00200,14/02/2024, 57.92 ,NA,Web
T005817,C00461,2024-10-07T15:45:00Z,$67.74,1,Mobile
T005506,C00263,2024-12-16, 187.14 ,1,In-Store
T007155,C00297,"April 10, 2024", 150.06 ,4, mobile
T005505,C00228,2024-10-09T13:29:00Z, 146.38 ,3,in-store
T004327,C00366,2024-06-01, 142.82 ,2,WEB 
T003556,C00641,"June 17, 2024",$229.29,1,Web
T007135,C00087,2024-12-26,123.24,3,Mobile
T004914,C00127,24/10/2024,88.70,4,Mobile
T002520,C00898,2024-09-22, 56.47 ,5,in-store
T003186, C00113 ,12/05/2024, 117.47 ,3,In-Store
T000007,C00334,2024-03-09T02:29:00Z, 99.70 ,2,WEB 
T001125,C00569,13/01/2024,45.76,5, mobile
T005900,C00183,2024-06-18T19:32:00Z,$146.17,4,In-Store
T005558,C00080,2024-11-04T20:05:00Z, 103.03 ,3,In-Store
T001373,C00578,09/07/2024,$176.49,5,Web
T005182,C00729,2024-04-22T12:29:00Z, 119.82 ,2,WEB 
T002643,C00236,01/02/2024, 24.13 ,4,web
T003647,C00222,"August 17, 2024", 136.13 ,5,Web
T006750,C00312,2024-02-07T03:20:00Z, 43.91 ,2,Web
T003672,C00252,2024-12-13T22:24:00Z,246.63,1,In-Store
T006441,C00344,"March 5, 2024",$115.44,4,In-Store
T002147,C00305,2024-11-07T23:50:00Z,76.12,5,web
T002473,C00472,19/05/2024, 96.79 ,2, mobile
T003899,C00462,2024-03-08, 250.51 ,5,In-Store
T006731,C00581,2024-10-04T20:19:00Z,134.94,2,web
T006622,C00015,"May 27, 2024",135.55,3,WEB 
T002972,C00007,2024-08-14,160.24,5,WEB 
T007667,C00619,2024-07-16T16:47:00Z,153.67,5,In-Store
T006971,C00380,2024-08-14T12:20:00Z,186.53,4,In-Store
T003075,C00213,"January 12, 2024", 41.06 ,3,in-store
T005985,C00857,05/08/2024,265.12,4,Mobile
T001008,C00290,07/11/2024,108.42,1,Web
T003154,C00837,2024-04-26, 108.44 ,4,In-Store
T007212, C00310 ,"October 24, 2024",$162.73,3,web
T003382,C00004,16/05/2024, 155.60 ,2,Web
T000167,C00747,2024-09-18, 274.56 ,3,WEB 
T002958,C00451,2024-02-09,$193.43,1,Mobile
T005909,C00782,10/12/2024,$96.15,4,WEB 
T006547, C00075 ,"August 13, 2024",103.52,1,web
T004929,C00148,2024-01-06T01:34:00Z,$80.99,N/A,web
T005708,C00754,2024-10-22, 134.61 ,5,In-Store
T002732,C00616,2024-11-11T11:17:00Z, 106.88 ,N/A,Mobile
T000660,C00818,05/03/2024,102.74,1,Web
T001848,C00417,23/07/2024,$251.61,1,Web
T001327,C00475,03/01/2024,$31.55,4,Mobile
T006686,C00084,06/06/2024,46.38,1,Web
T005406,C00389,"August 13, 2024", 90.53 ,1,Web
T007161,C00791,05/08/2024,$280.73,3,in-store
T005640,C00836,2024-05-22,149.28,5,Web
T007459, C00124 ,25/04/2024,6.44,1,In-Store
T005860,C00696,2024-01-22T06:51:00Z,$173.29,4, mobile
T003722,C00697,2024-04-13T12:32:00Z,$165.46,3,web
T001330,C00449,2024-02-25T00:50:00Z,17.53,3,WEB 
T006409,C00012,2024-03-04,252.71,3,Web
T007285,C00448,02/10/2024,180.23,5, mobile
T002669,C00354,2024-02-11,$95.87,2,web
T007439,C00318,13/05/2024,118.03,3,In-Store
T003455,C00520,01/06/2024, 20.86 ,1,WEB 
T004832,C00125,27/07/2024, 163.36 ,5,Web
T003163,C00893,06/07/2024, 115.97 ,1, mobile
T002165,C00805,"May 2, 2024", 68.23 ,2,Mobile
T005906,C00398,2024-07-20, 225.12 ,3, mobile
T001457,C00564,2024-11-17,7.85,1,Web
T000930,C00135,2024-02-17,87.70,4,Web
T004401,C00377,24/12/2024,180.86,4,in-store
T004443,C00360,07/10/2024,91.29,4, mobile
T003973,C00508,2024-07-03T04:35:00Z,$121.08,4,WEB 
T003127, C00272 ,23/06/2024,$48.76,2,Mobile
T007793,C00041,2024-04-09T00:34:00Z,225.93,1, mobile
T006677,C00428,16/08/2024,$190.83,5,Web
T004173,C00077,2024-08-02, 60.49 ,3,WEB 
T002765,C00368,28/09/2024,189.80,4,web
T004817,C00499,2024-03-14T11:11:00Z, 219.47 ,5,Mobile
T000182,C00164,2024-03-11,83.82,2,WEB 
T007993,C00340,"August 17, 2024",223.83,5,Mobile
T007920,C00260,05/11/2024, 60.43 ,5,Web
T004037,C00744,"March 19, 2024",$85.92,5,web
T003449,C00707,2024-10-23,151.57,3,Web
T004948,C00401,09/08/2024,1.00,5,In-Store
T000519,C00824,2024-06-25, 226.53 ,3,in-store
T006448,C00867,2024-08-25,$124.93,4,web
T004671,C00273,"October 13, 2024",148.31,3,Mobile
T002177,C00819,"October 6, 2024",$101.83,1,web
T006376, C00863 ,2024-04-24T16:17:00Z,144.44,4, mobile
T002119,C00035,2024-03-28,108.92,1,In-Store
T006130,C00413,02/03/2024, 97.86 ,3,Web
T000107,C00107,"October 19, 2024", 171.18 ,2,in-store
T005440,C00364,"January 25, 2024",163.22,2,Mobile
T003524,C00206,12/01/2024,$66.39,1, mobile
T003652,C00264,06/06/2024, 41.84 ,3,web
T003270,C00736,2024-03-20T18:37:00Z,177.23,4, mobile
T002370,C00810,"December 23, 2024",$241.55,1,Mobile
T007574,C00859,"June 18, 2024",$165.96,4,Web
T004271,C00444,2024-03-25T17:08:00Z,119.66,4,web
T006860,C00246,"September 14, 2024",$201.08,2,In-Store
T003703,C00773,08/07/2024, 165.13 ,1,in-store
T006095,C00071,2024-12-04T07:40:00Z,200.12,2,In-Store
T001057,C00152,"June 13, 2024", 16.44 ,5,In-Store
T005953,C00711,2024-04-17,$73.11,1,web
T001722,C00346,20/04/2024,183.92,1,web
T001164,C00081,2024-05-19, 109.68 ,4,In-Store
T002701,C00181,"October 3, 2024",$145.69,1,in-store
T004352,C00128,"January 22, 2024",1.00,3,In-Store
T000859,C00526,2024-03-25,25.75,1,In-Store
T001165,C00614,2024-12-01T14:23:00Z, 1.00 ,1,Mobile
T001834,C00667,2024-04-28,$289.62,5,Web
T003191,C00575,"February 13, 2024",$56.27,4,in-store
T005074,C00511,"October 24, 2024",$68.76,2, mobile
T002417, C00617 ,25/03/2024,60.30,5,web
T002960,C00658,"July 22, 2024",$95.12,3, mobile
T002926,C00675,2024-11-21, 104.53 ,5,in-store
T006878,C00084,2024-03-24,$100.55,3,Mobile
T001308,C00668,2024-09-12T18:13:00Z,$61.07,N/A,WEB 
T003385,C00600,2024-07-01T22:35:00Z, 105.69 ,1, mobile
T001464,C00592,2024-04-05T16:03:00Z,41.64,4,WEB 
T003904,C00684,"April 17, 2024",$82.00,5,Mobile
T006270,C00072,2024-05-10T17:07:00Z, 80.85 ,5,in-store
T000899,C00223,04/10/2024,$120.83,2,in-store
T007094,C00522,"February 15, 2024",1.00,5,Web
T005677,C00710,2024-05-09T05:29:00Z,151.39,4,Web
T002279,C00621,2024-06-24T19:46:00Z,1.00,4,Web
T001546,C00447,2024-04-11,$187.60,3,Mobile
T000772,C00145,"November 20, 2024", 28.78 ,5, mobile
T005737,C00378,"July 6, 2024",$202.07,1,In-Store
T002650,C00654,"March 12, 2024", 113.77 ,1,WEB 
T007463,C00446,23/10/2024,67.33,4,web
T004971,C00185,"May 10, 2024", 58.37 ,1, mobile
T005794,C00880,2024-07-14T12:43:00Z,167.83,3,in-store
T006736,C00009,2024-03-05T00:56:00Z,121.68,4,In-Store
T003428, C00796 ,13/08/2024,$148.82,3,Mobile
T001405,C00462,"December 27, 2024",$123.72,4,Web
T002823,C00435,2024-06-08,$43.49,3,in-store
T007964,C00281,2024-08-22,$162.13,5,In-Store
T002348,C00395,17/09/2024,$99.97,4,web
T007289,C00549,"March 12, 2024",$76.19,1,web
T006777,C00085,2024-08-25,$110.83,1,Mobile
T002346,C00135,2024-07-28T15:49:00Z,165.99,3,WEB 
T006671,C00112,2024-01-17, 97.65 ,5,Mobile
T002415,C00375,2024-11-10,$187.79,2,in-store
T000699,C00017,2024-07-12,229.40,3,in-store
T003962,C00736,10/09/2024,$1.00,3,Web
T001842,C00840,2024-04-22T09:00:00Z,69.52,4,Mobile
T004373,C00012,2024-02-13T21:47:00Z,$176.16,1,web
T005772, C00226 ,"November 14, 2024",$113.83,3,Web
T004522, C00062 ,04/10/2024,154.00,3, mobile
T000623,C00844,2024-04-13, 118.78 ,4,Mobile
T006531,C00484,"November 10, 2024",$153.30,2,Mobile
T005661,C00852,2024-03-18, 96.42 ,4,web
T006573,C00255,2024-09-18T18:12:00Z,$43.51,3,Web
T004557,C00059,07/10/2024, 250.99 ,2,WEB 
T003712,C00600,2024-10-02T10:24:00Z, 77.36 ,1,In-Store
T003820,C00077,2024-10-26,153.70,4, mobile
T002469,C00714,2024-01-17,$100.27,2,Mobile
T001582,C00055,13/02/2024, 72.64 ,5, mobile
T000265,C00601,2024-04-13,133.50,5,In-Store
T004712,C00491,"February 28, 2024", 208.41 ,3,web
T006843,C00014,2024-08-18T08:49:00Z,189.27,5, mobile
T006838,C00368,04/06/2024, 34.20 ,2,Mobile
T007284,C00272,2024-03-11,85.64,4,WEB 
T007681,C00089,"April 5, 2024",$20.86,5,WEB 
T004436,C00583,2024-07-24T17:42:00Z,$221.32,2, mobile
T006032,C00691,"December 9, 2024",$119.18,3,web
T001195, C00071 ,2024-06-22,$66.15,4,web
T001648,C00014,"January 12, 2024",$242.89,1,In-Store
T005143, C00758 ,2024-03-16T05:17:00Z, 158.61 ,1,Mobile
T000611,C00743,2024-03-27T12:03:00Z, 66.62 ,5,in-store
T005390,C00749,"October 5, 2024",104.93,5,web
T007558,C00187,"January 11, 2024", 206.14 ,1,Mobile
T002492,C00449,2024-05-03T18:31:00Z, 162.41 ,5,web
T003788,C00103,2024-02-05, 135.59 ,2,WEB 
T004043,C00264,01/11/2024, 101.27 ,5, mobile
T005337,C00575,"May 9, 2024", 60.87 ,4, mobile
T003185, C00754 ,"July 4, 2024",$33.36,5,in-store
T007569,C00798,26/11/2024,26.75,1,web
T003427,C00548,17/06/2024,$244.68,3,Mobile
T001154,C00595,2024-08-26T22:11:00Z,160.47,  ,Mobile
T006859, C00130 ,07/08/2024, 244.36 ,2,web
T003670, C00641 ,13/04/2024, 111.76 ,1,In-Store
T005088,C00494,2024-05-25,125.41,2,Mobile
T003128,C00514,2024-01-08T17:52:00Z,$117.88,3,in-store
T003426,C00432,2024-08-17T20:09:00Z,131.16,4,Web
T003093,C00816,"May 22, 2024",41.82,3,web
T002456, C00391 ,2024-12-10,1.00,2,Web
T005803,C00859,2024-10-25T18:13:00Z, 256.20 ,3,web
T006944,C00596,"November 17, 2024",219.94,5, mobile
T006642,C00346,"July 25, 2024", 104.70 ,5,Mobile
T006824,C00096,"August 22, 2024", 190.37 ,1, mobile
T000996,C00114,2024-09-13, 115.63 ,5,web
T006083,C00103,2024-02-23T09:40:00Z, 161.24 ,5,web
T003269,C00812,2024-06-27T22:26:00Z,$168.31,1,WEB 
T001883,C00826,08/05/2024,$146.44,,web
T002995,C00591,2024-05-05T01:38:00Z, 163.93 ,1,in-store
T002646,C00005,"November 19, 2024",$183.54,5,Web
T002242,C00417,2024-02-28T16:40:00Z,$48.41,1, mobile
T000879,C00142,2024-03-15T20:21:00Z, 16.75 ,2,Mobile
T005067,C00301,2024-07-19, 121.57 ,3,in-store
T002180,C00542,2024-05-01T19:17:00Z, 123.50 ,3,In-Store
T006590,C00234,27/02/2024, 15.19 ,3,Mobile
T001342, C00430 ,23/09/2024,$87.58,2,Mobile
T004935, C00069 ,2024-03-28,$170.24,4,In-Store
T004402,C00045,"April 24, 2024",166.77,5,in-store
T000871,C00642,27/07/2024,210.94,4,Mobile
T003216,C00900,2024-09-15,80.23,1,In-Store
T007707,C00243,18/08/2024,4.73,4,web
T002522, C00695 ,11/10/2024,$143.75,4,WEB 
T006157,C00644,2024-09-03, 5.89 ,1,Web
T003007,C00452,2024-11-26T13:36:00Z,$138.36,4,web
T001638,C00822,22/11/2024,$119.78,5,web
T001996,C00605,01/10/2024, 123.23 ,1,Mobile
T005402,C00025,14/09/2024,121.39,4, mobile
T000558,C00143,2024-07-22,127.00,4,In-Store
T006735,C00205,2024-02-05,130.06,3,Web
T000226,C00284,"January 13, 2024", 209.03 ,5,Mobile
T002259,C00558,"September 5, 2024", 41.74 ,5,web
T001600,C00056,2024-09-11T03:32:00Z, 98.40 ,,WEB 
T001123,C00366,2024-11-28,167.41,2,in-store
T000595,C00573,17/03/2024,165.50,4,web
T006868,C00136,"April 19, 2024",142.86,5,in-store
T002017, C00347 ,"March 9, 2024",101.59,2,Mobile
T001217,C00820,2024-07-08T07:36:00Z,$151.94,2,Mobile
T005950,C00228,15/04/2024,$108.50,  , mobile
T002431,C00714,2024-09-12T05:54:00Z,163.62,1,Mobile
T003519, C00031 ,"August 2, 2024",$42.66,5, mobile
T007870,C00184,"August 23, 2024",98.44,5,in-store
T007599,C00494,2024-07-06T15:46:00Z, 74.62 ,5,In-Store
T007477,C00875,2024-08-11, 114.84 ,5,Web
T000040,C00251,"June 8, 2024", 83.52 ,5, mobile
T007996,C00273,2024-11-01, 200.91 ,5,In-Store
T006173,C00889,2024-09-08, 60.41 ,1,WEB 
T006158,C00138,2024-06-19,25.81,4,web
T000738,C00601,2024-02-13,59.72,3,Web
T000391,C00757,2024-03-23,$60.78,5,web
T004093,C00530,"July 1, 2024", 155.07 ,3, mobile
T002807, C00342 ,2024-11-01,122.24,4,Web
T001685,C00848,"January 13, 2024",$99.22,3,Web
T000813,C00635,2024-04-07,$34.93,5,In-Store
T002904,C00845,25/02/2024,$199.04,5, mobile
T006918,C00277,2024-06-11T09:52:00Z,104.29,4, mobile
T004555,C00393,2024-10-23T07:45:00Z, 111.94 ,2,In-Store
T004578,C00184,18/07/2024,$158.81,NA,in-store
T005857,C00593,"May 22, 2024", 172.15 ,4,Web
T001835,C00598,2024-12-18T01:56:00Z,91.65,5,WEB 
T006550,C00133,2024-05-20,$129.50,4,WEB 
T001934,C00589,"August 15, 2024",143.64,3,WEB 
T004913,C00118,2024-01-18,$170.39,4,Mobile
T004950,C00763,2024-06-24,103.02,4, mobile
T007341,C00248,24/05/2024,$162.20,1,WEB 
T005718, C00529 ,09/08/2024, 119.95 ,5, mobile
T006331,C00527,2024-11-12, 149.27 ,3, mobile
T006751,C00426,"May 18, 2024",$119.31,2,Mobile
T000704,C00252,2024-05-28T14:19:00Z, 168.83 ,1,Mobile
T004897,C00022,"March 11, 2024",115.21,5,In-Store
T005795,C00525,"September 27, 2024", 112.96 ,2,web
T002803,C00001,"December 25, 2024", 59.93 ,4, mobile
T000691, C00356 ,11/03/2024, 141.96 ,5,web
T001971,C00189,"January 1, 2024",$89.00,1, mobile
T004742,C00815,2024-05-19, 124.14 ,4,Web
T006744,C00228,"July 27, 2024", 90.16 ,1,Web
T001174,C00091,"October 7, 2024",158.81,5,in-store
T002908,C00663,19/09/2024,224.31,1,web
T006151,C00745,"April 14, 2024",$139.76,2,in-store
T001703,C00226,"March 19, 2024",$112.97,1, mobile
T006609,C00584,2024-03-20T05:34:00Z, 18.06 ,1,in-store
T000674,C00096,2024-01-24,$129.13,5,web
T000282,C00509,"June 4, 2024", 29.46 ,5,in-store
T006435,C00791,27/02/2024,95.34,3,Mobile
T002983,C00016,16/06/2024,206.61,5,web
T002540,C00289,"April 10, 2024",$190.54,4,WEB 
T000781,C00696,"March 10, 2024",$134.60,3,web
T001492,C00013,"May 7, 2024", 124.80 ,3,In-Store
T001884,C00863,21/04/2024,$125.90,3,Web
T006821,C00546,2024-09-08,171.91,1,in-store
T002547,C00087,04/05/2024,$135.61,3,WEB 
T005702,C00205,05/09/2024,134.71,1,in-store
T004678,C00237,2024-10-06,190.53,3,web
T001034,C00450,2024-12-26,207.49,1, mobile
T002507,C00351,04/10/2024,120.10,1,Mobile
T000266,C00807,2024-06-19T22:08:00Z,$148.40,3,Mobile
T006217,C00846,"April 22, 2024",131.88,3, mobile
T003201,C00298,2024-10-01,124.64,2,in-store
T004302,C00816,2024-10-20,$112.21,5,Mobile
T006132,C00760,2024-06-28T10:38:00Z,$61.27,1,In-Store
T003534,C00526,18/07/2024, 61.52 ,2,In-Store
T004847,C00571,2024-07-25, 163.12 ,1,in-store
T007845,C00131,2024-02-07T11:21:00Z, 144.37 ,2,WEB 
T002241,C00421,2024-04-18, 194.76 ,4,in-store
T004515,C00228,2024-10-03, 150.17 ,2,in-store
T003861,C00696,14/03/2024, 191.55 ,5, mobile
T000195,C00378,"January 3, 2024",234.27,3,web
T003749,C00680,"September 22, 2024",71.74,5,WEB 
T000056,C00692,2024-01-13,20.36,5,WEB 
T001423, C00224 ,"August 21, 2024", 180.64 ,2,web
T001822,C00398,2024-07-16,$125.56,3,Web
T002522, C00695 ,11/10/2024,$143.75,4,WEB 
T007470,C00326,"February 13, 2024",254.89,5, mobile
T007268,C00581,2024-09-07T07:26:00Z,$244.01,5,Mobile
T003586,C00766,"March 25, 2024",$7.60,3,in-store
T000481,C00312,2024-02-02,220.20,NA,web
T006470,C00174,"December 1, 2024",188.77,2,Web
T004114, C00747 ,2024-09-08,$157.54,1, mobile
T001494,C00177,2024-08-15T08:27:00Z,147.28,2, mobile
T002967,C00173,"August 22, 2024",$136.50,3,In-Store
T007999,C00393,22/06/2024,141.87,3, mobile
T001179,C00784,"February 12, 2024",$69.34,3,in-store
T001988, C00823 ,2024-08-11T01:09:00Z,$1.00,N/A,WEB 
T004479,C00639,"April 6, 2024",$171.19,3,Mobile
T007369,C00427,05/01/2024, 141.60 ,2, mobile
T003060, C00296 ,"January 4, 2024",116.75,4,In-Store
T003493,C00618,2024-09-14,149.72,4,In-Store
T007263,C00003,2024-02-25T00:43:00Z, 1.00 ,5,Web
T003769,C00300,"January 21, 2024",$41.62,1,in-store
T005948,C00890,2024-06-22T07:40:00Z,35.40,3,web
T003350,C00850,2024-01-15,$100.53,3,Web
T003734,C00184,2024-05-16, 141.15 ,1, mobile
T004215,C00272,"September 4, 2024",68.55,5,In-Store
T005322,C00063,2024-08-23, 88.38 ,5,web
T001707, C00590 ,2024-01-25,$136.21,5,In-Store
T001660,C00597,2024-10-05T02:13:00Z, 55.56 ,4,In-Store
T002156,C00013,04/10/2024,$88.96,3,WEB 
T004127,C00485,2024-04-06T09:05:00Z,6.63,1,Mobile
T007500,C00692,2024-11-02,121.33,4,WEB 
T006983,C00767,"August 9, 2024",$245.53,1,In-Store
T001694,C00313,2024-11-26T00:25:00Z,$78.57,1,In-Store
T002206,C00434,14/08/2024,$180.73,4, mobile
T004900,C00664,16/04/2024, 68.07 ,5,Mobile
T007630,C00456,2024-10-11T18:14:00Z, 176.27 ,3,web
T006182,C00079,19/04/2024,121.77,3, mobile
T005804,C00837,2024-08-06T11:41:00Z, 86.07 ,5,web
T004503, C00165 ,2024-03-12,$189.87,5,WEB 
T001230,C00826,27/09/2024,$150.52,5, mobile
T002057,C00861,2024-05-11T11:11:00Z, 210.93 ,5, mobile
T004528,C00375,2024-05-22T13:44:00Z,117.62,1,In-Store
T000330,C00047,2024-06-17,87.58,2,in-store
T005684,C00792,"February 28, 2024", 21.97 ,2,In-Store
T000555,C00473,"May 11, 2024", 112.91 ,3, mobile
T001747,C00277,2024-11-21,$83.47,4,web
T000874, C00220 ,2024-08-18,66.25,1,web
T004839,C00856,"January 17, 2024",$122.21,2,web
T002114,C00793,2024-04-06T06:26:00Z,$72.15,, mobile
T003605,C00354,2024-06-07,38.85,2,web
T006877,C00651,07/08/2024,$200.56,4,Web
T006057,C00370,2024-07-17,173.39,4,in-store
T004124,C00272,2024-07-11, 80.50 ,2,web
T006643,C00492,2024-09-18,82.53,3,web
T004405,C00882,2024-11-03, 238.74 ,4,web
T000700,C00088,"November 9, 2024",286.96,5, mobile
T006079, C00749 ,18/01/2024,167.48,2, mobile
T000331,C00733,2024-03-24,$142.82,1,In-Store
T000963, C00741 ,10/04/2024, 231.22 ,2, mobile
T002368,C00237,2024-07-06, 10.68 ,1,Web
T006480,C00846,22/06/2024,177.83,4, mobile
T002642,C00299,"April 12, 2024",$113.49,5,in-store
T004992,C00437,15/05/2024,$122.79,3,Web
T007700,C00417,2024-11-05T04:47:00Z,38.42,5,web
T000215,C00156,2024-08-03T00:49:00Z,95.70,5,In-Store
T003022,C00608,2024-10-25,$96.45,4, mobile
T005716,C00346,2024-10-06, 40.85 ,2,in-store
T005968,C00650,2024-08-14T06:04:00Z,$107.33,2,in-store
T007856,C00702,18/07/2024,26.60,4,Mobile
T001890,C00502,26/05/2024,$132.85,null,WEB 
T006059,C00512,"April 3, 2024",$172.34,5,Mobile
T000122,C00148,01/02/2024, 130.72 ,5, mobile
T005531,C00683,14/07/2024,220.74,3,in-store
T003657,C00682,"December 12, 2024",181.59,2,Web
T003676,C00566,2024-10-02,72.12,5,in-store
T006260,C00320,"May 6, 2024", 25.09 ,2,web
T003522,C00521,2024-12-05T00:54:00Z, 128.72 ,3,WEB 
T003933,C00225,2024-10-26T01:18:00Z, 71.37 ,4, mobile
T007010,C00089,2024-10-01T04:18:00Z, 186.71 ,2,Mobile
T001005,C00771,14/11/2024, 117.53 ,1,in-store
T007664,C00486,"February 26, 2024",191.74,2,WEB 
T007265, C00698 ,2024-06-12T22:37:00Z,$229.19,1,Web
T005564,C00051,2024-05-13,$166.48,4,WEB 
T005767,C00657,09/01/2024,37.56,1,WEB 
T003585,C00733,2024-05-07,153.97,5,Web
T001741,C00691,12/05/2024, 119.12 ,NA,in-store
T005298,C00612,2024-10-10T19:23:00Z,51.51,5,WEB 
T004411, C00755 ,23/02/2024,$115.64,3,Web
T003239,C00274,"August 7, 2024", 145.84 ,4,WEB 
T000671,C00792,07/05/2024,1.00,2,web
T005960,C00118,20/07/2024,$142.08,3,Mobile
T006548,C00054,15/03/2024, 99.47 ,1, mobile
T005895,C00273,"November 11, 2024", 22.98 ,5,in-store
T000469,C00722,"June 3, 2024",188.03,5,Web
T001277,C00196,"June 19, 2024",$211.37,3,Mobile
T005474,C00455,2024-03-20T20:10:00Z,160.22,3,Web
T002877,C00343,2024-02-16T17:45:00Z,$98.03,1,Mobile
T001794,C00764,06/03/2024,116.13,5, mobile
T001855,C00180,"June 25, 2024", 53.50 ,4,web
T004295,C00802,2024-01-01T02:57:00Z, 121.23 ,4,web
T005176,C00381,"July 26, 2024",$251.32,2,Web
T002544,C00043,10/09/2024,67.39,4,Mobile
T006359,C00305,2024-08-28T00:48:00Z,196.59,2,in-store
T007362,C00760,2024-07-22, 3.89 ,5,in-store
T001358,C00417,2024-11-06T06:28:00Z,86.39,1,Mobile
T001739,C00316,23/04/2024, 167.72 ,2,In-Store
T005984,C00460,2024-09-02,105.77,  , mobile
T002699,C00845,2024-04-02,1.00,1,In-Store
T000860,C00567,"November 4, 2024",47.10,2,Web
T007511,C00002,"January 4, 2024", 66.15 ,2,in-store
T000418,C00635,"August 27, 2024",$181.91,3,Mobile
T006721,C00091,2024-06-17T01:22:00Z,193.56,5,in-store
T006831,C00263,2024-09-13T11:51:00Z,84.80,5,In-Store
T003478,C00488,2024-12-24T03:53:00Z,$139.41,1, mobile
T000597,C00649,"October 6, 2024",$217.86,4,in-store
T003575,C00842,2024-02-27,123.21,5,Mobile
T000038,C00388,2024-07-06T22:49:00Z,96.04,1,In-Store
T006035,C00718,"July 2, 2024", 196.31 ,5,Web
T006852,C00509,22/02/2024,$110.74,4,Web
T000510,C00490,"February 16, 2024",309.29,1,WEB 
T006532,C00424,"March 24, 2024",$246.31,2,in-store
T001226,C00512,12/05/2024,$80.52,4,Mobile
T003391,C00771,2024-04-07,$74.51,3,web
T002564,C00012,2024-07-24,111.25,4,Web
T001875,C00687,"November 4, 2024",$181.85,1,In-Store
T000054,C00342,15/12/2024, 129.41 ,1,Web
T003076,C00588,"August 7, 2024",$154.97,4, mobile
T005285,C00314,07/12/2024, 203.98 ,3,in-store
T001965,C00023,24/12/2024,$153.09,1,in-store
T002427,C00129,2024-07-15,$188.87,2,Web
T004991,C00344,2024-03-21T11:12:00Z, 1.00 ,3,Mobile
T002959,C00112,2024-03-03T01:43:00Z,149.93,5,in-store
T007300,C00802,"August 27, 2024", 185.38 ,5,Mobile
T003247,C00844,"September 14, 2024",$257.37,1, mobile
T001519,C00887,2024-02-02,137.81,1, mobile
T007543,C00633,2024-09-18,118.34,3,in-store
T007288,C00820,"February 1, 2024", 106.78 ,3, mobile
T004291,C00774,11/10/2024,$84.19,4,Mobile
T002467,C00355,"August 16, 2024",$12.17,NA,web
T006332,C00654,2024-10-06, 241.91 ,3,Mobile
T005667,C00194,2024-10-10T19:01:00Z,78.34,3,in-store
T002260,C00612,2024-04-26,152.32,5,in-store
T001894, C00478 ,2024-03-04, 246.16 ,4,in-store
T000091,C00204,2024-11-12T01:40:00Z,$109.26,5,In-Store
T000828,C00875,11/11/2024, 174.25 ,1,in-store
T004810,C00069,11/12/2024,$102.11,5, mobile
T007810,C00015,2024-12-02T13:02:00Z,$140.70,2,in-store
T004060,C00328,2024-04-20,174.41,1,In-Store
T002575,C00200,"August 20, 2024",136.04,2,web
T000644,C00116,2024-12-08,237.17,4,In-Store
T000498, C00310 ,2024-03-11T15:20:00Z, 91.32 ,5, mobile
T006603,C00794,"March 21, 2024",$145.30,4,Mobile
T006495,C00570,"December 27, 2024",$151.51,5,Web
T001574,C00667,2024-09-05T11:26:00Z,108.23,3,web
T006400,C00835,"June 15, 2024",$275.17,2,Web
T006409,C00012,2024-03-04,252.71,3,Web
T001083,C00524,2024-10-20T10:20:00Z, 186.56 ,1,web
T004450,C00513,"June 1, 2024",$59.23,1, mobile
T005415,C00378,2024-02-14,137.26,4,In-Store
T006442,C00144,2024-06-26, 65.76 ,2,Mobile
T005102,C00863,"October 20, 2024",46.02,2,web
T000690,C00643,2024-03-05, 28.68 ,5, mobile
T005161,C00122,12/10/2024,$41.77,5, mobile
T004000,C00273,03/01/2024,$60.53,2,Mobile
T005820,C00770,"April 10, 2024",43.08,5,Mobile
T004183,C00209,2024-01-04,159.05,2,Mobile
T001458,C00331,2024-06-06T18:33:00Z,$110.37,3,Mobile
T007928,C00229,"March 19, 2024",164.45,2,WEB 
T005464, C00294 ,2024-05-11,56.89,4,in-store
T001726,C00318,2024-01-07, 57.73 ,5,Web
T001807,C00816,2024-08-15T01:35:00Z,$160.57,4,WEB 
T001118,C00333,2024-11-11T04:41:00Z, 35.73 ,3,WEB 
T002235,C00015,2024-03-12,139.19,1,WEB 
T003134,C00396,2024-04-04,144.40,5,Web
T004022,C00661,2024-04-01T02:47:00Z, 166.25 ,  ,web
T004833,C00115,2024-07-19,143.59,4,In-Store
T005888,C00555,"November 19, 2024",135.74,5,in-store
T003313,C00513,"July 19, 2024",$187.51,3,WEB 
T001381,C00259,2024-02-15T02:43:00Z, 117.53 ,5, mobile
T007480,C00538,2024-05-14,80.72,4,web
T003047,C00525,02/05/2024, 104.03 ,1,in-store
T003541,C00824,"October 8, 2024",17.59,5,Web
T004461,C00631,2024-10-13,107.17,3,Web
T004773,C00027,"February 20, 2024", 154.48 ,3,Mobile
T000717,C00001,01/11/2024, 29.54 ,3,Web
T004349,C00715,2024-02-27,$103.88,2, mobile
T000942,C00897,"November 2, 2024",$9.71,3,Web
T004613,C00484,24/04/2024,$191.93,5,Mobile
T000479,C00435,2024-08-02, 95.61 ,3,Mobile
T007411,C00080,"June 2, 2024",$124.78,4,web
T001357, C00350 ,04/05/2024,143.33,5,in-store
T005934,C00824,2024-02-02,47.97,5,In-Store
T005391,C00588,22/11/2024, 106.64 ,4,Web
T001425,C00351,2024-02-19,14.99,5, mobile
T000838,C00615,2024-01-11,$171.20,1,web
T004891,C00811,2024-03-17,$140.10,4,WEB 
T005399,C00820,16/08/2024, 73.86 ,2,web
T001311,C00520,2024-04-04,$182.59,2,WEB 
T001150,C00878,28/06/2024, 249.20 ,5,Web
T001857,C00706,"January 12, 2024",122.24,5,web
T006907,C00795,2024-09-18,$135.50,2,web
T005477,C00195,01/11/2024,221.52,3,WEB 
T003473,C00007,28/06/2024, 222.80 ,2,web
T002323,C00163,2024-06-03T21:39:00Z, 189.00 ,4, mobile
T006815,C00587,"August 2, 2024",$132.50,3,web
T006950,C00628,2024-12-01,$103.55,3,WEB 
T001190,C00463,2024-01-15,$102.58,5, mobile
T000831,C00454,2024-05-21, 77.30 ,3,WEB 
T003240,C00731,07/07/2024,84.91,1,Mobile
T003099,C00174,2024-04-21,1.00,2,In-Store
T007580,C00176,2024-02-05,$134.79,N/A,Web
T005202,C00595,2024-04-12,$1.00,3,Web
T006808,C00148,2024-06-26T19:09:00Z, 69.27 ,2, mobile
T003811,C00669,2024-10-21T23:58:00Z,$119.14,2,In-Store
T004915,C00134,2024-09-25T08:56:00Z,85.90,3,in-store
T000795,C00638,2024-01-21T10:43:00Z, 189.75 ,1, mobile
T001028,C00232,2024-04-11,247.95,3,web
T003372,C00702,2024-07-19T03:24:00Z, 183.13 ,1,WEB 
T002188,C00036,2024-04-07T10:49:00Z,$67.74,3,web
T003877,C00113,"February 28, 2024", 10.42 ,5,in-store
T003628,C00403,2024-02-10,89.02,2,WEB 
T003523,C00003,19/04/2024,$149.98,  ,web
T003590,C00565,2024-12-11,$137.82,4, mobile
T000688,C00379,"August 5, 2024",$129.93,5,WEB 
T007370,C00652,2024-08-26,173.69,1,Mobile
T004027, C00550 ,20/04/2024, 35.96 ,1,In-Store
T006511, C00680 ,2024-11-26T11:37:00Z,$61.01,3,in-store
T004179, C00079 ,25/12/2024,$182.89,4,In-Store
T004506,C00837,2024-05-24T03:49:00Z, 134.95 ,2,In-Store
T004849,C00445,2024-04-14T14:46:00Z,151.52,4,In-Store
T006487,C00683,2024-01-18T20:32:00Z,64.71,2,WEB 
T002363,C00767,"February 20, 2024", 145.14 ,3,web
T002204,C00485,16/08/2024, 227.30 ,1,Web
T006091,C00702,2024-12-03,$237.81,4,web
T000049,C00483,2024-09-27,103.07,null,Mobile
T006456,C00172,26/11/2024,$38.45,5,Web
T001581,C00808,2024-12-07,158.60,2,Mobile
T000145,C00868,02/08/2024, 209.33 ,3,in-store
T000932,C00477,11/02/2024,124.60,4, mobile
T000455,C00858,"December 11, 2024",144.72,5, mobile
T000651,C00261,2024-12-27,41.49,3,WEB 
T005570,C00617,"July 24, 2024", 130.36 ,2,Mobile
T000937,C00778,16/01/2024,74.22,1,in-store
T000730, C00739 ,"March 9, 2024", 97.14 ,1,In-Store
T006114,C00498,26/06/2024,$22.33,5, mobile
T000043,C00015,2024-04-16T15:55:00Z,$167.90,4, mobile
T003706, C00769 ,06/11/2024,$87.75,1,in-store
T006657,C00461,2024-11-22,103.93,1,In-Store
T004392,C00839,"March 24, 2024", 88.95 ,1,WEB 
T002466,C00125,2024-01-13T10:41:00Z, 180.79 ,5,In-Store
T004049,C00490,"March 7, 2024",85.90,5, mobile
T000638,C00338,"June 26, 2024",146.72,2,Mobile
T002226, C00790 ,27/03/2024,190.17,1,Mobile
T000388,C00550,2024-05-23T12:01:00Z,143.38,4,Mobile
T004572,C00552,2024-02-26,106.05,2, mobile
T007899,C00351,"January 9, 2024",$142.70,4, mobile
T003424,C00239,"September 19, 2024", 99.46 ,2,WEB 
T001959,C00266,02/01/2024,70.47,2,web
T007941, C00541 ,02/06/2024,294.01,1,web
T007617,C00272,2024-06-28, 182.90 ,2, mobile
T007255,C00393,01/02/2024, 135.13 ,3,In-Store
T000520,C00843,"November 3, 2024",114.97,3, mobile
T004310,C00618,2024-08-08T19:01:00Z,$110.00,2,Web
T001079,C00154,"March 8, 2024",95.66,5,Mobile
T002381,C00702,"December 12, 2024",93.88,3,In-Store
T003980,C00615,2024-08-20,$118.03,, mobile
T002186,C00178,"November 1, 2024", 157.23 ,2,Web
T006766,C00662,2024-12-25T10:00:00Z, 117.92 ,5,WEB 
T005153,C00148,2024-10-14, 42.17 ,1,Web
T005267,C00054,"February 7, 2024", 1.00 ,1, mobile
T005627,C00370,01/10/2024, 108.09 ,2,web
T003892,C00668,2024-05-27,102.18,4, mobile
T004149,C00161,"August 22, 2024",207.54,NA,Web
T003855,C00494,2024-03-27,$174.49,2,in-store
T004427,C00251,2024-03-04T22:28:00Z,$178.48,2,web
T002933,C00563,2024-04-16T22:05:00Z,101.25,4,in-store
T004534,C00346,2024-01-20,$197.85,5,Web
T007154,C00454,"February 10, 2024",105.44,3,WEB 
T001468, C00787 ,2024-08-22,$130.68,2,In-Store
T003989,C00675,2024-09-04T07:33:00Z,$142.45,4,In-Store
T006908,C00507,2024-11-20,139.46,3,Web
T000675,C00570,04/10/2024,$134.93,4,Web
T004378,C00429,2024-01-04T03:07:00Z,133.80,5, mobile
T006688,C00703,"November 17, 2024", 115.10 ,3,In-Store
T005835,C00556,2024-11-25,114.10,5,WEB 
T004209,C00073,"April 22, 2024",131.07,4,Mobile
T004048,C00081,2024-10-16T04:27:00Z,171.07,5,Web
T003220,C00841,27/09/2024, 178.20 ,5, mobile
T003847,C00305,2024-12-24T21:07:00Z, 83.89 ,4,In-Store
T006844,C00675,2024-08-04,135.29,1, mobile
T001772,C00247,27/05/2024, 176.88 ,1,Mobile
T000663,C00374,"April 28, 2024",21.73,2,in-store
T007763,C00591,10/04/2024,135.66,4,web
T000803,C00865,2024-12-24, 72.41 ,4, mobile
T007528,C00847,23/02/2024,133.79,5,web
T006727,C00831,"July 9, 2024", 81.93 ,2,Mobile
T007805,C00369,2024-06-05T05:27:00Z,1.00,3,web
T003815,C00248,"June 6, 2024",141.15,2,Web
T006459,C00172,2024-03-21T13:17:00Z,158.71,1, mobile
T001475,C00123,2024-10-04, 66.74 ,4, mobile
T005381,C00172,2024-04-08, 106.78 ,1,Web
T000991,C00863,2024-07-05T22:06:00Z,$50.98,1, mobile
T000350,C00584,"May 2, 2024",56.47,2, mobile
T001691,C00499,14/01/2024,$209.58,4,Mobile
T005282,C00118,2024-12-28T11:20:00Z,$104.39,3,web
T003404,C00243,2024-09-05T21:03:00Z, 223.70 ,5,Web
T000833,C00684,23/04/2024, 83.25 ,1,Mobile
T004495,C00050,2024-03-20T04:40:00Z,$95.68,3,WEB 
T004945,C00360,2024-10-23, 144.57 ,4,in-store
T001761, C00528 ,2024-08-16T22:45:00Z,73.21,4, mobile
T004377,C00368,2024-02-26, 1.00 ,1,WEB 
T002428,C00507,2024-05-05, 190.67 ,3,in-store
T003460,C00547,2024-12-28T01:47:00Z,$75.01,3,In-Store
T006027, C00386 ,04/06/2024, 129.35 ,null,Mobile
T003048,C00343,2024-05-16T16:00:00Z,$236.23,3, mobile
T007546,C00046,"January 10, 2024",$62.60,4, mobile
T003830,C00786,2024-09-16T11:25:00Z,16.33,3,web
T004187, C00437 ,08/08/2024, 150.05 ,1,web
T004887,C00846,"January 5, 2024",$208.62,3,WEB 
T005080,C00140,"June 25, 2024",223.25,1,In-Store
T003804,C00028,2024-10-23,$158.66,2, mobile
T003384,C00404,12/10/2024,145.50,5,in-store
T002600,C00844,2024-04-28T11:07:00Z,$93.64,3,WEB 
T002614,C00561,2024-09-09T08:13:00Z, 189.74 ,2,in-store
T000136,C00714,2024-03-19,253.44,4, mobile
T001640,C00802,2024-04-16,125.07,2,In-Store
T000377,C00545,"August 5, 2024",$120.49,4,web
T006500,C00129,"March 24, 2024",$79.42,1,in-store
T006672,C00168,"March 20, 2024",170.80,1,In-Store
T001395,C00234,15/04/2024,197.66,1,web
T001599,C00323,11/10/2024,$102.72,2,WEB 
T003142,C00480,2024-06-27,$108.34,1,in-store
T001964,C00371,2024-05-19,$148.77,5,Mobile
T001721,C00019,"July 10, 2024", 184.16 ,4,WEB 
T002200,C00051,25/06/2024,1.00,3,Web
T006794,C00859,2024-03-16,104.07,4, mobile
T006073,C00083,17/05/2024,$165.40,2,Web
T000642,C00595,2024-03-28T03:08:00Z,178.58,5,Mobile
T004415,C00764,2024-07-24,138.10,2,In-Store
T007942,C00425,04/02/2024, 267.87 ,5,In-Store
T000203,C00754,23/11/2024,117.14,4,WEB 
T007312, C00438 ,16/12/2024, 66.71 ,3, mobile
T003813,C00189,"July 10, 2024",114.43,4,Mobile
T005140,C00504,2024-05-13,$85.40,4,WEB 
T007224,C00516,2024-05-07T22:11:00Z, 156.34 ,4,Mobile
T002479,C00877,2024-11-15,153.27,4,In-Store
T000310,C00728,2024-08-26,$181.07,2,WEB 
T003639,C00249,2024-06-13, 202.65 ,2,WEB 
T003017, C00713 ,2024-02-17T13:21:00Z,101.34,1,In-Store
T005167,C00262,"September 11, 2024",183.85,5,WEB 
T001304,C00828,07/08/2024,$89.93,5,In-Store
T006972,C00162,2024-06-27T07:34:00Z,151.33,4,web
T007607,C00191,02/09/2024, 94.41 ,5,WEB 
T007935,C00405,2024-09-02T05:25:00Z,$87.98,1,Mobile
T003476,C00541,2024-10-27T20:10:00Z,163.65,5,Web
T004537,C00215,2024-03-26,190.69,  ,web
T002277,C00668,21/05/2024, 116.34 ,2,WEB 
T003646,C00840,"September 3, 2024",$157.69,5,web
T003702, C00038 ,"August 16, 2024",145.70,1,Web
T004474, C00242 ,2024-05-07T05:47:00Z, 117.80 ,2,In-Store
T006437,C00317,12/08/2024,$142.51,4,web
T002924,C00167,2024-11-15T05:55:00Z,128.46,2,Web
T001427,C00510,16/04/2024, 193.26 ,2,Web
T005806, C00257 ,15/09/2024,188.62,5,WEB 
T001933,C00752,10/01/2024,$71.31,5, mobile
T005530,C00563,2024-02-07,136.05,3,Web
T001088,C00680,"November 5, 2024", 98.95 ,4,In-Store
T007918,C00298,2024-03-06, 162.30 ,1,In-Store
T006008,C00511,2024-11-21T06:27:00Z,$189.83,1,In-Store
T001812,C00690,28/03/2024, 140.11 ,2,in-store
T006629,C00848,2024-10-20T07:41:00Z,$179.16,1, mobile
T002100,C00337,"February 26, 2024",57.53,1,Mobile
T007798,C00198,2024-08-15, 114.26 ,1,WEB 
T000129,C00032,"October 14, 2024", 1.00 ,1, mobile
T002726,C00684,2024-04-12,108.27,2,In-Store
T000198,C00376,26/03/2024,$130.10,3,in-store
T007880,C00709,2024-09-01,80.83,3,Mobile
T004989,C00810,2024-12-10,$32.46,N/A, mobile
T000747,C00524,2024-06-02,57.59,,web
T000162,C00549,2024-05-22T00:21:00Z, 184.65 ,3,Mobile
T006594,C00058,2024-06-16T02:47:00Z,$177.15,1,In-Store
T001507,C00187,15/07/2024,132.17,  ,web
T005223,C00313,"January 24, 2024",146.51,2,Web
T002196,C00435,2024-03-08,$101.86,1,web
T005829,C00120,2024-09-27T20:33:00Z, 87.08 ,4,Mobile
T005499,C00771,2024-02-21T19:51:00Z, 239.19 ,3,Mobile
T001261,C00146,2024-08-20T15:22:00Z,159.11,4,web
T001355,C00808,22/04/2024, 197.88 ,3,Web
T000609,C00389,"August 13, 2024",$129.72,3,WEB 
T001745,C00687,09/05/2024, 116.29 ,5,in-store
T004046,C00832,20/12/2024,57.08,1,In-Store
T006752,C00802,"October 19, 2024", 94.26 ,1,In-Store
T006503,C00570,2024-05-27,$104.43,1,in-store
T002782, C00319 ,2024-11-23T11:03:00Z,83.11,3,WEB 
T000247,C00209,18/04/2024,119.24,3,Web
T000546,C00444,2024-04-04,$59.98,2, mobile
T000343,C00872,2024-08-19,$1.00,N/A,in-store
T002316,C00688,2024-07-21T06:29:00Z,108.12,2, mobile
T006203,C00429,2024-05-09,124.14,1,in-store
T000245,C00724,2024-05-16T06:20:00Z,16.89,5,web
T006365,C00549,2024-05-02T02:05:00Z,86.18,5,In-Store
T006335, C00427 ,"August 18, 2024",$113.49,4,Web
T005987,C00353,19/12/2024,$16.67,4,web
T006288,C00804,"April 18, 2024",$113.40,3,Web
T006216, C00721 ,2024-06-04T11:14:00Z,133.29,2,Mobile
T006273,C00793,14/04/2024, 229.09 ,3,In-Store
T005911,C00539,"February 23, 2024", 174.31 ,3,WEB 
T003432,C00532,26/04/2024,133.77,3,In-Store
T003585,C00733,2024-05-07,153.97,5,Web
T000891,C00703,"January 27, 2024", 151.59 ,4,WEB 
T003531, C00187 ,"June 17, 2024",117.39,5,web
T001866, C00612 ,2024-03-28T08:01:00Z, 49.57 ,4,Web
T004452,C00631,"February 24, 2024",$198.36,4,Web
T004956,C00523,"November 22, 2024",1.00,2,Web
T004981,C00626,2024-12-15, 122.14 ,2,web
T000364,C00563,2024-12-20T00:07:00Z, 92.09 ,5,in-store
T006494, C00369 ,2024-10-28T01:45:00Z,$223.18,1,Mobile
T002077,C00328,2024-11-14T12:17:00Z,$10.79,2,Web
T003104,C00792,26/11/2024,$200.68,3,Mobile
T003620, C00631 ,"July 11, 2024",$135.31,4, mobile
T007896,C00376,23/04/2024, 57.30 ,5,Web
T002883,C00669,2024-11-07,$189.56,2,WEB 
T003771,C00198,2024-06-08,$134.92,2,in-store
T004111,C00524,2024-08-16T18:04:00Z,$48.43,4,WEB 
T001147,C00641,"January 14, 2024",$88.19,1,WEB 
T001446,C00375,2024-02-27T20:35:00Z,196.48,4,web
T000552, C00413 ,2024-02-12T10:07:00Z,$24.83,1,WEB 
T001992,C00356,2024-09-25, 1.00 ,2,WEB 
T001449,C00445,"December 6, 2024",139.15,4,Web
T007879,C00718,2024-07-18, 118.14 ,3,Mobile
T004416,C00554,"April 6, 2024",111.80,4,WEB 
T001644, C00369 ,2024-12-05, 113.57 ,4,In-Store
T005327,C00765,"April 19, 2024", 5.35 ,4,web
T005732,C00547,"December 12, 2024", 119.20 ,4,WEB 
T003359,C00195,01/03/2024,196.40,5,Web
T006534,C00332,"April 3, 2024", 186.32 ,4,Web
T000109,C00874,2024-08-04T12:16:00Z,$51.92,3,in-store
T002580,C00679,2024-11-14T16:42:00Z,$155.74,5,web
T002448,C00574,01/01/2024, 108.54 ,2,web
T006123,C00736,2024-02-21T11:48:00Z,$91.79,2,WEB 
T001182,C00249,"January 27, 2024",$68.55,4,WEB 
T001094,C00168,2024-10-27,176.21,5,In-Store
T003838,C00840,2024-05-21,18.54,4,WEB 
T007166,C00609,2024-08-18T06:17:00Z,$111.76,4,web
T005748,C00739,2024-09-09T17:19:00Z, 127.97 ,5,Mobile
T005808,C00358,2024-07-16T06:50:00Z, 171.05 ,2,Web
T002604,C00500,05/04/2024,132.38,5,In-Store
T005653,C00250,2024-04-02, 208.36 ,4,In-Store
T001462,C00317,2024-02-22,$166.30,5,Web
T000626,C00435,"August 23, 2024",$179.78,3,In-Store
T007823,C00702,03/12/2024, 196.31 ,5,WEB 
T002168,C00126,01/06/2024,291.04,5,web
T000801,C00084,2024-07-13T01:05:00Z,123.30,5,Web
T003053,C00851,2024-04-01T13:16:00Z,71.84,5,in-store
T007205,C00313,2024-02-08T23:22:00Z, 168.02 ,5,In-Store
T001134,C00269,2024-10-28T12:43:00Z,$7.19,,in-store
T006185,C00123,"March 17, 2024", 159.34 ,5,in-store
T005289,C00156,2024-12-01,196.97,4,Mobile
T004151,C00530,20/07/2024,$129.94,null,Mobile
T001968,C00863,2024-08-13,$94.37,5,Web
T001306, C00507 ,"March 23, 2024", 107.24 ,4,Mobile
T004267,C00113,19/10/2024,$204.27,3,in-store
T005719,C00421,26/01/2024,$167.10,,In-Store
T002676,C00341,"January 26, 2024",113.87,4,In-Store
T007385, C00270 ,2024-05-17T19:51:00Z,105.19,1, mobile
T003071,C00583,2024-08-08, 146.99 ,N/A,Mobile
T003439,C00072,04/11/2024,163.23,,in-store
T006411,C00036,2024-09-23, 30.63 ,1,in-store
T004972,C00442,"May 22, 2024",222.75,3,web
T004986,C00405,13/07/2024,$203.55,4,in-store
T003479,C00875,"January 9, 2024",$158.22,2,in-store
T006771,C00172,2024-10-06,$39.29,3,in-store
T000614,C00266,"July 28, 2024", 159.06 ,4, mobile
T002407,C00189,"September 11, 2024",$109.06,5,in-store
T003049,C00665,2024-11-22, 99.03 ,1,In-Store
T002507,C00351,04/10/2024,120.10,1,Mobile
T006514,C00615,2024-12-23, 177.47 ,1,Web
T002132,C00651,"September 11, 2024",$1.00,2,in-store
T001332, C00685 ,"September 24, 2024",72.23,1,WEB 
T004764,C00157,2024-11-22T02:34:00Z,49.36,2,WEB 
T002740,C00311,"December 4, 2024",$94.69,3,WEB 
T001517,C00458,2024-03-06T04:55:00Z,$121.42,3,Mobile
T006066, C00167 ,17/07/2024,107.98,5,Mobile
T001683,C00567,2024-09-23T16:08:00Z,$116.19,3,Mobile
T002572,C00896,2024-02-11,152.32,4,web
T007756,C00639,18/05/2024,$126.55,1, mobile
T004439,C00216,2024-06-24,51.03,5,WEB 
T007549,C00042,2024-09-17T22:45:00Z,$135.91,3,Web
T000496,C00249,04/05/2024,$208.59,4,web
T002459,C00727,"December 26, 2024",$63.16,1,web
T005845,C00029,2024-03-26, 82.08 ,2, mobile
T002554,C00500,2024-01-25,$113.87,2,WEB 
T003676,C00566,2024-10-02,72.12,5,in-store
T000590,C00040,"June 9, 2024",97.45,3,WEB 
T007472,C00583,"February 1, 2024", 127.72 ,4,Mobile
T001684,C00483,"October 1, 2024", 175.68 ,3,in-store
T007067,C00893,"March 14, 2024",121.39,1,WEB 
T001672,C00026,2024-09-24T04:26:00Z,138.08,5, mobile
T007501,C00515,09/01/2024, 204.57 ,2, mobile
T003803,C00871,2024-04-08T11:50:00Z, 159.63 ,4,WEB 
T001751,C00325,10/05/2024, 9.25 ,1, mobile
T000408, C00684 ,2024-02-04T05:01:00Z,71.30,1,WEB 
T004226,C00459,2024-07-01,80.59,4,web
T006454,C00874,2024-12-24,$115.82,2,WEB 
T001116,C00122,01/12/2024,$100.09,2, mobile
T001036,C00153,2024-01-08T02:36:00Z, 144.01 ,  ,web
T005663,C00321,2024-12-12T11:02:00Z, 58.36 ,1, mobile
T007841,C00634,07/09/2024,$86.36,1,In-Store
T002035, C00766 ,2024-04-12T06:22:00Z,75.85,1,Web
T002754,C00620,2024-09-27, 73.78 ,NA,WEB 
T000268,C00472,2024-02-09T03:38:00Z,47.13,4,In-Store
T006992,C00111,2024-07-27T12:23:00Z,$145.29,1,in-store
T002530,C00630,22/05/2024,$110.21,,in-store
T007661,C00364,2024-08-03T01:36:00Z,1.00,2,web
T005439,C00368,05/10/2024,$1.00,4,Web
T004710,C00014,"May 27, 2024",214.14,4,web
T002041,C00252,"October 13, 2024",215.23,3,in-store
T006694,C00329,"April 8, 2024", 9.92 ,5,in-store
T007758,C00298,11/02/2024,$197.08,5,in-store
T003267,C00174,2024-03-20,$217.29,5,WEB 
T000290,C00083,"June 10, 2024",$91.67,1,Web
T004652,C00418,2024-11-08T07:33:00Z,46.70,5,WEB 
T006784,C00469,24/09/2024, 79.02 ,3,Mobile
T003805,C00275,01/07/2024,$166.57,1, mobile
T002039,C00082,2024-07-06, 150.51 ,2,web
T007087,C00634,"April 16, 2024",$37.16,5,Web
T006294, C00471 ,13/07/2024,$180.49,4, mobile
T001941,C00485,"March 5, 2024", 276.01 ,3, mobile
T005478,C00896,2024-04-18T20:26:00Z,$270.32,4,web
T005501,C00015,2024-03-23T03:13:00Z,192.69,1,web
T005873,C00140,"July 4, 2024", 223.21 ,5,In-Store
T005433, C00681 ,"April 6, 2024", 83.32 ,1,Web
T003021,C00150,2024-05-21,$1.00,2, mobile
T003161,C00040,"August 23, 2024",$108.92,1,Web
T002047,C00843,2024-03-08, 208.92 ,1,WEB 
T007820,C00165,2024-01-25T23:49:00Z,$1.00,4,Web
T003598,C00407,"January 13, 2024", 77.64 ,5,WEB 
T003148,C00409,2024-09-02,76.56,3, mobile
T001709,C00190,2024-11-04,$74.39,4,Mobile
T000326,C00043,"January 13, 2024",$143.76,5,in-store
T004348,C00880,19/10/2024, 272.86 ,5,Mobile
T004425,C00457,2024-12-19,189.69,1,Mobile
T005044,C00611,04/01/2024,$127.21,5,web
T005370,C00703,04/12/2024, 264.24 ,5,web
T007796,C00658,2024-04-07T22:36:00Z,134.84,NA,Mobile
T001080, C00579 ,2024-06-28T00:02:00Z,88.77,5,In-Store
T005408,C00029,2024-04-05T05:51:00Z,101.22,1,Web
T005254, C00755 ,2024-04-24,$1.00,3, mobile
T000047, C00477 ,2024-03-18T00:30:00Z,$70.91,2,In-Store
T002526,C00415,2024-02-08T15:47:00Z,$85.96,5, mobile
T003487,C00426,2024-04-05T11:50:00Z, 188.79 ,3,Web
T003967,C00836,"July 18, 2024",$119.87,3,WEB 
T004029,C00291,2024-02-16T01:39:00Z, 196.34 ,4,in-store
T006616,C00534,2024-10-06T22:50:00Z, 92.40 ,3,WEB 
T006171,C00725,2024-10-06,$97.27,4,In-Store
T003152, C00049 ,03/01/2024,$326.27,2, mobile
T006070,C00012,2024-07-02, 58.21 ,1,WEB 
T003164, C00863 ,2024-08-17,116.02,1, mobile
T003025,C00722,14/08/2024,92.62,2,in-store
T004597,C00635,"June 17, 2024",$68.57,5,WEB 
T003687,C00309,"March 27, 2024",10.16,  ,Web
T002228,C00627,2024-07-11,223.57,1,WEB 
T004520,C00872,"September 5, 2024", 10.47 ,5, mobile
T007367,C00195,2024-07-03,163.95,5,Web
T001093,C00257,2024-02-24T01:34:00Z,$1.00,null,in-store
T007716,C00547,"November 13, 2024", 42.79 ,4, mobile
T001367,C00832,2024-08-02,$38.78,3,Mobile
T003086,C00603,2024-09-02,52.04,3,in-store
T007535,C00711,18/03/2024,$227.82,1, mobile
T002611,C00052,27/11/2024, 151.98 ,2,web
T002688,C00519,2024-03-24T16:35:00Z, 194.36 ,,Web
T004995, C00550 ,16/11/2024, 157.03 ,2,in-store
T001815,C00052,10/04/2024,97.94,,Web
T004466, C00011 ,2024-08-12,187.72,2,in-store
T000834,C00645,2024-09-03,119.63,5,in-store
T002862, C00576 ,25/07/2024,169.21,1, mobile
T002446,C00151,03/04/2024, 129.12 ,3,In-Store
T002936, C00686 ,2024-06-08,134.85,5,WEB 
T007794,C00162,2024-02-20T13:54:00Z,$1.00,3,in-store
T003828,C00472,2024-09-03T21:29:00Z,1.00,3,Mobile
T005428,C00840,12/04/2024,97.20,5,web
T002144,C00693,13/01/2024,127.87,,Mobile
T004517, C00806 ,2024-08-23T03:49:00Z,$41.45,3,in-store
T005204,C00837,2024-06-13T21:51:00Z,$8.28,5,In-Store
T002300,C00546,2024-07-12,87.22,3,Mobile
T005509,C00695,"July 1, 2024", 203.55 ,5,in-store
T000269,C00878,2024-09-16T19:33:00Z,$210.05,1,Mobile
T002115,C00198,"July 17, 2024",158.23,1,Web
T005392,C00377,2024-09-11T23:38:00Z, 75.49 ,4, mobile
T005467,C00119,"July 8, 2024", 119.03 ,1,WEB 
T001344,C00107,2024-07-14T06:45:00Z,$154.53,5,web
T005449,C00617,"May 22, 2024",23.22,2,web
T001473,C00275,2024-05-23,$112.87,5,Web
T003604,C00674,2024-10-15,127.99,4,Mobile
T004700,C00105,2024-08-19,$121.81,5,In-Store
T003383,C00592,2024-06-06,$56.65,1,Mobile
T004412,C00646,"May 6, 2024",$75.76,4,in-store
T004888,C00697,"September 18, 2024",50.23,1,In-Store
T007610,C00168,2024-06-10, 122.08 ,3,in-store
T005514,C00164,"May 5, 2024",196.30,3,Web
T005055,C00196,13/07/2024,134.85,,In-Store
T005138,C00235,06/09/2024, 62.41 ,1, mobile
T004410,C00147,2024-02-02, 59.05 ,3,web
T004881,C00529,2024-10-06, 55.78 ,4,In-Store
T007757,C00174,03/06/2024, 125.11 ,1,in-store
T002865,C00833,06/09/2024,$110.19,2,Mobile
T001414,C00664,2024-08-22,$34.29,2,WEB 
T000966, C00021 ,2024-10-16,186.99,5,in-store
T003317, C00167 ,01/12/2024, 130.73 ,1,web
T002585,C00273,2024-10-04T07:02:00Z,$55.82,2,web
T002255,C00743,2024-03-11, 99.21 ,4,Web
T003299,C00005,2024-07-15T19:11:00Z,30.39,4,Web
T003474,C00788,2024-06-20T22:32:00Z,136.41,5,web
T007246,C00786,2024-12-06,214.95,2,Mobile
T007234,C00778,"December 1, 2024",$127.40,1,WEB 
T002724, C00865 ,19/02/2024,181.71,3,web
T001977,C00392,"December 11, 2024",$12.21,N/A,In-Store
T001743,C00567,2024-05-21,94.86,3,Web
T002793,C00617,2024-02-12T02:17:00Z, 68.51 ,3,web
T007862,C00154,07/01/2024, 164.57 ,5,Mobile
T005187,C00031,03/03/2024, 181.04 ,2,Mobile
T007055,C00862,2024-11-16,137.47,5, mobile
T001068,C00499,2024-12-12,$156.83,4,In-Store
T006723,C00065,2024-07-08,$162.39,5,web
T001953, C00482 ,2024-06-04T14:00:00Z,$54.72,4,WEB 
T002946,C00277,2024-06-18,141.16,null,WEB 
T007852, C00177 ,13/05/2024,176.93,1,in-store
T002317,C00670,27/10/2024, 85.95 ,1,WEB 
T005401,C00747,2024-01-16T10:44:00Z, 86.66 ,5, mobile
T006976,C00792,05/06/2024,$166.46,null,web
T003675,C00326,2024-04-03,94.97,5,WEB 
T001353,C00752,"June 5, 2024", 190.85 ,5,In-Store
T004180,C00133,2024-05-16,160.16,2,Mobile
T002996,C00498,17/06/2024,$28.80,N/A,in-store
T006056,C00530,2024-07-24, 166.10 ,5,Web
T001274,C00587,2024-03-28,$93.70,4,in-store
T003640,C00555,06/06/2024,$191.85,3,web
T001658,C00178,2024-10-19,73.20,3, mobile
T007503,C00354,21/03/2024,$64.30,null,Mobile
T001869,C00758,13/10/2024, 165.36 ,3,in-store
T005180,C00753,05/02/2024,$64.37,5,Web
T001471,C00679,2024-01-06T09:39:00Z, 110.19 ,4,In-Store
T004927,C00019,"February 26, 2024",1.05,5,WEB 
T006760,C00837,2024-09-02T10:43:00Z, 175.15 ,1,In-Store
T007825,C00740,2024-03-13T17:34:00Z,105.26,4,Mobile
T003417,C00636,"September 28, 2024",$126.28,3,Web
T001652,C00693,05/04/2024, 172.34 ,1,in-store
T006742,C00258,2024-06-22T09:49:00Z,$175.79,3, mobile
T006357,C00753,2024-03-23T02:09:00Z,$77.75,1,Web
T005349,C00288,2024-03-27, 81.88 ,1,Web
T000155, C00377 ,02/03/2024,109.73,5,WEB 
T005894, C00523 ,"September 5, 2024",240.99,2,web
T006314,C00588,"October 17, 2024",1.00,4,Mobile
T005249,C00786,"September 9, 2024",$65.78,1,web
T001478,C00590,21/07/2024, 205.84 ,1,WEB 
T002914,C00343,15/04/2024, 155.76 ,4,WEB 
T001665,C00224,05/10/2024, 48.13 ,3,web
T000294,C00758,"April 28, 2024",155.59,4,Mobile
T002601,C00305,2024-11-27T08:40:00Z,19.28,1,WEB 
T007622,C00190,"March 16, 2024",156.72,5,In-Store
T005712,C00001,2024-02-23, 105.74 ,1,Web
T004325,C00009,"February 14, 2024", 40.16 ,3,Mobile
T004763,C00435,"March 20, 2024",$1.00,1,Web
T003996,C00101,2024-01-19T17:15:00Z, 42.02 ,4,web
T002684,C00897,2024-07-02,141.53,1, mobile
T003868,C00174,02/11/2024,$126.35,5,in-store
T007606,C00219,"October 16, 2024",203.39,4,WEB 
T001145,C00304,2024-03-02, 198.47 ,5, mobile
T001938,C00199,"August 6, 2024", 59.96 ,2,in-store
T007435,C00808,2024-08-02T20:55:00Z,205.55,2,WEB 
T007310,C00225,2024-12-21T12:02:00Z, 90.87 ,2,Mobile
T003248,C00154,13/07/2024, 182.51 ,2,in-store
T000001,C00635,13/07/2024, 118.95 ,N/A,web
T002799,C00207,"December 10, 2024",14.92,2,Mobile
T002868,C00600,2024-12-20T09:28:00Z,88.61,2,Mobile
T004592,C00671,2024-04-17T20:59:00Z, 86.95 ,3, mobile
T005715,C00352,22/11/2024,$159.72,3,WEB 
T005571,C00778,2024-02-03T11:37:00Z,66.27,4,In-Store
T005066,C00469,2024-06-07T09:25:00Z,257.77,,Web
T006353,C00032,2024-02-23T16:10:00Z,$173.80,3,Web
T007505,C00446,"April 26, 2024", 110.36 ,1,Web
T005191,C00662,"February 24, 2024",229.09,1, mobile
T000752,C00529,"April 5, 2024", 111.33 ,3,web
T005868,C00299,2024-02-04T18:50:00Z,$153.12,1,in-store
T000534,C00444,2024-06-15T10:26:00Z, 192.80 ,3,Mobile
T000653,C00165,2024-09-16T04:10:00Z, 109.57 ,5,web
T005729,C00611,2024-02-18T17:47:00Z, 100.69 ,3,WEB 
T003196,C00834,"June 28, 2024",$180.79,2,web
T002391,C00235,"July 2, 2024", 47.48 ,1,In-Store
T004931,C00016,"September 4, 2024",$100.70,3,in-store
T003409,C00755,2024-09-15, 145.95 ,1,WEB 
T002631, C00202 ,2024-01-02,128.95,3,Mobile
T002981, C00218 ,2024-12-06T12:41:00Z,118.75,NA,Mobile
T002070,C00683,"December 13, 2024",$153.85,4,web
T002766,C00800,"September 5, 2024", 38.10 ,4,web
T007819,C00607,"August 11, 2024",245.21,4,Web
T001288,C00110,2024-05-07T17:56:00Z,$77.91,3,WEB 
T007327,C00071,05/08/2024,110.46,5,In-Store
T002174,C00240,2024-12-11T06:53:00Z, 68.15 ,1,Mobile
T002050,C00023,2024-10-18T11:03:00Z,$107.10,5,in-store
T004449,C00156,2024-07-24,$240.61,1,In-Store
T007739,C00727,"August 18, 2024", 7.68 ,2, mobile
T004723,C00680,01/08/2024,111.24,4,Mobile
T002620,C00652,25/06/2024, 106.40 ,1, mobile
T005658,C00004,27/03/2024,$109.78,3,in-store
T007781,C00427,28/02/2024,196.91,1, mobile
T006636, C00472 ,2024-11-10T16:03:00Z,$1.00,2,In-Store
T005919,C00745,2024-12-09T17:33:00Z,$152.77,3,Web
T002151,C00231,14/07/2024,$1.00,2,web
T002907,C00776,20/09/2024,1.00,5,in-store
T006709,C00618,"June 7, 2024",$106.06,, mobile
T007447,C00127,21/11/2024,$48.14,1,WEB 
T005932,C00310,2024-11-10T00:18:00Z,179.18,1, mobile
T007361,C00215,"November 28, 2024",$136.06,4,Web
T003581,C00436,2024-12-27T05:34:00Z, 41.32 ,3,In-Store
T003863,C00188,2024-02-28T04:20:00Z, 339.75 ,3,Mobile
T005814,C00867,2024-12-04,$108.55,4,Mobile
T006857,C00235,"June 20, 2024",89.97,3,web
T005590,C00749,"September 18, 2024", 61.11 ,2,in-store
T005936,C00055,2024-12-17, 78.19 ,2,in-store
T003852,C00652,2024-11-27T06:14:00Z, 170.65 ,2,web
T001579,C00813,11/10/2024,$110.27,1, mobile
T002779,C00330,26/12/2024,65.91,3,web
T003985, C00302 ,"March 23, 2024",110.59,5,Web
T005567,C00599,"May 11, 2024",$170.56,4,Mobile
T006802,C00221,11/06/2024, 35.06 ,5,web
T003296,C00220,"July 4, 2024", 49.50 ,2,Web
T006188,C00840,25/07/2024,136.67,5,WEB 
T007954,C00560,02/07/2024, 153.21 ,1,in-store
T007963,C00754,21/03/2024,$153.14,2, mobile
T003648,C00280,2024-04-14T13:16:00Z,$11.77,null, mobile
T000724,C00018,2024-12-25T12:58:00Z, 85.03 ,2,web
T003113,C00542,2024-08-06, 158.98 ,4,in-store
T006386,C00726,2024-09-01T23:46:00Z,154.53,4,Mobile
T003537,C00549,2024-02-04T15:02:00Z, 67.67 ,1,in-store
T003660,C00100,2024-01-14T03:16:00Z, 81.37 ,5,Mobile
T000242,C00096,09/03/2024,$125.25,2,Mobile
T001692,C00617,2024-11-04, 71.20 ,1,Mobile
T007051,C00580,2024-11-07T21:32:00Z,171.88,5,Web
T006919,C00320,2024-08-15,$162.70,3,web
T000631, C00634 ,2024-05-18T12:25:00Z,$166.38,2, mobile
T006728,C00198,2024-05-26T22:03:00Z, 230.00 ,3,in-store
T003920,C00170,2024-10-01, 192.88 ,5,in-store
T007287, C00015 ,05/05/2024, 102.45 ,2,Web
T000477,C00058,"December 16, 2024", 150.54 ,4,WEB 
T001725,C00139,01/11/2024,$137.88,2,web
T006770,C00524,2024-09-22T17:45:00Z,$58.93,1, mobile
T004083,C00400,"June 28, 2024",$89.56,5,Web
T007530, C00646 ,2024-11-13T11:33:00Z, 36.87 ,3,Web
T002949,C00405,"November 6, 2024",$1.00,1,in-store
T002372,C00537,04/03/2024,$35.24,null,Web
T006136,C00678,2024-08-04T15:09:00Z,100.16,5,In-Store
T007906,C00477,2024-11-22,174.67,1,Mobile
T000192,C00726,"March 17, 2024",161.62,2, mobile
T001617,C00534,"March 16, 2024", 1.00 ,2,in-store
T007302,C00130,2024-05-20,68.79,4,Mobile
T007476,C00327,"June 21, 2024",$81.85,5,WEB 
T004733,C00655,11/09/2024, 62.83 ,3,Web
T005354,C00408,"December 18, 2024",136.32,5,Mobile
T001718,C00580,22/12/2024,1.00,2,web
T002146,C00274,"July 25, 2024",$85.94,5,In-Store
T001100,C00803,"July 18, 2024",131.59,5, mobile
T006336,C00531,2024-11-24,100.81,3,In-Store
T006653,C00459,2024-03-10T05:07:00Z,$169.31,2,In-Store
T000202,C00800,2024-06-26T20:21:00Z,64.75,1, mobile
T000709,C00261,2024-04-19,62.60,1,Mobile
T006817,C00657,"September 4, 2024", 1.00 ,2,in-store
T007230,C00360,2024-03-18,159.16,2,in-store
T007923,C00507,11/12/2024, 154.36 ,5,In-Store
T002108,C00020,2024-07-06,$114.05,5,Web
T001452,C00779,2024-09-19T15:00:00Z,26.93,1,WEB 
T003754,C00508,"September 18, 2024", 115.59 ,3,WEB 
T006789,C00175,2024-11-27,$109.09,3,Mobile
T004985,C00744,03/07/2024,$118.94,5,Mobile
T001284,C00098,"January 23, 2024", 148.41 ,4,in-store
T007198,C00106,2024-08-11,15.59,1,WEB 
T001091,C00714,2024-07-05T00:28:00Z,1.00,2,Web
T005578,C00425,2024-12-26T20:16:00Z, 150.43 ,2, mobile
T006974,C00530,2024-04-26T09:57:00Z, 3.97 ,2,in-store
T005232,C00312,"May 25, 2024", 209.02 ,1,WEB 
T002019,C00505,19/02/2024,$139.25,5, mobile
T002810,C00250,"December 1, 2024",155.29,1,in-store
T005617,C00190,2024-08-06T23:17:00Z, 161.61 ,1,In-Store
T002836,C00482,15/10/2024,$88.64,5,In-Store
T004776,C00368,"January 1, 2024",$128.57,2,Mobile
T001047,C00261,2024-01-25T17:31:00Z, 94.52 ,5,WEB 
T005309, C00776 ,"June 7, 2024",$128.70,2,in-store
T007259,C00720,20/03/2024,$46.65,1, mobile
T004641,C00152,13/10/2024, 240.24 ,5,web
T005385, C00299 ,2024-02-09T14:47:00Z,89.54,1,web
T002131, C00003 ,16/08/2024,130.04,4,web
T002452,C00256,13/02/2024,$48.68,3,In-Store
T000177,C00547,2024-07-09T06:23:00Z,147.96,4,Web
T003452,C00453,10/10/2024,$121.23,5,in-store
T002358,C00805,"March 10, 2024",244.32,1,web
T001273,C00610,2024-05-18,$59.65,1,Mobile
T005956,C00746,2024-04-14T02:25:00Z, 11.31 ,null,In-Store
T002439,C00442,2024-11-20, 115.60 ,5,Mobile
T005060, C00340 ,"February 28, 2024",$22.90,3,In-Store
T004142,C00642,2024-12-25T18:46:00Z,$166.49,5,Mobile
T001531,C00085,08/03/2024, 84.94 ,1,WEB 
T006232,C00155,2024-05-20T19:04:00Z,58.27,3,WEB 
T003689,C00483,2024-07-15T11:51:00Z,185.37,1,Web
T003184,C00081,2024-05-01,59.26,3,In-Store
T000066,C00874,2024-12-08T10:55:00Z,28.39,5,web
T005801, C00120 ,2024-03-13T17:44:00Z,30.24,3,WEB 
T004296,C00457,"November 3, 2024", 144.02 ,null,Mobile
T004189,C00511,05/06/2024,$67.43,2,WEB 
T004874, C00606 ,"June 10, 2024", 87.55 ,4, mobile
T003178,C00636,"February 7, 2024",$122.69,3,WEB 
T001557,C00186,2024-01-08T00:26:00Z,184.58,4,In-Store
T005838,C00040,2024-10-24,166.65,2,WEB 
T005022,C00518,"December 12, 2024",$54.11,4,Mobile
T005008,C00357,2024-10-22T15:32:00Z, 10.44 ,4,In-Store
T001205,C00395,"May 2, 2024", 194.10 ,4,Mobile
T005120,C00310,2024-04-09T19:36:00Z,172.10,2,web
T002253,C00538,2024-04-16,60.42,4,WEB 
T001570,C00555,2024-05-16,$1.00,4,in-store
T006764,C00885,06/09/2024,$109.25,2,WEB 
T003986,C00625,2024-01-24,$191.39,5,in-store
T003674,C00242,"May 21, 2024", 141.89 ,4, mobile
T002890,C00729,2024-06-08, 1.00 ,1,web
T006902, C00410 ,19/09/2024,116.48,2,in-store
T004447,C00050,"December 25, 2024", 60.64 ,1,Web
T007082,C00586,2024-02-22,$122.73,1,Web
T001238,C00736,2024-12-24T18:01:00Z,$156.07,1,Mobile
T000110,C00711,2024-11-25T01:47:00Z, 155.94 ,5,in-store
T007582,C00267,2024-12-07, 34.68 ,5, mobile
T007583,C00580,2024-05-13T04:47:00Z, 71.62 ,4,In-Store
T001054,C00052,06/12/2024, 150.87 ,4, mobile
T002679,C00678,2024-03-09T17:15:00Z, 219.97 ,1, mobile
T005775,C00845,2024-03-01,38.41,5, mobile
T004740,C00061,2024-09-18,70.53,4,WEB 
T005434,C00220,2024-09-20,131.45,3,Mobile
T007217,C00083,"April 22, 2024", 135.77 ,1,WEB 
T002750,C00126,2024-06-11T18:48:00Z, 121.52 ,3,web
T006582,C00455,2024-11-09T12:50:00Z, 130.57 ,null,In-Store
T006297,C00085,2024-12-17T05:24:00Z,198.72,3,web
T005710,C00685,2024-05-20, 38.96 ,1,in-store
T005526,C00167,2024-01-22T14:51:00Z,38.23,5,web
T005085,C00360,2024-02-20T12:49:00Z,184.59,3,in-store
T005890,C00531,2024-10-10T04:33:00Z,61.22,1,Mobile
T002290,C00585,"October 23, 2024", 131.03 ,1,In-Store
T004559,C00329,12/12/2024,$93.44,2,web
T002791,C00824,13/09/2024,63.56,4,Web
T005576,C00236,17/07/2024,$100.36,5,Web
T003658,C00622,"March 10, 2024",88.70,3,WEB 
T006988,C00369,01/11/2024, 178.20 ,5,web
T003045,C00039,05/08/2024,$1.53,2,In-Store
T003070,C00394,2024-03-11T05:56:00Z,$75.95,3,In-Store
T003034,C00216,2024-05-05,$206.25,3,in-store
T004699,C00246,"May 5, 2024",152.02,1,in-store
T002106,C00751,"July 9, 2024",165.26,5, mobile
T001014, C00731 ,2024-05-27, 107.36 ,3,in-store
T002858,C00291,2024-12-05T09:02:00Z,$83.80,2, mobile
T002997,C00189,2024-11-16,$186.13,5,Web
T006018,C00533,"February 13, 2024",219.35,1,WEB 
T003295, C00622 ,2024-07-22,204.73,2,In-Store
T007381,C00467,2024-01-21, 137.69 ,1,WEB 
T000327,C00517,"November 26, 2024",39.15,3, mobile
T004682,C00480,23/03/2024,187.72,2,In-Store
T003143,C00463,2024-11-01T05:04:00Z,$63.36,2, mobile
T006434,C00210,02/04/2024,$122.61,1,web
T007416,C00016,2024-03-13T06:44:00Z, 50.90 ,5, mobile
T004519,C00189,"February 19, 2024",$65.42,4,in-store
T000635, C00172 ,25/03/2024, 131.02 ,5,web
T007077,C00681,21/03/2024, 134.18 ,4, mobile
T004484,C00084,2024-01-17T12:49:00Z, 75.19 ,4,Web
T002281,C00033,"July 3, 2024", 136.85 ,5,Mobile
T006092,C00598,2024-12-19,$138.70,4,In-Store
T003230, C00272 ,"July 10, 2024",$99.67,5,in-store
T007063, C00596 ,2024-10-11T19:27:00Z, 52.21 ,1, mobile
T001229,C00227,2024-01-19T20:42:00Z, 158.50 ,5,web
T000524, C00488 ,2024-10-11T15:34:00Z,$36.74,1,web
T001989,C00812,"September 23, 2024",69.09,2,WEB 
T005555,C00249,2024-06-14T15:10:00Z,50.30,3,In-Store
T003110, C00560 ,2024-04-19T22:59:00Z,196.63,NA,In-Store
T003271,C00392,"November 3, 2024",$106.84,4,Mobile
T002711,C00667,21/04/2024,$46.86,1,In-Store
T002411,C00181,"March 17, 2024",$93.96,1,In-Store
T007093,C00816,2024-10-09T04:46:00Z,$101.97,3,web
T000538,C00802,2024-05-05,$53.95,2,Mobile
T000385,C00073,2024-10-04,84.04,5,in-store
T001138,C00810,2024-02-16,$96.25,3,Mobile
T000687,C00708,06/12/2024,1.00,1,In-Store
T006430,C00113,22/10/2024, 20.18 ,2,in-store
T002022,C00253,01/08/2024, 180.70 ,5,In-Store
T006941,C00556,09/11/2024,$184.40,4,Mobile
T007989,C00578,09/01/2024,$79.14,2,Web
T003684,C00799,2024-06-21T15:56:00Z, 147.92 ,4,in-store
T003692,C00147,2024-02-22,149.71,3,Web
T005213,C00596,06/05/2024,181.48,3,Web
T000578,C00213,2024-06-03T22:43:00Z,210.47,5,In-Store
T004135,C00632,2024-06-19,137.29,4,in-store
T000217,C00393,22/03/2024,$49.01,4,In-Store
T004283,C00436,2024-01-01T11:16:00Z,96.84,1,In-Store
T006219,C00892,09/04/2024, 195.20 ,1,Mobile
T001948,C00589,"November 9, 2024",125.02,3,Mobile
T000321,C00295,2024-02-18,148.51,5,in-store
T005809,C00311,"August 2, 2024", 238.20 ,2,In-Store
T006383,C00119,2024-07-13, 215.68 ,2,web
T004940,C00211,01/07/2024,31.25,  ,web
T003489, C00032 ,09/05/2024,233.57,5,Mobile
T007930,C00415,12/02/2024,$55.90,3,In-Store
T006951, C00732 ,21/12/2024,69.75,3,Web
T000749,C00363,"October 11, 2024",$98.24,3,Mobile
T002410, C00223 ,"February 13, 2024",108.68,5,WEB 
T006153,C00082,08/11/2024, 155.57 ,4,WEB 
T006570,C00024,2024-11-21T09:24:00Z,$144.74,  ,Web
T005473,C00354,"June 10, 2024", 54.06 ,1,web
T002385,C00264,"December 5, 2024", 58.12 ,2,in-store
T003844,C00549,2024-10-11T01:48:00Z,$92.49,4, mobile
T003673,C00897,2024-06-15,134.36,3, mobile
T000094,C00562,2024-12-05T11:29:00Z,86.11,1,in-store
T000373,C00622,12/02/2024, 162.98 ,1,Web
T003272, C00260 ,2024-03-20,128.37,4,in-store
T007293,C00144,2024-06-17,133.32,  ,In-Store
T000281,C00840,22/02/2024, 283.16 ,5,WEB 
T006234,C00683,14/06/2024,$116.91,4, mobile
T005061,C00099,28/01/2024,$79.71,4,in-store
T001671,C00482,17/09/2024,191.91,5,In-Store
T000250,C00674,01/04/2024,$191.65,1,In-Store
T003781,C00019,02/08/2024,224.89,3,WEB 
T003465,C00149,2024-06-05,$131.40,1,Web
T003482, C00366 ,23/04/2024,$42.74,2, mobile
T005404,C00280,"September 11, 2024",186.35,5,WEB 
T005302, C00795 ,"July 24, 2024",6.73,3,In-Store
T002690,C00259,2024-03-16T07:08:00Z,$69.91,4,web
T000309,C00145,"February 10, 2024",$134.13,3,in-store
T006866,C00693,14/09/2024,218.72,1,Web
T007709, C00718 ,2024-12-24,$57.63,2,in-store
T000341,C00041,"June 5, 2024",$76.33,2,Web
T001149, C00691 ,09/04/2024, 100.17 ,4,in-store
T005974, C00866 ,2024-06-26,142.94,1, mobile
T000639, C00335 ,"July 1, 2024",205.52,5,WEB 
T004759,C00717,10/04/2024,224.29,2,in-store
T005656,C00459,2024-12-12T01:50:00Z,177.25,3,in-store
T001486,C00069,2024-12-27T21:53:00Z,152.90,3,Mobile
T007881,C00385,05/07/2024,235.39,5,In-Store
T007027,C00105,2024-11-16T07:51:00Z,$162.71,5,In-Store
T006474,C00674,19/08/2024,$158.52,4,in-store
T001115,C00382,"December 5, 2024",$60.12,4,in-store
T004838,C00235,2024-04-25T04:49:00Z, 167.80 ,5, mobile
T007319,C00246,08/04/2024, 33.42 ,5,web
T002630,C00832,2024-09-16, 1.00 ,4,Web
T006081,C00843,2024-11-23,$220.78,1,Web
T007304,C00435,2024-12-09,$119.55,4,Web
T003984,C00453,"January 9, 2024",$93.22,3,In-Store
T005316,C00887,2024-06-27,39.19,3, mobile
T002734,C00257,2024-11-28,95.77,2,WEB 
T003458,C00305,12/07/2024, 48.27 ,2,Web
T005350, C00287 ,2024-05-05,$148.14,5,Web
T007642,C00074,14/02/2024,$73.34,null,In-Store
T000585, C00569 ,2024-09-09,134.53,2,WEB 
T002871,C00737,2024-02-13T06:18:00Z,74.38,1,Web
T000424,C00153,2024-12-20T11:17:00Z,$57.08,5,Mobile
T006167,C00497,2024-06-04T13:41:00Z, 260.57 ,3,in-store
T006713,C00738,"May 28, 2024",24.97,2, mobile
T002902,C00379,2024-04-22,56.80,5,WEB 
T002633,C00533,2024-04-27T00:04:00Z,$145.24,4,web
T006136,C00678,2024-08-04T15:09:00Z,100.16,5,In-Store
T003447,C00487,2024-12-14T14:38:00Z,197.29,3,In-Store
T004212,C00501,12/09/2024,$316.92,4,Web
T000788,C00014,2024-01-01,$23.22,4,Mobile
T006655,C00527,15/02/2024, 96.65 ,2,WEB 
T000578,C00213,2024-06-03T22:43:00Z,210.47,5,In-Store
T004235,C00722,2024-09-13T06:27:00Z,185.49,5,Web
T005779,C00721,2024-09-11, 66.25 ,2, mobile
T004704,C00790,"September 19, 2024", 59.35 ,4,Mobile
T006785,C00756,2024-10-15, 182.48 ,2,Web
T005221,C00244,13/11/2024,124.77,5,in-store
T001364,C00650,"January 10, 2024",3.45,5,Web
T006559,C00487,2024-01-11, 34.90 ,4,In-Store
T004600,C00223,"September 19, 2024", 1.00 ,1,WEB 
T005879,C00116,2024-01-01T20:59:00Z, 163.72 ,1,WEB 
T002834,C00119,2024-06-02,130.48,1,WEB 
T004428,C00436,17/05/2024,$138.23,2,WEB 
T005529,C00655,2024-01-27T13:12:00Z,$78.79,5,Web
T001814, C00705 ,15/04/2024,$95.75,4,In-Store
T006567,C00755,18/01/2024,$184.28,1,in-store
T007172,C00193,2024-07-09, 130.51 ,2,in-store
T006200, C00847 ,26/08/2024,$185.19,4,WEB 
T004399,C00459,13/11/2024,84.76,5,in-store
T005626,C00238,"July 25, 2024",$170.18,1,Web
T002763,C00353,2024-11-04T23:24:00Z,$44.30,3,web
T000115, C00344 ,"January 8, 2024", 110.11 ,3,Mobile
T001002,C00787,10/05/2024,$147.89,4,web
T000716,C00680,2024-02-19T22:00:00Z, 137.36 ,4,WEB 
T000513,C00433,2024-07-01T22:00:00Z,121.96,5,Mobile
T000984,C00256,"July 21, 2024",$94.56,5,in-store
T005380,C00696,"February 14, 2024",1.00,4, mobile
T005859,C00731,17/12/2024,$112.22,1,WEB 
T007041,C00752,"March 8, 2024",$174.33,5,WEB 
T006455, C00618 ,"October 2, 2024", 82.08 ,2,in-store
T003728,C00439,25/04/2024, 150.20 ,3, mobile
T007086,C00858,2024-03-26,$119.67,1,Mobile
T006485,C00033,2024-01-08, 202.82 ,3,Web
T000042,C00478,2024-10-16, 154.62 ,3,in-store
T004912,C00500,18/02/2024,142.22,2,in-store
T002879,C00198,2024-03-10T23:47:00Z, 29.78 ,2,Mobile
T002105,C00411,2024-02-16T02:49:00Z,280.04,1,Mobile
T004332,C00077,17/10/2024,99.49,1,WEB 
T007494,C00535,09/06/2024,150.78,1, mobile
T004098, C00694 ,2024-01-04T07:01:00Z, 157.46 ,3,WEB 
T000988,C00279,17/10/2024,101.84,1,in-store
T002158,C00692,2024-10-23T09:37:00Z,$121.85,5,Web
T004761,C00865,2024-05-08,$99.71,2,in-store
T004263,C00838,"April 9, 2024", 109.03 ,5,web
T002808,C00533,2024-10-02,247.09,1,Web
T007987,C00674,2024-10-27,$1.00,N/A,web
T002152,C00278,2024-10-20T01:23:00Z, 209.59 ,4,Mobile
T002622,C00203,27/02/2024,$104.04,3,In-Store
T000414,C00252,2024-05-01T10:41:00Z, 162.66 ,4,WEB 
T001044,C00202,"September 17, 2024",106.97,5,In-Store
T006281,C00157,2024-01-16,116.30,  ,Web
T000148,C00397,2024-05-05T07:06:00Z, 128.76 ,4,in-store
T006650,C00441,"April 3, 2024",116.08,5, mobile
T004924,C00744,2024-10-26T05:22:00Z,106.94,2,web
T002804, C00639 ,"June 6, 2024", 147.61 ,4,Web
T005305,C00224,2024-11-16T16:55:00Z,$96.83,4,in-store
T004413,C00757,07/09/2024, 158.49 ,null,In-Store
T002177,C00819,"October 6, 2024",$101.83,1,web
T004091,C00022,2024-12-10,$81.75,2,in-store
T001178,C00611,18/04/2024,162.03,5,web
T000580,C00630,2024-01-14, 2.62 ,4, mobile
T002021,C00151,2024-06-06, 67.79 ,5,In-Store
T006558,C00491,25/03/2024, 196.47 ,4,In-Store
T003361,C00640,"August 5, 2024",$89.23,5, mobile
T005108, C00380 ,05/04/2024, 202.23 ,2,In-Store
T002662,C00654,2024-02-23,$1.00,5,WEB 
T000156,C00377,2024-10-04, 132.88 ,1,WEB 
T000417,C00679,2024-10-17T18:06:00Z,198.69,4, mobile
T006244,C00633,09/04/2024,$126.51,2, mobile
T000060,C00482,2024-08-16T04:19:00Z,146.14,5,In-Store
T004800,C00021,2024-11-14, 1.00 ,3, mobile
T006898,C00131,03/02/2024,214.42,5,Mobile
T002097,C00792,2024-03-13, 133.31 ,5,WEB 
T005612,C00714,04/08/2024,$56.32,4,web
T002913,C00845,11/03/2024, 99.98 ,3,Mobile
T001666,C00735,17/08/2024,83.86,2, mobile
T007157,C00246,10/01/2024, 195.16 ,2, mobile
T000681,C00534,"February 6, 2024",$15.57,4,in-store
T004371,C00170,"August 8, 2024",227.30,5,WEB 
T002318,C00076,13/04/2024, 151.90 ,4,web
T005534,C00608,2024-01-06,$8.13,,Mobile
T006187,C00599,"November 2, 2024", 100.97 ,2, mobile
T003118,C00011,2024-09-12T08:01:00Z,$211.12,3,in-store
T003049,C00665,2024-11-22, 99.03 ,1,In-Store
T000782,C00573,"June 21, 2024", 113.23 ,5,In-Store
T005636,C00037,"May 16, 2024",$35.77,4,Web
T006148,C00081,2024-12-02, 72.47 ,4,in-store
T007393,C00065,"March 10, 2024",$234.76,2,Web
T005410,C00872,"June 1, 2024",$125.97,5, mobile
T003584,C00693,05/09/2024,84.09,4,Web
T007358,C00247,2024-07-17,127.83,1,in-store
T004175,C00854,2024-03-22T03:45:00Z,$171.34,5,web
T004432,C00087,2024-10-05,216.56,3, mobile
T006550,C00133,2024-05-20,$129.50,4,WEB 
T003031,C00883,2024-01-19, 164.08 ,3, mobile
T007461, C00881 ,02/04/2024,100.69,3,Mobile
T000149,C00730,"October 4, 2024",$77.62,5,web
T003156,C00754,"July 10, 2024",171.25,2,in-store
T007179, C00118 ,07/05/2024,26.90,1,WEB 
T007332,C00882,2024-10-24,$158.53,2,Mobile
T007720,C00131,2024-04-15T12:57:00Z,$67.62,4,WEB 
T004360,C00608,"July 9, 2024", 81.78 ,5,In-Store
T000535,C00457,01/09/2024, 254.24 ,2,web
T005634, C00581 ,14/10/2024, 151.35 ,2,In-Store
T000378,C00464,01/03/2024,7.11,1,WEB 
T000861,C00848,18/04/2024,$71.48,1,in-store
T004524,C00670,2024-02-16, 193.13 ,2,web
T002935,C00144,"August 4, 2024",88.72,1,Web
T006142,C00655,"April 11, 2024", 45.29 ,3,Mobile
T007498,C00781,2024-04-08,212.55,2, mobile
T001752, C00487 ,2024-11-04T10:39:00Z,$186.19,3,WEB 
T005851,C00312,"May 11, 2024",50.24,4,Web
T005087,C00617,"November 8, 2024", 62.60 ,3,In-Store
T004685,C00250,2024-07-15T12:29:00Z, 26.61 ,3,Web
T000864,C00226,2024-11-03T09:21:00Z,$253.94,5,Web
T000684,C00851,"October 23, 2024",151.11,1,in-store
T002986,C00834,2024-01-28,$96.71,1,WEB 
T004623,C00870,2024-04-18, 128.60 ,4, mobile
T001127,C00093,2024-03-06,176.27,3,In-Store
T002065,C00192,2024-04-05T20:50:00Z, 86.76 ,4,Web
T003999,C00707,2024-04-07,$234.47,5, mobile
T002227,C00104,2024-06-22T05:55:00Z, 186.19 ,2,Web
T006628,C00537,"January 2, 2024",$49.94,NA,Mobile
T006597,C00132,2024-01-04T22:33:00Z, 123.32 ,1, mobile
T000139,C00016,2024-02-25,30.32,2,WEB 
T000784,C00392,"October 15, 2024", 125.11 ,2, mobile
T001937,C00339,2024-07-20T13:26:00Z,$146.07,5,WEB 
T001404,C00200,05/04/2024, 102.76 ,4,WEB 
T006656,C00144,15/02/2024,$69.48,2, mobile
T002069,C00223,2024-12-11T08:20:00Z,131.18,2,WEB 
T000204,C00440,"February 15, 2024", 196.15 ,4, mobile
T006117,C00582,2024-10-01,180.45,3,Web
T007245,C00889,2024-07-19,222.55,3,In-Store
T002496,C00518,2024-10-25T10:01:00Z,128.05,5,Mobile
T000952,C00705,2024-02-09T22:45:00Z,162.16,3,in-store
T006969,C00344,2024-04-21T00:03:00Z,$96.12,4,web
T002883,C00669,2024-11-07,$189.56,2,WEB 
T003433,C00040,"June 27, 2024", 109.41 ,5,In-Store
T003925,C00743,28/04/2024,$72.03,4,Mobile
T005456,C00532,"September 20, 2024", 24.33 ,3,In-Store
T006710,C00263,24/09/2024,$182.95,3, mobile
T006716, C00421 ,"January 21, 2024",$162.98,2,WEB 
T002388,C00770,"December 26, 2024", 1.00 ,2, mobile
T000076,C00711,11/12/2024,$124.09,2,In-Store
T001661,C00485,2024-09-03,127.65,2,In-Store
T004064,C00867,08/04/2024,58.99,1,In-Store
T001754,C00348,2024-08-14T07:23:00Z, 83.98 ,1,WEB 
T003477,C00456,2024-07-13T01:53:00Z,160.08,5,web
T007615,C00124,"January 21, 2024",170.02,3,In-Store
T005237,C00497,2024-11-25T10:51:00Z, 120.41 ,5,Web
T004485,C00620,15/05/2024,$246.65,3,in-store
T006762,C00900,2024-08-02T10:30:00Z,75.00,1,WEB 
T001498, C00747 ,2024-10-15,$153.69,2,WEB 
T004219,C00219,"March 23, 2024",210.14,5,In-Store
T001300,C00897,19/08/2024,91.80,3,Mobile
T005977,C00881,2024-07-03T15:05:00Z,76.98,5,web
T007692,C00730,"March 18, 2024",$101.70,4,Mobile
T002842,C00652,2024-10-19T00:18:00Z,71.24,3,Mobile
T000650,C00333,"May 23, 2024", 124.26 ,4,WEB 
T007735,C00203,2024-03-22,$166.12,2,In-Store
T004132,C00262,2024-10-11T07:00:00Z,$84.25,2,In-Store
T003919,C00267,2024-02-22,$225.05,5,In-Store
T005073,C00211,2024-08-02,$125.70,2,WEB 
T007303,C00688,13/08/2024, 200.42 ,2,web
T003528,C00205,"July 20, 2024",$135.83,3, mobile
T001370,C00029,2024-12-18T03:10:00Z,$98.20,1,in-store
T007660,C00436,2024-04-28, 90.71 ,5,in-store
T000261,C00207,06/10/2024,$97.05,5,In-Store
T006612,C00041,11/06/2024,107.52,2,WEB 
T000895,C00626,16/02/2024,53.00,2,In-Store
T006761, C00329 ,09/02/2024, 184.54 ,3,In-Store
T007402,C00560,14/02/2024, 137.52 ,3, mobile
T005168,C00391,18/02/2024,199.13,3,Web
T003029,C00616,2024-02-16T01:45:00Z, 194.49 ,3, mobile
T006847,C00208,"December 9, 2024",88.35,2,WEB 
T001789,C00880,02/11/2024,$46.59,2,WEB 
T003400,C00428,"December 16, 2024",$98.80,3,WEB 
T007897,C00164,2024-04-10T12:58:00Z, 126.86 ,1,Web
T006031,C00304,"February 7, 2024", 158.64 ,3,Web
T002693,C00128,"November 28, 2024",88.86,5,in-store
T002702,C00097,"February 13, 2024",$108.62,2,Web
T006758,C00844,2024-03-17, 78.81 ,5,Web
T005922,C00086,"February 14, 2024",$82.95,5,Web
T002607,C00090,2024-02-25, 125.64 ,1, mobile
T001131,C00555,"September 19, 2024",$53.03,2, mobile
T000367, C00268 ,"January 24, 2024",$24.44,2,Web
T003793,C00125,"December 1, 2024",91.47,1,WEB 
T003939,C00882,07/08/2024,$38.11,2,in-store
T002727,C00325,"January 18, 2024",$66.70,5,web
T004639, C00726 ,2024-03-06T11:05:00Z, 101.27 ,  , mobile
T003890,C00107,2024-07-27T05:38:00Z, 64.43 ,3,Mobile
T001354, C00816 ,"December 14, 2024",$28.11,3,in-store
T005563,C00398,"August 10, 2024",135.72,3,Web
T007623, C00325 ,07/10/2024,$97.12,1,Mobile
T004711,C00099,15/08/2024,$164.11,2,Mobile
T000950,C00422,2024-08-05,$47.40,5,In-Store
T005725,C00748,"July 15, 2024", 102.06 ,3,Mobile
T005127,C00606,"December 17, 2024", 135.23 ,3,in-store
T002891, C00861 ,"August 17, 2024",224.00,5,web
T003102,C00667,2024-05-21,$158.29,4, mobile
T003795,C00810,2024-08-08,106.96,3,web
T001177,C00261,02/08/2024, 135.11 ,3,WEB 
T006352, C00234 ,"May 18, 2024", 85.16 ,1,Mobile
T006358,C00691,2024-01-19,94.17,2,Web
T000579,C00823,20/01/2024, 31.98 ,1,In-Store
T003254,C00547,"June 8, 2024", 1.00 ,4,Web
T007613, C00224 ,"June 16, 2024", 156.44 ,3,Mobile
T004582,C00363,17/03/2024, 133.86 ,1,Web
T003666, C00166 ,2024-05-09, 105.85 ,3,in-store
T001993,C00338,2024-11-18, 88.06 ,2,in-store
T004569,C00376,2024-12-19T13:22:00Z,39.08,2,In-Store
T006667,C00779,2024-04-12T08:49:00Z,130.43,5,WEB 
T004904,C00587,10/06/2024, 1.00 ,1,Web
T001966,C00508,2024-01-12T01:51:00Z, 123.55 ,4,WEB 
T003325,C00883,2024-05-02T20:34:00Z,$148.86,1,in-store
T003883,C00696,"April 1, 2024",195.46,2, mobile
T004090,C00148,"December 14, 2024", 78.30 ,4,Mobile
T006722, C00536 ,2024-12-06T13:15:00Z,199.44,1,Web
T001163,C00508,2024-11-12T07:24:00Z, 137.46 ,5,web
T007101,C00046,2024-08-27,157.15,3,Web
T001380,C00743,2024-06-07,1.00,5, mobile
T007446,C00072,"March 8, 2024", 243.43 ,2,Web
T001185,C00283,2024-10-24,$63.28,5, mobile
T002312,C00697,"May 18, 2024",$144.04,4,Web
T007734,C00579,2024-06-24, 58.27 ,1,in-store
T007256,C00009,"August 15, 2024",118.59,2,web
T000126,C00692,2024-03-02T23:01:00Z, 99.70 ,1,web
T002937,C00887,2024-02-20T00:06:00Z,$131.74,1, mobile
T001383,C00404,2024-06-02T17:52:00Z, 46.17 ,1,Web
T005064,C00140,04/12/2024,146.16,2,Web
T003944, C00342 ,2024-11-05T19:43:00Z,181.39,2,WEB 
T001294,C00155,25/06/2024, 32.99 ,5, mobile
T000128,C00391,"April 22, 2024",181.42,5,in-store
T000862,C00282,"November 19, 2024",$1.00,1,In-Store
T004329,C00339,19/12/2024,93.80,,Mobile
T004514,C00475,07/01/2024, 207.73 ,4,Web
T002176,C00716,"June 12, 2024",$61.30,5,Web
T006916,C00148,"May 18, 2024",$99.41,1,in-store
T007874, C00447 ,"May 9, 2024", 90.46 ,1,in-store
T000463,C00316,"August 23, 2024",$203.30,5,web
T004718,C00511,05/09/2024, 88.78 ,5, mobile
T003363,C00140,2024-06-11T13:30:00Z, 297.16 ,2,Web
T002081,C00100,2024-08-16,$16.02,4,web
T004473,C00818,2024-03-09,$89.22,3, mobile
T007849, C00323 ,"October 8, 2024", 1.00 ,3,In-Store
T006076,C00878,2024-12-19T11:31:00Z, 102.70 ,1,in-store
T005065,C00323,"January 21, 2024",180.57,1, mobile
T004150,C00374,"January 1, 2024",$102.83,4,in-store
T005125,C00263,2024-03-08T19:29:00Z,$118.50,2,in-store
T002282,C00403,"March 18, 2024",134.53,2,In-Store
T004944,C00398,"October 19, 2024", 140.99 ,3,in-store
T005084,C00624,2024-08-13, 249.11 ,2, mobile
T002906,C00666,13/09/2024, 39.41 ,1, mobile
T006975,C00525,"November 28, 2024",$238.53,5,Web
T006121, C00221 ,01/10/2024, 23.61 ,4,WEB 
T007484,C00615,2024-11-01, 44.39 ,5,Mobile
T002000,C00493,2024-11-22T04:24:00Z, 37.35 ,4,Web
T003304,C00160,2024-06-17, 207.73 ,4,Mobile
T005357,C00412,"September 1, 2024", 59.00 ,1,Mobile
T001607,C00250,"January 1, 2024",86.28,3,In-Store
T001655,C00740,"October 8, 2024", 65.32 ,1, mobile
T004504,C00885,21/10/2024, 146.29 ,5,Web
T006904,C00261,2024-01-18, 127.76 ,2,In-Store
T005981,C00245,2024-10-06, 120.51 ,2,web
T003091,C00771,2024-05-10,$47.45,4,Web
T007095,C00103,12/06/2024, 63.43 ,3,web
T001124,C00606,07/08/2024,$248.17,4,In-Store
T007434,C00233,2024-08-14, 117.35 ,2,In-Store
T002209,C00420,2024-04-20T00:17:00Z,$89.94,3,in-store
T000279,C00808,28/11/2024,$155.96,4,In-Store
T005431,C00520,2024-10-24, 85.56 ,N/A,WEB 
T005766,C00006,06/11/2024,143.86,  ,web
T007191,C00399,2024-03-13,147.24,4,In-Store
T001516,C00090,2024-09-08T15:15:00Z, 50.58 ,2,WEB 
T005610,C00672,25/10/2024,$142.07,2,In-Store
T006198,C00410,2024-10-04,127.30,2,web
T001266,C00708,19/05/2024,$202.90,4,WEB 
T007848,C00013,09/05/2024,$34.50,1,Web
T005750,C00131,"June 23, 2024",139.95,5,web
T006202,C00589,2024-11-14T12:18:00Z, 173.84 ,3,Web
T006635,C00039,2024-07-23,146.86,3,Mobile
T000658,C00256,2024-09-17, 70.17 ,4,In-Store
T001840,C00639,13/10/2024,$141.66,3,Mobile
T007714,C00356,"September 16, 2024", 68.97 ,5,Mobile
T000428,C00859,2024-12-16,1.00,1,In-Store
T004532,C00212,2024-05-24,$86.75,1, mobile
T002610,C00357,2024-02-09,$200.52,1,WEB 
T005155,C00649,"October 5, 2024",$108.21,2,WEB 
T001006,C00756,2024-10-21,26.49,4,web
T003425,C00761,2024-07-20T00:17:00Z,42.99,3,Web
T004160,C00280,2024-07-12, 153.03 ,5,Mobile
T000402,C00471,26/07/2024,$226.25,1,In-Store
T001542,C00542,"February 20, 2024", 116.06 ,3,WEB 
T001912,C00572,"October 22, 2024",$255.92,5,WEB 
T005141,C00233,10/10/2024,118.97,NA,web
T002476,C00136,2024-08-13,196.38,3,Web
T004347,C00700,2024-05-22,182.70,5,web
T005892,C00188,22/09/2024,$168.75,2,in-store
T000554,C00322,2024-01-05T08:27:00Z,219.31,1, mobile
T000118,C00253,17/07/2024,$221.48,4,Web
T001976,C00088,17/01/2024, 183.22 ,2,in-store
T005629,C00308,"June 21, 2024",$52.28,4,WEB 
T001085,C00843,2024-10-26T22:15:00Z,$77.12,3,Web
T003467,C00477,12/09/2024, 23.22 ,NA,Web
T003052, C00407 ,2024-07-17T01:05:00Z,$116.34,4, mobile
T000863,C00104,22/04/2024, 196.11 ,4,WEB 
T002090,C00412,"June 5, 2024", 179.60 ,1, mobile
T007397,C00686,"August 10, 2024",$25.53,3,in-store
T003481,C00136,04/04/2024,186.17,1,WEB 
T001606,C00051,17/09/2024,$241.33,5,in-store
T001512,C00574,"May 15, 2024",153.18,4, mobile
T004660,C00553,2024-05-04, 85.06 ,3,in-store
T000743,C00721,2024-10-07T19:15:00Z,$137.38,3,WEB 
T003643,C00272,2024-08-23T12:01:00Z, 25.49 ,4, mobile
T004445,C00357,"May 17, 2024", 1.00 ,3,in-store
T004498,C00181,2024-04-19,20.99,1,web
T007015,C00236,14/01/2024, 70.96 ,NA,Web
T000229,C00713,"December 23, 2024", 167.02 ,1,in-store
T000392,C00072,2024-10-21T15:49:00Z,61.10,1,Web
T001577,C00741,"January 21, 2024", 242.36 ,2,WEB 
T004139,C00466,2024-10-20T22:40:00Z, 100.81 ,4,In-Store
T003676,C00566,2024-10-02,72.12,5,in-store
T004408,C00609,2024-02-22T19:24:00Z, 43.83 ,5,web
T003180, C00420 ,2024-01-16T04:51:00Z,240.20,2,WEB 
T004307,C00834,2024-07-13, 27.62 ,4,web
T001769,C00119,2024-12-19,$152.44,3,WEB 
T006162,C00444,2024-06-07T20:13:00Z,$105.60,5,in-store
T003485,C00013,2024-02-13, 77.61 ,1,web
T005224,C00026,"February 5, 2024",$244.72,3,Web
T003491,C00057,2024-02-07, 127.62 ,5,In-Store
T006233,C00678,"May 15, 2024",$58.25,3,in-store
T007710,C00614,24/01/2024, 1.87 ,1,in-store
T005540,C00425,2024-06-24,145.19,2,WEB 
T003181,C00602,2024-01-12T21:41:00Z,95.59,2,in-store
T004542,C00464,"April 26, 2024", 162.25 ,3,in-store
T003701,C00840,2024-02-07,$130.32,4,Mobile
T007992,C00271,"December 5, 2024",164.34,2, mobile
T007171,C00117,09/12/2024,$136.70,3,Mobile
T007368,C00090,"September 27, 2024",138.41,4,in-store
T003836,C00443,"March 23, 2024",$155.17,2,Mobile
T001505,C00422,2024-10-26T20:17:00Z,29.17,4,in-store
T002465,C00792,2024-07-17T10:36:00Z,142.79,5,web
T005031,C00692,"February 3, 2024",206.74,4,In-Store
T007702,C00415,2024-09-20T06:57:00Z,2.10,3,Web
T005790,C00115,2024-11-27, 59.36 ,1, mobile
T007934,C00615,2024-03-05T12:19:00Z,$285.20,2,In-Store
T002901,C00352,"March 23, 2024",$171.57,4,WEB 
T003791,C00893,24/03/2024,$31.74,4,WEB 
T003507,C00237,2024-08-17, 160.95 ,5,WEB 
T003956,C00580,2024-12-28,$79.42,5,Mobile
T005579,C00282,28/09/2024, 159.44 ,2, mobile
T001186,C00048,2024-07-24T07:29:00Z, 138.43 ,5, mobile
T000307,C00327,2024-07-26,$183.97,5,Mobile
T006096,C00528,2024-02-13,92.25,5,Mobile
T003520, C00406 ,2024-05-12,164.79,3,Mobile
T004167,C00116,11/10/2024,153.11,5,In-Store
T000610,C00746,"June 8, 2024",$143.65,1,in-store
T004686,C00760,2024-10-20T05:28:00Z, 68.38 ,3,In-Store
T005359,C00376,05/09/2024, 117.50 ,1,In-Store
T000884,C00096,2024-10-25T22:29:00Z,279.29,5,Web
T003268,C00107,16/03/2024,25.84,3,In-Store
T007953,C00173,"January 3, 2024", 31.74 ,3,In-Store
T006436,C00873,2024-11-05, 109.48 ,3,web
T002664,C00484,2024-10-14,$23.21,2,in-store
T001639,C00523,09/01/2024, 99.22 ,4,Web
T001192,C00205,2024-11-24T20:35:00Z, 102.23 ,3,in-store
T004028,C00269,2024-01-10, 57.94 ,2,in-store
T006106,C00155,2024-07-22T07:38:00Z,$156.85,3,Web
T001262,C00493,05/09/2024,$53.26,3,in-store
T004632,C00443,18/03/2024,$85.16,4,web
T001435,C00673,2024-04-21T14:45:00Z, 119.73 ,2,In-Store
T001491,C00524,2024-02-11T01:53:00Z, 56.77 ,1, mobile
T003368, C00334 ,"December 10, 2024", 154.03 ,4,In-Store
T005927,C00161,"September 17, 2024",$188.95,5,Mobile
T003398, C00425 ,2024-08-13,23.54,1, mobile
T003953,C00182,2024-04-26T18:57:00Z,$161.49,5,Mobile
T002851,C00318,2024-10-08T18:10:00Z,$204.76,NA,In-Store
T001278,C00781,2024-03-20,$134.50,1,web
T004536,C00081,2024-06-04, 1.69 ,2,web
T001927,C00519,23/11/2024, 169.81 ,3,WEB 
T002988,C00174,2024-03-22,103.15,3,Mobile
T000081,C00145,2024-06-24T16:23:00Z,$124.71,3,WEB 
T002514,C00529,2024-12-20T18:36:00Z, 103.35 ,5, mobile
T001916,C00168,2024-03-16T08:43:00Z,$42.77,5,Mobile
T000063,C00554,2024-01-16,$56.87,1,in-store
T003601,C00835,19/06/2024,$65.73,1,web
T004273, C00364 ,2024-12-22T23:17:00Z, 148.71 ,3,in-store
T000998,C00469,2024-03-05, 128.35 ,4, mobile
T003217,C00527,2024-12-04T03:47:00Z,114.79,null,in-store
T005914,C00292,2024-09-24,170.37,1,WEB 
T003345,C00016,2024-06-06T06:47:00Z,98.25,3,In-Store
T007267,C00716,2024-05-13, 83.39 ,5,web
T000415,C00261,2024-06-10, 201.09 ,4,WEB 
T001322,C00320,2024-01-08T03:23:00Z,52.09,1, mobile
T004289,C00086,25/11/2024,$20.68,1,Web
T005528,C00609,"August 11, 2024",$128.80,3,in-store
T001901,C00377,2024-03-16T21:33:00Z,80.59,1,web
T006915,C00721,2024-05-03T12:21:00Z,111.20,1,in-store
T006593,C00313,2024-03-13T19:12:00Z, 120.90 ,4,WEB 
T007981,C00883,"December 22, 2024", 165.19 ,3, mobile
T004529,C00476,16/05/2024, 1.00 ,2,Mobile
T001898,C00496,2024-12-18T11:20:00Z,$20.68,3,Web
T006209, C00457 ,2024-06-11, 79.76 ,3,web
T005988,C00642,2024-11-23T17:07:00Z,$171.58,5,In-Store
T006934,C00554,"December 12, 2024",94.25,null, mobile
T003759,C00019,2024-12-12,110.53,2,In-Store
T005318,C00282,2024-09-21,$117.81,3,WEB 
T004895,C00395,"April 14, 2024",264.89,1,WEB 
T006310,C00224,"March 5, 2024",131.62,null,Mobile
T001526,C00654,"August 1, 2024", 134.96 ,3,Web
T001594,C00858,2024-03-26,198.35,4,WEB 
T001827,C00177,01/06/2024,$163.81,2,In-Store
T007286,C00167,2024-10-24T03:51:00Z, 203.81 ,4,Web
T007399, C00535 ,01/11/2024, 52.85 ,5,web
T003891,C00076,2024-05-17,$220.55,3,web
T007552, C00749 ,2024-03-12,$100.67,2,WEB 
T007644,C00349,"January 15, 2024",172.91,5,Mobile
T000324,C00324,"February 27, 2024",$139.34,1, mobile
T007006,C00376,2024-04-10, 112.91 ,3, mobile
T004308,C00057,"January 12, 2024",$98.77,5, mobile
T003958,C00223,2024-08-16,207.78,3, mobile
T003279,C00619,04/11/2024, 218.30 ,2,Mobile
T006403,C00387,2024-11-04T13:38:00Z,$182.27,4,WEB 
T002205,C00573,2024-09-04, 136.20 ,4,Mobile
T005544,C00275,2024-12-22,$148.23,1,web
T002061, C00837 ,2024-09-01T22:48:00Z, 123.99 ,3,in-store
T001234,C00704,2024-10-03T08:26:00Z,$78.32,1,in-store
T001463,C00418,13/05/2024,114.58,1,web
T002055, C00079 ,09/09/2024,119.74,5,Mobile
T002975,C00447,17/02/2024,18.39,4,in-store
T004065,C00391,"November 27, 2024",$61.76,4,WEB 
T006681, C00705 ,"November 14, 2024",26.77,1,Mobile
T004031,C00499,2024-08-07, 127.44 ,5,in-store
T000135, C00119 ,"May 6, 2024",$134.33,5,Mobile
T006849,C00003,26/01/2024,$49.57,2,In-Store
T000897,C00870,"October 27, 2024",202.36,1, mobile
T000974,C00050,"December 23, 2024", 177.57 ,4, mobile
T001246,C00183,"January 21, 2024",160.95,1,WEB 
T003745,C00452,19/07/2024,106.41,2,web
T002004,C00531,2024-07-04T03:41:00Z, 122.31 ,1,in-store
T002326,C00061,2024-09-10,$157.85,1,WEB 
T005717,C00708,2024-07-07T23:16:00Z,171.02,5, mobile
T001804,C00660,"September 18, 2024",$49.29,1, mobile
T006248,C00701,"July 11, 2024",105.31,1,in-store
T002336,C00321,2024-06-16,$260.28,2,In-Store
T002038,C00679,2024-04-18T12:15:00Z,$193.34,2,Web
T006675, C00130 ,"September 13, 2024", 114.33 ,2,In-Store
T004784,C00062,2024-02-10,161.03,5,web
T004590,C00727,2024-12-02,85.74,2,in-store
T005142,C00701,2024-01-13,$237.64,5,Mobile
T003900,C00672,2024-09-02,153.32,5,Web
T000030,C00082,2024-11-19,219.59,3,Mobile
T000435,C00785,2024-02-13,$114.13,2,in-store
T000295,C00047,"July 27, 2024",$187.99,2,WEB 
T005292,C00333,"April 5, 2024", 151.82 ,3,Web
T000145,C00868,02/08/2024, 209.33 ,3,in-store
T006381, C00168 ,2024-06-02, 88.48 ,1,WEB 
T005169, C00032 ,07/02/2024,148.21,3,web
T003039,C00533,2024-08-13T19:06:00Z, 165.06 ,3,In-Store
T001392,C00717,2024-02-21,$134.59,2,In-Store
T001084,C00314,24/11/2024,188.44,3,WEB 
T005632,C00842,2024-07-09, 14.34 ,1,in-store
T000267,C00781,24/10/2024,86.79,5,in-store
T005605,C00461,2024-05-28, 222.29 ,1, mobile
T004409,C00731,"April 23, 2024",$34.28,3,Mobile
T002287,C00114,"July 18, 2024", 142.27 ,3,in-store
T001386,C00848,2024-07-11,130.48,3,Web
T003593,C00286,05/03/2024,94.86,3,WEB 
T007836,C00291,2024-10-23, 258.47 ,3,in-store
T001476, C00102 ,2024-08-21T05:35:00Z,$102.96,3, mobile
T007247,C00726,01/05/2024,$148.03,4,In-Store
T005701,C00737,21/02/2024,39.97,2,in-store
T001336, C00201 ,2024-04-20T07:09:00Z,$82.06,5,In-Store
T005201,C00208,11/09/2024,$184.90,1,In-Store
T001059,C00518,2024-04-09,$125.10,1,Mobile
T002376,C00234,28/02/2024, 237.72 ,2,Mobile
T002204,C00485,16/08/2024, 227.30 ,1,Web
T000256,C00327,"January 13, 2024",$127.21,1,WEB 
T000845,C00361,2024-03-06, 128.51 ,1,WEB 
T006816, C00351 ,"October 10, 2024", 193.11 ,5,in-store
T003122, C00234 ,"September 13, 2024",$213.70,3,in-store
T000612, C00572 ,2024-09-26T17:55:00Z, 121.07 ,2,Mobile
T000847,C00804,"June 3, 2024",$153.74,2, mobile
T001487,C00653,2024-11-18T07:42:00Z,139.27,5,web
T005457,C00669,2024-09-27,209.84,5,Mobile
T003644,C00171,2024-08-03,$1.00,1,Mobile
T004341, C00318 ,28/03/2024, 153.52 ,1, mobile
T000304,C00341,2024-06-14,$196.02,5, mobile
T003686,C00755,"January 10, 2024",58.52,2,Web
T003331,C00098,2024-09-03, 64.82 ,4,In-Store
T001041,C00199,27/02/2024,10.58,3,WEB 
T003546,C00748,19/03/2024,$156.92,3, mobile
T002316,C00688,2024-07-21T06:29:00Z,108.12,2, mobile
T002923,C00370,"September 23, 2024", 98.58 ,3,Web
T007271, C00533 ,2024-08-28T20:09:00Z,74.66,5,Mobile
T003456,C00682,"June 11, 2024",$30.62,2,in-store
T006330,C00841,2024-08-05,114.75,1, mobile
T002059,C00383,2024-03-16T21:08:00Z,$119.44,1,Web
T001706,C00210,"March 15, 2024",$158.56,4,in-store
T005219,C00592,19/02/2024,$192.05,4, mobile
T002769,C00172,2024-09-09,$5.85,4,WEB 
T000407,C00188,2024-03-01T02:28:00Z,121.09,2,Mobile
T007851,C00145,"January 8, 2024",$71.63,3,in-store
T005122,C00665,09/07/2024, 201.33 ,4,Web
T007383,C00554,2024-10-20T06:27:00Z,119.67,4,WEB 
T001467,C00754,2024-05-02,$1.00,3,web
T006689,C00223,2024-11-09,$173.41,1,WEB 
T002980,C00586,03/02/2024,94.28,1,Mobile
T001633, C00194 ,2024-04-07, 212.48 ,2,In-Store
T001990,C00452,2024-12-15, 180.06 ,1,web
T005326, C00800 ,"October 7, 2024", 86.61 ,3, mobile
T004666,C00771,19/09/2024,273.90,5,WEB 
T001553,C00640,2024-07-02T13:09:00Z, 34.93 ,5,in-store
T001727,C00682,03/11/2024,$104.34,1, mobile
T007107,C00795,"September 11, 2024", 176.74 ,5,in-store
T001011,C00583,2024-11-20,152.96,5,WEB 
T006553,C00274,07/04/2024,34.80,5,In-Store
T000231,C00436,"October 6, 2024",197.13,5, mobile
T002815,C00161,2024-06-23T23:29:00Z,$173.28,1,WEB 
T005877,C00496,2024-10-06,162.47,3,Web
T002044,C00061,"May 7, 2024",160.53,1, mobile
T001366,C00392,"February 27, 2024", 114.36 ,4,In-Store
T007305,C00523,2024-12-17,$78.95,3,Mobile
T001629,C00548,2024-09-18T11:47:00Z,$146.02,5,web
T001030, C00666 ,"March 3, 2024", 18.24 ,2, mobile
T003801,C00684,2024-04-10T20:43:00Z,$185.14,1,Web
T003365,C00813,"October 17, 2024",109.32,2, mobile
T001932, C00350 ,"May 4, 2024",146.35,4,In-Store
T002005,C00826,2024-11-02T06:06:00Z,$107.15,4,In-Store
T003028,C00272,"September 23, 2024", 115.41 ,3,Mobile
T002383,C00731,2024-08-15, 141.91 ,3,in-store
T001566,C00524,2024-07-27T00:27:00Z,171.02,3,Web
T003257,C00086,2024-07-23,$1.00,1,in-store
T006396,C00322,"May 5, 2024", 54.70 ,  , mobile
T005740,C00072,21/11/2024,$44.23,3,Web
T006715,C00651,2024-08-27, 67.67 ,1,WEB 
T002247,C00377,"November 11, 2024",$79.68,N/A,WEB 
T003390,C00366,2024-02-25T12:19:00Z, 70.34 ,4,WEB 
T007372,C00210,2024-03-17,95.34,2,in-store
T005747, C00163 ,07/07/2024,$100.60,5,Web
T007350,C00191,"April 26, 2024",$60.48,,WEB 
T007488,C00268,13/07/2024,$232.68,2,web
T007767, C00580 ,2024-05-15T00:44:00Z, 128.25 ,2,In-Store
T005081,C00008,2024-09-06T12:58:00Z,$103.75,3,Mobile
T007153,C00575,2024-04-16,$150.16,4,Mobile
T001735,C00304,05/09/2024,$180.05,4,Web
T001213, C00453 ,2024-07-03T03:48:00Z, 181.44 ,5,Web
T000293,C00667,2024-01-13, 141.05 ,5,web
T006421,C00336,2024-10-25,172.82,1,Mobile
T001510,C00277,2024-07-23,$85.30,1,In-Store
T005294,C00644,"April 9, 2024", 127.02 ,N/A,web
T007113,C00179,2024-03-02T21:25:00Z,$78.77,3,Mobile
T001252,C00834,17/07/2024,$52.85,1,in-store
T007053,C00373,2024-11-11,$97.94,3,web
T005485,C00718,"January 28, 2024",$50.73,3,WEB 
T007948,C00785,2024-02-18, 82.37 ,2,web
T002595, C00004 ,18/12/2024,124.21,1, mobile
T002418, C00382 ,2024-05-26T09:24:00Z, 143.87 ,2,web
T006007,C00558,2024-09-20, 97.84 ,2, mobile
T002472,C00066,2024-08-10T14:48:00Z,$90.77,1, mobile
T007494,C00535,09/06/2024,150.78,1, mobile
T007673,C00835,07/12/2024,2.90,  ,in-store
T007138,C00567,2024-08-24T08:17:00Z,$100.35,4,in-store
T002745,C00102,22/09/2024,$150.76,2,in-store
T005160,C00755,2024-09-20,$54.34,3,WEB 
T004535,C00710,2024-12-18T17:00:00Z,58.02,4,In-Store
T004192,C00187,2024-09-03T20:40:00Z, 130.08 ,2,web
T004886,C00543,"January 21, 2024", 124.12 ,4,Mobile
T002440,C00764,2024-08-24,126.22,4, mobile
T004920,C00732,2024-12-08T07:25:00Z,$36.41,3,WEB 
T007000,C00223,2024-03-16,$109.22,2,Mobile
T006218,C00538,2024-11-09T16:44:00Z,96.34,4,Web
T003231, C00810 ,26/07/2024,1.00,2,web
T003103,C00585,17/12/2024,178.28,2,In-Store
T000389,C00840,28/08/2024,$10.51,4,WEB 
T002599,C00497,"November 3, 2024",257.90,2,In-Store
T007444,C00431,"November 8, 2024",177.70,1,Web
T007504,C00015,21/02/2024, 20.27 ,2,web
T006834,C00879,2024-04-04T06:12:00Z,82.28,2,web
T002437,C00293,"January 6, 2024", 114.47 ,5,web
T003516,C00416,"August 2, 2024",117.31,4,in-store
T005008,C00357,2024-10-22T15:32:00Z, 10.44 ,4,In-Store
T001064,C00872,2024-02-14T04:51:00Z,265.97,4,web
T003809,C00338,2024-05-11,$1.00,1,web
T000097,C00308,"February 3, 2024", 74.56 ,4,WEB 
T007715,C00752,24/07/2024,171.09,3,WEB 
T006516, C00095 ,2024-04-28, 139.22 ,2,WEB 
T003595, C00811 ,2024-04-05,$149.93,1, mobile
T000488,C00267,2024-06-08T09:29:00Z,154.07,5, mobile
T007118, C00267 ,2024-01-28T02:47:00Z,$110.88,2,WEB 
T002645,C00611,2024-11-19T05:02:00Z,156.87,1,WEB 
T003866,C00382,2024-01-08,$61.32,5, mobile
T007919,C00472,14/02/2024,225.17,2,In-Store
T003078,C00433,2024-03-17T12:40:00Z,91.14,5,WEB 
T006078,C00109,2024-11-25,210.06,4,Web
T005848,C00352,2024-05-11T19:13:00Z,$71.20,3,web
T006309,C00355,2024-07-26,248.95,2, mobile
T005938,C00825,2024-06-04T17:00:00Z, 106.74 ,4,Mobile
T005268,C00438,21/04/2024,$157.78,2,web
T006800,C00317,2024-03-20T16:01:00Z,154.36,1,WEB 
T005025,C00115,2024-03-12,$107.09,4,Mobile
T007007,C00650,2024-02-22T04:16:00Z,$78.54,3,In-Store
T006942,C00525,"June 24, 2024",131.32,4,Web
T007104,C00645,2024-01-10T21:30:00Z, 94.79 ,4,in-store
T000577,C00007,2024-07-10,105.31,5, mobile
T005155,C00649,"October 5, 2024",$108.21,2,WEB 
T000186,C00506,2024-06-26,$214.16,4, mobile
T004448,C00558,2024-01-16T03:07:00Z,110.82,5,In-Store
T007283,C00032,"September 28, 2024", 148.78 ,1,In-Store
T003065,C00163,23/12/2024,$133.33,1,WEB 
T003609,C00513,"January 23, 2024", 156.70 ,3,Web
T004782,C00379,"January 6, 2024", 49.41 ,1, mobile
T003419,C00830,2024-02-21, 72.40 ,4,WEB 
T006519,C00045,"October 17, 2024",157.99,4,Web
T006803,C00152,"July 13, 2024",$70.55,1,Web
T007042,C00014,2024-11-09T21:46:00Z,91.08,5,web
T000643,C00849,09/09/2024,$175.30,3,web
T004801,C00844,2024-09-21,80.22,5, mobile
T004047, C00695 ,2024-04-20T14:35:00Z,$117.94,  ,In-Store
T000472,C00689,13/02/2024,187.69,5,Mobile
T002943,C00182,"July 12, 2024",$220.83,4,Web
T002074,C00686,09/08/2024,36.89,4,WEB 
T002149,C00333,2024-06-02T14:01:00Z, 108.18 ,1, mobile
T006952,C00701,"August 16, 2024",168.22,2,In-Store
T006045,C00106,2024-02-12T16:08:00Z,$24.83,1,Mobile
T000012,C00470,"July 8, 2024", 93.14 ,2,WEB 
T002202,C00179,"January 4, 2024", 113.67 ,1,in-store
T003035,C00456,2024-04-09,202.62,1,in-store
T005958,C00732,2024-03-03,$204.71,1,In-Store
T003733,C00336,03/10/2024, 131.54 ,2,in-store
T000228,C00172,2024-05-10,$1.00,2,Web
T000308,C00574,2024-02-24,139.20,1,Mobile
T002637, C00332 ,11/01/2024,$75.25,1,Web
T007445,C00525,"November 26, 2024",$149.51,5,WEB 
T005077,C00095,"March 14, 2024", 132.96 ,null,In-Store
T005785,C00843,2024-03-14,$192.47,5, mobile
T000224,C00194,"June 11, 2024",$109.92,1,in-store
T001256,C00328,2024-03-28,158.69,5, mobile
T003443,C00837,2024-09-13T17:31:00Z, 213.37 ,4,In-Store
T007712,C00501,17/09/2024,$96.21,  ,in-store
T001502,C00574,2024-03-18T01:43:00Z, 93.94 ,3,in-store
T002615,C00024,2024-05-15,$71.53,1,Mobile
T006014,C00069,2024-03-06T05:24:00Z, 89.94 ,4,web
T002307,C00290,2024-04-20T13:53:00Z, 186.29 ,2,In-Store
T006006,C00080,2024-12-12T03:58:00Z, 171.38 ,3,In-Store
T006720,C00725,2024-07-23,39.02,4,In-Store
T006873, C00622 ,26/11/2024, 26.03 ,1,in-store
T004593,C00276,2024-01-03,$179.07,1,in-store
T005714,C00245,08/02/2024, 1.00 ,1,Web
T002343,C00777,2024-06-09,177.33,5,Mobile
T003463,C00615,2024-06-04,48.69,3,web
T002753,C00142,"November 2, 2024",$88.16,5,Mobile
T001496, C00143 ,04/03/2024, 202.12 ,4,web
T003831,C00871,2024-10-26, 67.93 ,3, mobile
T006064,C00828,"September 9, 2024", 49.14 ,2,WEB 
T004975,C00886,2024-01-16T07:07:00Z, 78.38 ,3,Web
T002066,C00769,"July 25, 2024",198.24,2,web
T007339,C00190,2024-12-09, 38.13 ,1,WEB 
T001346,C00638,2024-02-23T17:39:00Z, 52.49 ,3,WEB 
T007427,C00136,2024-01-08, 89.00 ,3,Web
T006922,C00853,2024-01-10T05:01:00Z,$49.89,4,web
T003770,C00316,2024-06-27T18:09:00Z,$50.16,4,Web
T000777,C00442,12/07/2024,$166.95,3,Mobile
T000437,C00899,2024-12-10, 192.72 ,1,web
T001808, C00185 ,24/04/2024, 136.44 ,4,Web
T005021,C00172,2024-04-23T01:23:00Z,244.24,4,WEB 
T005898, C00169 ,2024-12-14T23:45:00Z, 84.23 ,2,in-store
T000099,C00740,2024-07-16,$117.08,1,in-store
T006774,C00111,2024-05-04T00:25:00Z,$96.39,1,In-Store
T002361,C00716,2024-10-03T09:41:00Z,227.49,1,in-store
T003779,C00547,2024-07-12T21:01:00Z, 104.11 ,1,WEB 
T002506,C00547,2024-01-27T00:50:00Z,85.94,3,In-Store
T007188, C00240 ,2024-07-12T14:03:00Z,114.74,3,in-store
T007585,C00640,2024-09-09T01:28:00Z, 191.35 ,1,WEB 
T007594,C00029,"August 13, 2024", 49.12 ,3,Mobile
T006997,C00388,2024-10-21T17:36:00Z,$194.52,5, mobile
T007176,C00367,"May 21, 2024", 198.98 ,,in-store
T003631,C00185,2024-09-26T11:45:00Z,34.29,3,web
T002560,C00431,2024-09-02T10:32:00Z,$159.11,5,WEB 
T002950, C00034 ,2024-05-06T07:10:00Z,175.99,2,web
T001102,C00356,2024-03-28T10:35:00Z,$15.29,5,Web
T004792,C00609,2024-07-10,163.83,1,In-Store
T006989, C00752 ,"March 5, 2024", 133.47 ,1,in-store
T002308,C00590,"January 10, 2024", 42.89 ,,In-Store
T007281, C00088 ,21/09/2024, 69.38 ,2,web
T001187,C00539,18/04/2024,142.06,4,Mobile
T005374, C00742 ,2024-01-15,146.27,NA,in-store
T003497,C00638,2024-04-24T00:54:00Z,$157.33,5,web
T001345,C00523,"May 7, 2024",$137.75,  ,Web
T000560,C00061,2024-12-24T12:02:00Z,$20.34,3, mobile
T003067,C00607,2024-06-11,$1.00,4,In-Store
T005209,C00254,2024-03-28,90.58,3, mobile
T007262, C00388 ,2024-01-16T12:06:00Z,42.66,1, mobile
T004250,C00179,"October 10, 2024",$177.71,5,In-Store
T003326, C00770 ,"August 18, 2024", 158.82 ,4,in-store
T000061,C00736,"June 23, 2024",$32.30,3,WEB 
T005334,C00024,24/06/2024, 131.55 ,3,web
T003957,C00739,03/03/2024,$165.71,4,web
T000150,C00708,"March 26, 2024",218.70,2,In-Store
T002460,C00407,2024-07-17,103.51,5,In-Store
T007363,C00474,"January 10, 2024",$125.52,5, mobile
T005752,C00375,"September 28, 2024",199.62,3,In-Store
T001409, C00161 ,2024-06-08,16.28,5,In-Store
T000573,C00120,2024-09-12, 213.01 ,2,web
T007280,C00311,2024-03-22,161.19,5, mobile
T002551, C00500 ,2024-09-15, 67.90 ,3,web
T006564,C00190,08/12/2024,$179.51,2, mobile
T007173,C00715,04/07/2024,1.00,2,In-Store
T003483,C00050,25/03/2024,$78.51,NA,web
T007654,C00055,"December 8, 2024", 135.37 ,1, mobile
T007804,C00178,2024-07-27T19:34:00Z,$140.11,2,in-store
T005726,C00008,26/04/2024, 179.15 ,4,In-Store
T000739,C00586,2024-12-18T10:26:00Z,142.75,4,WEB 
T001352, C00171 ,"December 14, 2024",$170.98,5, mobile
T004968,C00157,05/03/2024,174.59,5, mobile
T003294,C00418,15/03/2024,$139.58,5,Mobile
T007514,C00480,"July 19, 2024",28.56,4,web
T003723,C00493,2024-04-02,68.87,2,In-Store
T003369, C00625 ,2024-12-27, 109.13 ,5,Mobile
T002991,C00727,2024-05-14T10:45:00Z, 81.37 ,1,Mobile
T004386,C00165,2024-08-07T07:49:00Z,$55.36,3,In-Store
T000251,C00255,"June 26, 2024",27.90,4, mobile
T000255,C00380,2024-09-11T00:45:00Z,$198.13,2,web
T004930,C00320,2024-03-14, 106.48 ,4,in-store
T003092,C00698,2024-03-28T10:39:00Z,139.01,4,web
T004191,C00489,15/10/2024, 252.11 ,1,web
T003242,C00022,2024-01-01T18:20:00Z, 132.31 ,2,In-Store
T007768,C00040,2024-06-06, 93.67 ,5,in-store
T005588,C00798,2024-05-17T12:31:00Z, 151.61 ,5,In-Store
T006626,C00076,2024-11-09T13:37:00Z, 148.42 ,5,Mobile
T004153,C00624,02/03/2024, 174.95 ,1,In-Store
T005470,C00882,05/05/2024,$213.90,4,Mobile
T000551,C00574,2024-07-13,159.47,4,In-Store
T001403, C00563 ,2024-04-21,130.81,2,WEB 
T006671,C00112,2024-01-17, 97.65 ,5,Mobile
T004492,C00317,"January 28, 2024",57.94,4, mobile
T007208,C00110,2024-02-25T05:48:00Z,$110.16,3,In-Store
T006084,C00805,2024-12-03,$112.51,4,In-Store
T005918,C00163,28/09/2024,$183.87,1, mobile
T006858,C00827,"July 5, 2024",177.18,3,In-Store
T002674,C00514,"February 13, 2024", 140.14 ,, mobile
T007822,C00268,05/03/2024, 131.84 ,2,WEB 
T005453,C00461,2024-03-14T04:28:00Z, 1.00 ,5,Web
T003705,C00698,2024-08-22,135.08,5,web
T004655,C00345,2024-03-12T07:12:00Z,170.47,4,In-Store
T007902,C00316,2024-10-03T11:44:00Z,48.98,1,In-Store
T001991,C00686,2024-12-03T03:44:00Z,117.34,3,in-store
T005826, C00631 ,2024-02-22,$189.97,2,Mobile
T007562,C00279,2024-07-11, 222.55 ,2, mobile
T003535,C00129,"March 20, 2024", 86.88 ,5, mobile
T002332,C00808,08/01/2024, 244.45 ,5,WEB 
T007890,C00530,2024-03-15,$157.08,3,Web
T001325,C00062,"July 25, 2024", 196.11 ,2, mobile
T004853,C00141,2024-04-24, 156.84 ,3,WEB 
T007348,C00887,2024-11-06T20:47:00Z,147.50,, mobile
T003839,C00005,2024-06-12,94.30,4,Mobile
T000398,C00861,2024-09-20T00:32:00Z,$188.64,5,web
T003347,C00263,2024-09-15T07:47:00Z,$118.05,5,in-store
T000737,C00178,"October 28, 2024", 177.29 ,2,Mobile
T003547,C00578,09/08/2024,134.28,1,Web
T004573,C00156,2024-04-27T01:07:00Z,229.55,5, mobile
T000986,C00445,2024-03-16,$165.06,5,Mobile
T005698, C00518 ,2024-01-01,105.75,4,In-Store
T003439,C00072,04/11/2024,163.23,,in-store
T003387,C00433,2024-02-01, 243.47 ,1,in-store
T000688,C00379,"August 5, 2024",$129.93,5,WEB 
T001882, C00392 ,05/04/2024, 110.87 ,2, mobile
T001915,C00022,10/12/2024, 117.32 ,4,in-store
T002154,C00634,"August 28, 2024", 121.66 ,3,in-store
T002012,C00839,2024-10-27,$192.10,2,In-Store
T005995,C00167,2024-09-10T12:07:00Z,89.45,1, mobile
T003107,C00264,"December 7, 2024",$301.39,2, mobile
T004609,C00194,"June 8, 2024",85.57,4,Web
T006792,C00509,"December 6, 2024", 45.84 ,2, mobile
T000044,C00380,2024-11-11, 172.71 ,1,Mobile
T002454,C00600,19/06/2024,$115.93,5,WEB 
T006286,C00203,2024-12-09,$71.58,2,In-Store
T006893,C00156,"November 10, 2024",126.58,1, mobile
T001597, C00334 ,2024-04-11T03:50:00Z,$87.77,3, mobile
T005407,C00103,2024-08-26,185.74,5,Mobile
T005137,C00128,"August 17, 2024", 132.93 ,4, mobile
T001391,C00573,2024-09-26T05:36:00Z, 66.53 ,4,Web
T005621,C00819,2024-10-12T23:36:00Z, 136.00 ,3,in-store
T000443,C00293,2024-12-21,$171.47,1, mobile
T007950,C00847,26/07/2024,$82.43,5,Web
T003614,C00786,2024-11-26T12:39:00Z,$197.86,1,WEB 
T000837,C00201,2024-02-07T14:53:00Z,16.04,2,in-store
T001259,C00538,"March 10, 2024",$129.43,4,in-store
T004997,C00772,2024-12-07T23:53:00Z, 138.89 ,5,WEB 
T007689,C00720,"December 3, 2024",$266.54,3,Web
T000024,C00460,2024-01-22,$173.40,5, mobile
T006147,C00695,2024-02-24,$131.11,2,Web
T002482,C00171,"August 22, 2024", 70.36 ,4,In-Store
T002830,C00515,2024-08-14,88.65,2,web
T003006,C00766,2024-12-13T01:10:00Z,$60.24,1,in-store
T003667,C00894,16/05/2024, 164.96 ,2, mobile
T006172,C00161,"January 13, 2024", 154.67 ,4,in-store
T006749, C00006 ,"August 28, 2024",$194.88,4,Mobile
T005777,C00526,"July 3, 2024", 110.91 ,1,Mobile
T006811,C00273,2024-06-16,179.39,1,In-Store
T004825,C00669,"April 18, 2024", 194.55 ,  ,WEB 
T000839,C00239,2024-12-03,$109.26,5,Web
T003842,C00267,"February 23, 2024",$125.39,3,Mobile
T000994,C00381,2024-05-13T20:49:00Z,97.27,3, mobile
T005267,C00054,"February 7, 2024", 1.00 ,1, mobile
T000072,C00877,12/04/2024,$147.25,3,In-Store
T006439,C00323,2024-05-10T05:02:00Z, 163.52 ,2,Web
T003454, C00267 ,"January 14, 2024",53.45,2,In-Store
T000991,C00863,2024-07-05T22:06:00Z,$50.98,1, mobile
T002577,C00751,23/05/2024,$198.76,1,in-store
T006161, C00628 ,2024-10-26, 180.34 ,2,web
T005363,C00121,2024-02-05T17:25:00Z, 135.80 ,4,web
T000475,C00495,09/11/2024,73.80,3,Mobile
T000355,C00734,2024-01-02, 79.75 ,3,Mobile
T002438,C00820,09/12/2024, 22.88 ,4,web
T002143,C00776,19/08/2024,87.18,2,WEB 
T001307,C00129,2024-11-22,104.19,4,Mobile
T006179,C00675,02/10/2024,69.93,4,web
T005246,C00460,13/03/2024,74.55,2,Web
T004375,C00203,"April 24, 2024", 228.56 ,5,WEB 
T005660,C00812,2024-11-14T19:38:00Z,$207.57,1,WEB 
T004510,C00053,05/12/2024,$117.22,5, mobile
T007238, C00553 ,2024-12-23,85.25,3,WEB 
T004044,C00493,14/09/2024,$221.50,5,web
T005643,C00385,"December 6, 2024",118.48,5,web
T002229,C00893,25/02/2024,179.23,1,WEB 
T005733,C00304,12/11/2024,47.19,3,web
T001438, C00444 ,04/02/2024,110.01,4,in-store
T001781,C00394,"August 17, 2024",$18.13,4,Web
T007525,C00015,2024-10-27T01:39:00Z,$190.94,N/A,Web
T001117,C00624,2024-12-22, 125.37 ,1, mobile
T002881, C00384 ,2024-04-19,104.34,3, mobile
T001616,C00826,"August 4, 2024",51.60,5,web
T004231,C00258,"November 6, 2024", 70.49 ,4,in-store
T006661,C00614,2024-08-20T14:22:00Z,$46.76,1,web
T005881,C00202,2024-11-06, 40.17 ,4,In-Store
T001598,C00695,17/01/2024,118.95,1,web
T005250,C00555,2024-03-15,$153.63,5,Web
T004198,C00383,2024-04-06T01:33:00Z,$92.69,1, mobile
T005843,C00379,2024-08-02, 52.58 ,2,Mobile
T006515,C00777,"September 12, 2024",219.95,4,Mobile
T007762,C00201,2024-09-24T04:48:00Z,127.70,5,web
T005245,C00838,2024-09-09T16:37:00Z,141.87,4,WEB 
T006275,C00216,2024-01-27,115.48,3,In-Store
T005582,C00327,"July 18, 2024",114.79,3,in-store
T007676,C00758,24/04/2024,166.09,1,Web
T005016,C00152,26/03/2024, 24.52 ,4,In-Store
T007266,C00564,2024-06-08T09:19:00Z,68.82,4, mobile
T007668,C00236,15/05/2024,$75.02,1,Web
T006398, C00266 ,"September 8, 2024",142.36,1,in-store
T004403,C00383,2024-09-13T23:38:00Z,69.97,2,in-store
T006222,C00438,2024-08-12T22:43:00Z,56.46,5,in-store
T003542,C00129,2024-08-04,$108.15,4,In-Store
T005813,C00357,"September 26, 2024", 255.13 ,3,in-store
T006967, C00612 ,2024-01-13T10:10:00Z,$196.63,5,in-store
T001794,C00764,06/03/2024,116.13,5, mobile
T004396,C00426,2024-10-14T15:24:00Z,$66.85,2,Mobile
T004345,C00504,20/07/2024,204.91,5,Web
T001543,C00616,"February 11, 2024", 65.52 ,4,Web
T001360,C00477,2024-06-11,$115.09,2,Web
T007998,C00173,12/11/2024,$70.25,4, mobile
T005313,C00303,2024-07-22,182.75,1, mobile
T000152, C00705 ,"July 25, 2024",$60.51,4,Web
T000275,C00216,25/10/2024,$62.95,5,WEB 
T004848,C00169,09/09/2024,$243.60,5,Web
T002053,C00539,07/07/2024,$138.96,2,Web
T002011,C00896,2024-11-03,40.16,2,web
T003142,C00480,2024-06-27,$108.34,1,in-store
T004807,C00880,2024-07-04, 92.68 ,4,In-Store
T005297,C00448,2024-12-17T10:01:00Z,117.76,4,web
T007036, C00863 ,2024-01-25T16:39:00Z,57.60,2, mobile
T005148,C00825,"February 6, 2024",$1.42,4,WEB 
T005532, C00754 ,"November 25, 2024",$105.75,2,web
T003768,C00103,2024-06-22T10:26:00Z,113.96,1,In-Store
T003539,C00428,2024-01-07T00:06:00Z, 172.37 ,2,web
T006112,C00481,2024-10-21T23:25:00Z,160.38,1,web
T004018,C00648,2024-09-15T10:23:00Z,101.78,2,Mobile
T007100,C00336,"May 12, 2024",131.67,1,web
T002409,C00775,"January 2, 2024",$70.76,5, mobile
T003821,C00273,13/04/2024, 112.79 ,1,In-Store
T001509,C00142,"May 16, 2024",$148.74,1,web
T007784,C00861,2024-07-02,$237.32,2,Web
T005068,C00036,"July 24, 2024",$67.08,2,in-store
T006255, C00272 ,"July 6, 2024", 129.28 ,3,WEB 
T002915,C00666,04/11/2024,$193.03,3,Web
T007276,C00441,"December 6, 2024", 1.68 ,5,Mobile
T000736,C00697,"March 14, 2024",$75.39,1,Web
T001484,C00834,"December 7, 2024",46.87,3,WEB 
T003871,C00266,"March 22, 2024",$265.02,2, mobile
T003555,C00403,18/03/2024,$208.68,2,WEB 
T003763,C00342,2024-04-05T02:06:00Z,195.17,5,In-Store
T004898,C00420,2024-01-11T01:46:00Z, 178.42 ,4, mobile
T007388,C00287,2024-10-21,11.42,1,in-store
T007846,C00760,"November 1, 2024",184.58,2, mobile
T005637,C00654,2024-08-26T00:51:00Z,$111.47,3,WEB 
T001630,C00539,2024-07-22T00:52:00Z,$265.37,2,Web
T000171, C00746 ,2024-11-09T14:42:00Z,$110.57,,web
T002086,C00293,2024-02-22T16:04:00Z,107.48,2,WEB 
T002760,C00402,2024-03-03,$1.00,2,Web
T006846,C00605,2024-07-16,36.89,3,web
T000693,C00119,2024-07-28,126.90,1,In-Store
T007001,C00598,2024-11-10T20:23:00Z,240.59,2, mobile
T001026,C00392,2024-09-02T23:27:00Z,86.16,1,WEB 
T003072,C00633,20/05/2024,110.75,1,In-Store
T000393,C00830,2024-08-15,184.88,N/A,in-store
T000100,C00837,"October 22, 2024",$107.80,3,In-Store
T006444,C00668,2024-02-22, 185.23 ,1,In-Store
T003008,C00820,"October 27, 2024",289.30,1,Mobile
T004754,C00766,2024-09-08T22:01:00Z,$129.72,2,In-Store
T006295,C00287,2024-06-11,96.18,5,Mobile
T002048,C00676,14/04/2024, 138.97 ,2,web
T000441, C00504 ,2024-07-10,153.68,3, mobile
T005158,C00650,18/12/2024,151.05,,Mobile
T001675,C00772,2024-05-08T02:57:00Z,$92.96,2,in-store
T007815,C00664,2024-11-21T00:00:00Z,$120.55,3, mobile
T001592,C00397,2024-08-03T13:25:00Z, 91.18 ,3,In-Store
T004574,C00065,2024-09-11T20:40:00Z, 50.20 ,2,In-Store
T000767,C00575,2024-06-14T04:37:00Z,$158.34,2,web
T002962,C00203,2024-03-17, 240.97 ,1,in-store
T000746,C00381,2024-02-18T11:26:00Z,122.32,4,web
T007415,C00070,2024-05-28,116.61,3,Web
T001892,C00547,2024-05-07, 176.94 ,NA,in-store
T007924,C00676,12/09/2024,148.00,3, mobile
T006324,C00079,"May 26, 2024",91.73,2, mobile
T002474,C00830,2024-03-16T22:36:00Z, 218.09 ,5, mobile
T003558,C00622,2024-10-04,147.72,5, mobile
T002088,C00612,2024-12-06,227.94,3, mobile
T005502,C00285,"May 2, 2024", 61.16 ,1,WEB 
T005606,C00242,2024-07-11, 147.36 ,1,in-store
T006551,C00839,2024-01-23T19:01:00Z,$1.23,5,In-Store
T007454,C00188,2024-06-27,$132.00,3,web
T004104,C00414,"August 27, 2024", 31.64 ,NA,In-Store
T003073,C00143,2024-02-22T11:47:00Z,107.45,4,Web
T001201,C00571,2024-02-20T16:27:00Z, 12.04 ,2,Web
T000223,C00797,2024-02-13,47.93,null,Web
T002843,C00503,2024-08-22T10:25:00Z, 108.21 ,1,Web
T004144,C00868,2024-08-11T11:27:00Z,$1.00,4,Mobile
T001382,C00836,2024-09-02,72.87,2,WEB 
T003540,C00152,2024-06-09, 77.90 ,2,web
T007698,C00573,"May 24, 2024", 252.72 ,2,in-store
T001576,C00810,24/08/2024,$145.15,4,WEB 
T005503,C00588,"April 16, 2024",$181.19,5,In-Store
T007432,C00325,24/03/2024,104.15,1,in-store
T001585,C00652,2024-12-26, 83.78 ,2,Mobile
T007744,C00757,2024-03-04,66.90,2,web
T007677,C00338,2024-03-17,134.85,4,web
T004010,C00382,2024-12-26T02:37:00Z, 143.59 ,3,web
T007354,C00392,2024-03-22T21:11:00Z,113.35,4,Mobile
T006499,C00335,2024-06-09,97.98,5, mobile
T006038,C00530,2024-03-16,$70.29,4,in-store
T004798,C00179,2024-03-21,$125.47,3, mobile
T001979,C00514,02/10/2024, 146.32 ,N/A,in-store
T001802, C00381 ,"October 10, 2024",252.02,4,Web
T003441,C00882,2024-11-24, 51.83 ,3,In-Store
T002854,C00031,04/07/2024, 180.62 ,1,Mobile
T007261,C00052,"February 25, 2024",$60.88,3,web
T004987,C00446,"January 4, 2024",95.42,2,WEB 
T007529,C00063,2024-09-04,96.29,5,WEB 
T000465,C00418,04/08/2024,$16.14,4, mobile
T002519,C00794,2024-05-05, 82.78 ,3,In-Store
T003438,C00064,"July 22, 2024",169.89,3,Mobile
T006029,C00468,2024-03-20, 125.30 ,5,In-Store
T004714,C00209,2024-12-12,238.10,3, mobile
T005850,C00463,18/03/2024, 79.66 ,3,Web
T007727,C00256,2024-12-02,163.71,2,web
T002403,C00623,2024-09-19,258.85,1,WEB 
T001986,C00355,07/05/2024,$134.37,3,Mobile
T001688,C00714,08/12/2024,31.08,5,Web
T000473,C00698,2024-06-06T07:23:00Z,$81.20,1, mobile
T007541,C00315,"July 27, 2024", 172.39 ,3,Web
T004344,C00603,04/10/2024, 235.43 ,4, mobile
T005615,C00331,"June 8, 2024",$177.94,4,In-Store
T006138,C00420,09/11/2024,$49.80,1,web
T006146,C00585,21/01/2024,85.77,1,WEB 
T003451,C00737,2024-09-22T17:22:00Z,158.69,3,web
T000980,C00049,"February 24, 2024", 178.99 ,3,In-Store
T001780,C00889,12/06/2024,238.80,5,WEB 
T004568, C00475 ,"October 8, 2024",70.05,2,Mobile
T006471,C00301,2024-03-19,17.54,1,In-Store
T006178,C00030,2024-10-09T06:12:00Z,52.22,1,Mobile
T005090,C00899,"October 27, 2024",$70.11,5,In-Store
T003517,C00654,"March 3, 2024",$180.93,2,WEB 
T002720,C00204,2024-01-12T06:09:00Z,16.59,2,in-store
T002258,C00844,20/05/2024, 59.12 ,4,Web
T004200,C00119,23/12/2024, 81.58 ,2,in-store
T000791,C00243,"November 9, 2024", 160.43 ,4,web
T006103,C00102,2024-02-11, 68.41 ,4,Mobile
T005827, C00741 ,27/02/2024,$54.32,2,Web
T004420,C00288,2024-06-20T19:36:00Z, 139.93 ,4, mobile
T005519,C00856,2024-11-15T18:50:00Z,66.04,3,Web
T000208,C00090,14/02/2024,124.93,3,Mobile
T002822,C00719,2024-10-14, 152.89 ,3,web
T001561,C00879,25/08/2024, 156.68 ,1, mobile
T002813,C00039,2024-01-01,$1.00,3,WEB 
T007565,C00776,2024-07-14, 143.75 ,3,web
T003930,C00436,2024-01-12,$1.00,2,Web
T000562,C00656,"June 21, 2024", 148.96 ,5,Web
T007098, C00568 ,25/07/2024,73.88,5,in-store
T005891,C00789,09/03/2024,236.96,3,Web
T000448,C00401,11/02/2024,$224.92,5,web
T005527, C00768 ,2024-12-16,$217.36,2,WEB 
T003416,C00354,"February 14, 2024", 200.60 ,3,Web
T000363,C00116,"January 22, 2024",46.51,4,Web
T001250,C00630,"August 16, 2024",$137.76,5,web
T000045,C00609,06/03/2024,101.82,5,WEB 
T001893, C00705 ,03/05/2024, 157.49 ,1,in-store
T006985,C00423,"October 25, 2024", 1.00 ,3,In-Store
T003888,C00450,"August 7, 2024",$1.00,1, mobile
T004424,C00698,2024-09-11, 142.21 ,3,web
T005320,C00283,"November 10, 2024",73.11,5, mobile
T000550,C00622,"April 19, 2024", 187.39 ,1,In-Store
T006687,C00627,"May 25, 2024",$105.87,5,In-Store
T007470,C00326,"February 13, 2024",254.89,5, mobile
T003669,C00432,2024-08-07,$88.56,5,in-store
T007636,C00725,2024-11-04T10:11:00Z,$113.63,2,web
T002790,C00114,"May 20, 2024",1.00,2,web
T000641,C00398,2024-11-02,90.75,4,WEB 
T007780,C00434,2024-06-16,106.55,5, mobile
T006584,C00046,"March 23, 2024",$169.50,2,WEB 
T004216,C00017,13/02/2024,$159.47,1, mobile
T005082,C00650,04/09/2024,93.11,5,in-store
T004056,C00058,2024-02-16,$160.25,5,Web
T006060, C00557 ,"March 25, 2024",$97.37,3,web
T003490,C00642,"March 26, 2024",44.75,3,Mobile
T002034,C00201,04/07/2024,231.37,4,Mobile
T007014, C00698 ,2024-04-25T08:44:00Z,$143.36,3,In-Store
T006791,C00096,2024-11-12T12:55:00Z, 35.69 ,3,Mobile
T001018,C00800,2024-04-28T23:37:00Z,103.19,3,web
T006116,C00874,2024-07-17T23:05:00Z,13.75,3, mobile
T007955,C00002,2024-06-01T07:26:00Z,99.95,,WEB 
T001556,C00153,2024-09-28T09:35:00Z,126.80,5,web
T000939,C00170,07/11/2024, 84.91 ,1,WEB 
T006129, C00447 ,05/08/2024,121.11,3,Mobile
T003790,C00807,04/11/2024,116.71,3,in-store
T004876,C00886,03/09/2024,36.31,4,Mobile
T004905,C00854,2024-04-23T07:12:00Z,78.25,5,web
T000537,C00889,"July 15, 2024",$105.60,4,Mobile
T003150,C00488,08/11/2024,134.00,5, mobile
T002523,C00747,2024-03-14,57.06,2,In-Store
T006767,C00796,2024-03-25T02:44:00Z,1.00,1, mobile
T007074,C00024,2024-08-01,$151.07,4,in-store
T005614,C00221,20/07/2024, 190.74 ,5,in-store
T007764,C00408,2024-06-23,105.81,3,In-Store
T000386,C00060,2024-03-02,$148.82,5,WEB 
T005678,C00775,2024-09-21,$101.91,5,in-store
T005335,C00503,2024-10-23, 179.55 ,3,Web
T003155,C00084,2024-02-01T14:26:00Z,127.88,2,in-store
T002984,C00275,"April 21, 2024", 134.70 ,3,Web
T005764, C00667 ,2024-03-28T21:40:00Z,$30.68,5,WEB 
T000659,C00862,2024-10-18,$26.35,5,in-store
T004856, C00175 ,2024-12-27,$173.04,N/A,WEB 
T002429,C00090,2024-12-12,$77.73,1,web
T004729,C00474,2024-04-27,$153.41,5,in-store
T006818,C00793,"April 6, 2024",$47.84,5,Web
T005861,C00517,"May 10, 2024",176.89,3,Mobile
T001954,C00437,"July 15, 2024", 147.62 ,3,in-store
T006790,C00610,2024-03-09T11:49:00Z, 112.79 ,3, mobile
T003038,C00212,01/06/2024,162.08,3,in-store
T001851,C00699,04/05/2024,195.35,4,WEB 
T003603,C00639,23/12/2024,$125.40,2,WEB 
T005816,C00456,2024-01-19, 99.38 ,NA,web
T002768,C00612,2024-03-08, 185.84 ,5, mobile
T001268,C00646,"March 21, 2024",$95.80,5,WEB 
T001318,C00799,19/05/2024,186.25,2,WEB 
T002889,C00879,04/07/2024,$146.08,5,WEB 
T002181,C00789,01/09/2024, 123.23 ,5,Web
T006009,C00703,2024-03-06, 195.61 ,2,web
T005863,C00888,2024-03-25T04:38:00Z,$143.91,3,In-Store
T001365,C00521,2024-04-15,$81.09,4,In-Store
T002212,C00830,2024-07-23T22:53:00Z, 70.69 ,5,Web
T005361, C00777 ,2024-12-26T23:46:00Z, 153.43 ,5,web
T004828,C00388,2024-08-17,$70.51,2,WEB 
T003621,C00211,2024-06-18T15:48:00Z,78.09,3,web
T004097, C00467 ,02/11/2024,215.04,3,in-store
T001497,C00259,2024-03-09T01:29:00Z,$53.74,5, mobile
T004530,C00382,09/09/2024,315.16,3,in-store
T000227,C00294,"June 12, 2024",$192.28,1,Web
T005669,C00328,2024-08-15T01:20:00Z,$3.24,4,in-store
T003284,C00363,2024-12-22,$62.35,5,web
T006734,C00341,"April 20, 2024", 149.39 ,5,web
T005731, C00333 ,22/08/2024,$156.96,5,in-store
T006224,C00491,"December 16, 2024",$84.30,4, mobile
T004561,C00365,24/08/2024,$139.20,  ,In-Store
T005687,C00432,27/11/2024, 78.25 ,1,WEB 
T005163,C00488,2024-11-05T09:31:00Z,$123.72,1,Mobile
T007078,C00895,"December 24, 2024",$281.19,5,Mobile
T001362,C00167,24/07/2024,193.61,3,in-store
T006984,C00504,2024-08-20T23:51:00Z,$161.43,3,Mobile
T003988,C00029,"September 4, 2024",$46.39,4,In-Store
T005071,C00563,08/01/2024,116.75,4,WEB 
T003808,C00177,25/11/2024,246.71,5,Mobile
T007940,C00479,"June 25, 2024",46.01,5,In-Store
T003743,C00572,21/01/2024, 126.00 ,3,web
T000470,C00346,"June 17, 2024",$84.12,4,in-store
T003059,C00700,2024-08-13T06:40:00Z,145.05,2,in-store
T001389,C00373,28/04/2024,$35.46,null,in-store
T007487,C00867,04/09/2024,$151.25,3, mobile
T005730,C00202,04/08/2024,48.86,2,web
T006402,C00013,2024-02-11T02:12:00Z, 44.13 ,  ,In-Store
T002384,C00415,"May 15, 2024", 29.70 ,1,Web
T003966,C00686,08/12/2024, 92.49 ,2,in-store
T006384,C00314,"June 7, 2024",$38.56,2,Mobile
T006955,C00083,2024-11-17, 76.13 ,2,In-Store
T003884,C00403,"June 19, 2024",139.92,4,web
T000409,C00585,"January 2, 2024",222.38,5,Mobile
T000759,C00475,2024-05-18,202.56,4,Web
T004594,C00528,"August 27, 2024", 159.71 ,5,in-store
T005215,C00217,21/02/2024,$221.63,1,Mobile
T000264,C00370,11/02/2024,183.08,3,In-Store
T002301, C00045 ,07/05/2024,$168.80,2,Web
T002079,C00168,"August 24, 2024", 150.70 ,3,WEB 
T006528, C00214 ,02/11/2024, 133.46 ,1,web
T001563,C00550,04/09/2024,$29.54,3,Web
T002731,C00654,21/12/2024,142.56,1,Mobile
T005613,C00255,14/10/2024,81.56,4,Web
T003713,C00202,2024-01-26T05:30:00Z,$84.35,1, mobile
T006447,C00174,02/11/2024,148.58,3,In-Store
T002291,C00811,2024-12-28,$42.55,5,Mobile
T003158,C00813,2024-04-05T08:20:00Z,$60.78,4,In-Store
T007186,C00159,2024-10-26,$143.64,1,Web
T004478, C00482 ,2024-05-01T19:35:00Z,151.18,3, mobile
T006954,C00402,11/06/2024,$83.75,2, mobile
T002953,C00685,2024-05-07,156.49,  ,In-Store
T005676, C00340 ,2024-03-22, 135.71 ,5,web
T004002, C00846 ,17/12/2024,142.77,1,WEB 
T002149,C00333,2024-06-02T14:01:00Z, 108.18 ,1, mobile
T002797,C00243,2024-01-05T21:21:00Z, 104.53 ,1,Mobile
T002292,C00530,2024-12-14, 139.92 ,5,web
T006670,C00631,11/01/2024,$272.71,2,web
T002484, C00065 ,2024-01-03T14:07:00Z, 110.31 ,5,In-Store
T005377,C00252,14/08/2024, 62.53 ,2,web
T007974,C00190,"January 24, 2024",118.13,1, mobile
T005438,C00088,2024-11-14,97.65,2,Mobile
T005198,C00196,06/05/2024, 42.26 ,2, mobile
T004265,C00209,2024-03-05T14:24:00Z,$90.09,N/A,In-Store
T002546,C00766,02/02/2024,127.24,4,WEB 
T007274,C00560,12/01/2024, 90.41 ,3,Web
T002649,C00875,2024-11-04,112.19,N/A, mobile
T002742,C00716,2024-08-15T23:49:00Z,$103.47,4,in-store
T005454,C00259,20/03/2024, 153.09 ,  ,web
T004394,C00206,"October 26, 2024",$13.90,4,In-Store
T005522,C00190,25/05/2024,110.60,3,Mobile
T004407,C00480,2024-07-16,132.05,2,WEB 
T004597,C00635,"June 17, 2024",$68.57,5,WEB 
T000617,C00210,"August 27, 2024", 119.22 ,4,Mobile
T004486,C00832,2024-12-19T12:20:00Z, 68.23 ,3,web
T002844,C00282,2024-05-08,96.32,2,web
T002859,C00834,2024-04-04T21:46:00Z, 109.83 ,4, mobile
T000829,C00402,03/06/2024,177.59,3,Web
T002173,C00729,19/07/2024,$81.47,1, mobile
T001849,C00838,2024-06-08,69.71,2,Mobile
T000719,C00550,"March 23, 2024",58.98,2,Mobile
T004661,C00404,"June 24, 2024",93.06,1,in-store
T000032,C00224,2024-03-16T11:41:00Z, 73.05 ,5, mobile
T003119,C00883,"July 17, 2024",32.62,,in-store
T000836,C00154,2024-01-17, 131.46 ,4,In-Store
T003273,C00761,2024-12-15,40.76,2,Mobile
